0x401017,0x401340,
0x40101d,0x501780,
0x401023,0x501818,
0x401029,0x501810,
0x401033,0x501814,
0x40103e,0x501788,
0x401044,0x501784,
0x401052,0x4c20a8,
0x401058,0x4bc278,
0x401064,0x4c20a8,
0x40106a,0x4bc274,
0x401071,0x4c209c,
0x401077,0x4bc270,
0x40107f,0x4c2098,
0x401084,0x4c2088,
0x40108a,0x4bc23c,
0x40109c,0x4c2044,
0x4010aa,0x501778,
0x4010b0,0x50177c,
0x4010c4,0x50177c,
0x4010ca,0x4bc268,
0x4010cf,0x50177c,
0x4010db,0x501778,
0x4010e7,0x4bc234,
0x4010ec,0x501790,
0x401100,0x4c2038,
0x401117,0x4c20a8,
0x401137,0x4bc268,
0x401144,0x4c20a8,
0x401149,0x4c2028,
0x40119f,0x4bc238,
0x4011af,0x4c2020,
0x4011cc,0x501778,
0x4011eb,0x4bc264,
0x4011f1,0x50177c,
0x4011fd,0x501790,
0x40122a,0x501814,
0x401235,0x501810,
0x401253,0x501818,
0x401258,0x501780,
0x401262,0x4c209c,
0x401268,0x4bc270,
0x401275,0x501818,
0x401283,0x501788,
0x4012aa,0x4bc408,
0x4012b5,0x501784,
0x4012ca,0x501784,
0x4012d1,0x501788,
0x4012ea,0x501784,
0x4012fb,0x501788,
0x401311,0x501818,
0x401321,0x501818,
0x401341,0x501780,
0x401371,0x501778,
0x401377,0x501778,
0x401383,0x50177c,
0x40138c,0x501790,
0x4013b1,0x50177c,
0x4013b6,0x501810,
0x4013bc,0x501778,
0x4013c5,0x501810,
0x4013d1,0x501810,
0x4013dd,0x501814,
0x4013e7,0x501814,
0x4013f7,0x501814,
0x401413,0x4bc418,
0x40141c,0x501820,
0x401426,0x501824,
0x401431,0x503040,
0x401439,0x4bc41c,
0x401441,0x4bc424,
0x401455,0x4bc428,
0x401469,0x4bc420,
0x401471,0x4bc420,
0x401479,0x4bc42c,
0x401493,0x503040,
0x401499,0x503038,
0x40149f,0x503050,
0x4014a7,0x503058,
0x4014b2,0x503034,
0x4014ca,0x4bc430,
0x4014dc,0x503040,
0x4014e3,0x503040,
0x4014e9,0x503034,
0x401512,0x504850,
0x401528,0x5049d0,
0x401532,0x503034,
0x401537,0x504838,
0x401547,0x4c20d0,
0x40154e,0x4c20d4,
0x40156a,0x504838,
0x40159c,0x4bc290,
0x4015c2,0x4bc28c,
0x4015ca,0x504840,
0x4015f4,0x5049c0,
0x401601,0x4bc288,
0x401615,0x4bc284,
0x401620,0x4bc280,
0x401641,0x4bc290,
0x401667,0x4bc28c,
0x401686,0x504850,
0x4016a1,0x5049d0,
0x4016a9,0x504838,
0x4016c2,0x504840,
0x4016c8,0x4c20b0,
0x4016eb,0x654b8f,
0x4016f7,0x5049c0,
0x401706,0x504838,
0x401722,0x654b8f,
0x401760,0x5dd5a0,
0x401771,0x5dd5e0,
0x401790,0x4faed8,
0x4017d7,0x4bc440,
0x4017eb,0x4bc420,
0x4017fd,0x4faed8,
0x401862,0x503034,
0x40187a,0x503038,
0x401882,0x501828,
0x40188e,0x503034,
0x4018a0,0x654b8f,
0x4018db,0x5049c0,
0x4018e1,0x5dd5dc,
0x4018ea,0x5049c0,
0x4018fe,0x504850,
0x401918,0x5dd5a0,
0x401936,0x5dd5a0,
0x401972,0x5049c8,
0x401977,0x503034,
0x401982,0x5049c8,
0x401987,0x5049c4,
0x40198c,0x5049cc,
0x401995,0x5049c4,
0x4019ac,0x501990,
0x4019b5,0x5049c8,
0x4019c7,0x501828,
0x4019d6,0x5019a8,
0x4019e5,0x501828,
0x4019ed,0x5049c8,
0x401a08,0x501828,
0x401a10,0x5049c8,
0x401a1b,0x5049c8,
0x401a28,0x501828,
0x401a34,0x5049c8,
0x401a3a,0x5049c4,
0x401a42,0x5049c4,
0x401a52,0x5049c8,
0x401a59,0x501828,
0x401a60,0x5049c4,
0x401a6a,0x501828,
0x401a7c,0x501828,
0x401a88,0x5049c8,
0x401a9a,0x501828,
0x401aa1,0x5049c8,
0x401aa7,0x5049c4,
0x401aae,0x5049c8,
0x401ab4,0x5049c4,
0x401ac6,0x501828,
0x401acd,0x5049c4,
0x401ad7,0x501828,
0x401aeb,0x5049cc,
0x401af3,0x5049cc,
0x401afd,0x5049cc,
0x401b03,0x4fa8e8,
0x401b0d,0x4fa8ec,
0x401b16,0x4fa8f0,
0x401b1f,0x4fa90c,
0x401b2e,0x4fa910,
0x401b34,0x4bc444,
0x401b3d,0x4fa914,
0x401b46,0x4fa900,
0x401b53,0x4fa904,
0x401b5c,0x4fa908,
0x401b65,0x4fa8f4,
0x401b72,0x4fa8f8,
0x401b7b,0x4fa8fc,
0x401b85,0x4bc444,
0x401b92,0x4bc448,
0x401b9c,0x4bc448,
0x401bfb,0x4bc44c,
0x401c0a,0x4bc454,
0x401c38,0x5dd380,
0x401c46,0x5dd384,
0x401c52,0x5dd388,
0x401c58,0x5dd38c,
0x401c62,0x5dd390,
0x401c6c,0x5dd3a0,
0x401c72,0x5dd394,
0x401c7b,0x5dd398,
0x401c81,0x5dd39c,
0x401cc6,0x4bc460,
0x401ccb,0x4ba0d0,
0x401ce8,0x4c2724,
0x401cf6,0x401f90,
0x401d04,0x4c2120,
0x401d11,0x654b86,
0x401d1c,0x5dcef4,
0x401d48,0x4bc44c,
0x401d5e,0x4bc454,
0x401d83,0x5dd380,
0x401d89,0x5dd384,
0x401d98,0x5dd388,
0x401d9e,0x5dd38c,
0x401da8,0x5dd390,
0x401db2,0x5dd394,
0x401dbf,0x5dd398,
0x401dc5,0x5dd39c,
0x401dcf,0x5dd3a0,
0x401dea,0x4c2118,
0x401e00,0x4c2110,
0x401e16,0x4c2108,
0x401e59,0x5dcec0,
0x401e5f,0x5dd2bc,
0x401e7e,0x4c2100,
0x401e96,0x4c20f8,
0x401ea7,0x654b88,
0x401eb9,0x4c20f0,
0x401ed2,0x4c20e8,
0x401ee3,0x654b8e,
0x401ef0,0x654b88,
0x401f02,0x4c20e0,
0x401f62,0x4c20d8,
0x401f6f,0x5dcec0,
0x401f75,0x5dd2c0,
0x401f91,0x654b8d,
0x401fa6,0x4bc470,
0x401fab,0x4ba0d0,
0x401fc8,0x4c2724,
0x401fd6,0x401f90,
0x401fe4,0x4c2120,
0x402010,0x4bc44c,
0x402026,0x4bc454,
0x40204b,0x5dd380,
0x402051,0x5dd384,
0x402060,0x5dd388,
0x402066,0x5dd38c,
0x402070,0x5dd390,
0x40207a,0x5dd394,
0x402087,0x5dd398,
0x40208d,0x5dd39c,
0x402097,0x5dd3a0,
0x4020ad,0x4c2118,
0x4020c8,0x4c2110,
0x40213a,0x4c2100,
0x40214c,0x504be8,
0x402156,0x5dd2a8,
0x40215e,0x5dcec0,
0x402176,0x4c20f8,
0x402187,0x654b88,
0x402199,0x4c20f0,
0x4021aa,0x654b8e,
0x4021b7,0x654b88,
0x4021c9,0x4c20e0,
0x4021e1,0x4c2128,
0x402212,0x504be8,
0x40221c,0x5dd2a8,
0x402224,0x5dcec0,
0x40223a,0x5dcec0,
0x402240,0x5dd2bc,
0x402251,0x5dcec0,
0x402257,0x5dd2c0,
0x40225f,0x504be8,
0x40226e,0x608bb4,
0x402273,0x4c20d8,
0x402291,0x504c04,
0x40229b,0x4bc298,
0x4022a4,0x504c00,
0x4022a9,0x4c2224,
0x4022b1,0x504c04,
0x4022c4,0x504c00,
0x4022ca,0x4c2220,
0x4022fe,0x5dd2f8,
0x402304,0x4bc0a0,
0x40230f,0x4b4c10,
0x402317,0x4b4b80,
0x40231f,0x4b2b30,
0x402324,0x4c228c,
0x40232d,0x4b6850,
0x402335,0x4b73a0,
0x40233d,0x4b58a0,
0x402345,0x4b7190,
0x40234d,0x4b72b0,
0x402355,0x4b0bd0,
0x40235d,0x4b0b00,
0x402365,0x421400,
0x40236d,0x423520,
0x402375,0x423540,
0x40237d,0x4235a0,
0x402385,0x421d50,
0x40238d,0x421e90,
0x402395,0x421f50,
0x40239d,0x470f90,
0x4023a5,0x499ba0,
0x4023ad,0x433de0,
0x4023b5,0x423330,
0x4023bd,0x4233d0,
0x4023c5,0x4b4a80,
0x4023cd,0x499920,
0x4023d5,0x499410,
0x4023e0,0x4b3570,
0x4023eb,0x4b35a0,
0x402406,0x5dd2f8,
0x40240b,0x4c227c,
0x402415,0x504bec,
0x40242a,0x5dd360,
0x402430,0x4c2164,
0x402437,0x5dcec0,
0x40243d,0x4c2164,
0x40244b,0x5dd360,
0x402455,0x5dd2cc,
0x402461,0x4c2258,
0x402474,0x4f9f20,
0x402479,0x4f9e08,
0x402485,0x5dce80,
0x4024a3,0x5dcea4,
0x4024a9,0x643920,
0x4024ae,0x4c2160,
0x4024bd,0x5dd2f8,
0x4024df,0x5dcea0,
0x4024ff,0x4c2020,
0x402505,0x4c2250,
0x40250a,0x5dd370,
0x402510,0x4bc234,
0x40251e,0x504a08,
0x402524,0x4bc28c,
0x40253a,0x504a30,
0x402540,0x504a04,
0x402553,0x5dcea9,
0x402567,0x5dd370,
0x402584,0x5dcea9,
0x402598,0x5dd370,
0x4025ae,0x5dcec0,
0x4025b3,0x5dd360,
0x4025b9,0x5dd2cc,
0x4025c5,0x4c2228,
0x402611,0x4c2164,
0x402625,0x4c2164,
0x402701,0x4bc26c,
0x40273c,0x4c2348,
0x402744,0x4c234c,
0x40274e,0x4c2340,
0x402758,0x4c2344,
0x402770,0x504bfc,
0x40278a,0x504c08,
0x402798,0x5a7c90,
0x40279f,0x504c00,
0x4027a5,0x504c00,
0x4027ad,0x52b914,
0x4027b3,0x608e58,
0x4027ba,0x608e5c,
0x4027c1,0x609560,
0x4027c8,0x4c2314,
0x4027cf,0x4bc298,
0x40285b,0x609560,
0x402870,0x504c00,
0x402885,0x4c2300,
0x4028bb,0x608e58,
0x4028ca,0x504c00,
0x4028df,0x4c22e4,
0x4028e5,0x5a7c90,
0x4028ec,0x4bc298,
0x402930,0x608e5c,
0x40293f,0x504c00,
0x402952,0x5a7c90,
0x402957,0x4c22cc,
0x40295e,0x4bc298,
0x402986,0x4c22c4,
0x40298d,0x4bc29c,
0x4029e1,0x52b914,
0x4029ec,0x504c00,
0x4029fa,0x5a7c90,
0x4029ff,0x4c22ac,
0x402a06,0x4bc298,
0x402a9d,0x504c00,
0x402aaa,0x5a7c90,
0x402aaf,0x4c229c,
0x402ab6,0x4bc298,
0x402ac2,0x654b88,
0x402acb,0x4c2908,
0x402adb,0x4c2908,
0x402af6,0x504bfc,
0x402b06,0x4c2298,
0x402b11,0x4bc23c,
0x402b19,0x504c00,
0x402b3d,0x4c269c,
0x402b50,0x4bc2a8,
0x402b5b,0x4bc2a8,
0x402b60,0x4c2214,
0x402b6e,0x4bc2a8,
0x402b76,0x4c2130,
0x402b7d,0x4c2204,
0x402b88,0x4c2134,
0x402b8d,0x4bc2a8,
0x402b97,0x4c21f4,
0x402ba3,0x4bc2a8,
0x402bab,0x4c2138,
0x402bb2,0x4c21e4,
0x402bbe,0x4bc2a8,
0x402bc6,0x4c213c,
0x402bcd,0x4c21d4,
0x402bd8,0x4c2140,
0x402bdd,0x4bc2a8,
0x402be7,0x4c21c4,
0x402bf3,0x4bc2a8,
0x402bfb,0x4c2144,
0x402c02,0x4c21b0,
0x402c0e,0x4bc2a8,
0x402c16,0x4c2148,
0x402c1d,0x4c21a0,
0x402c28,0x4c214c,
0x402c2d,0x4bc2a8,
0x402c37,0x4c2194,
0x402c43,0x4bc2a8,
0x402c4b,0x4c2150,
0x402c52,0x4c2188,
0x402c61,0x4bc2a8,
0x402c66,0x4c2154,
0x402c6b,0x4c2178,
0x402c78,0x4c2158,
0x402c7d,0x4bc2a8,
0x402c87,0x4c2168,
0x402c95,0x4c215c,
0x402c9b,0x5dd330,
0x402ca1,0x4c2680,
0x402ca7,0x4bc33c,
0x402cb6,0x4bc340,
0x402d1b,0x4bc28c,
0x402d21,0x504c28,
0x402d27,0x4c2674,
0x402d2c,0x4c2678,
0x402d35,0x5049f0,
0x402d3b,0x4c267c,
0x402d40,0x5049f0,
0x402d47,0x5dd370,
0x402d4c,0x5dd374,
0x402d52,0x5dd378,
0x402d63,0x4c2640,
0x402d70,0x5049f0,
0x402d84,0x504c10,
0x402d8c,0x504c10,
0x402d93,0x4bc224,
0x402d9d,0x4bc258,
0x402daf,0x4c2630,
0x402db5,0x4bc0b0,
0x402dbc,0x5dd2f8,
0x402dd6,0x504be8,
0x402ddf,0x5dd340,
0x402de4,0x4c2628,
0x402df1,0x5dd340,
0x402e27,0x404830,
0x402e4d,0x4bc344,
0x402e5c,0x4bc068,
0x402e7a,0x4c2680,
0x402e80,0x4bc348,
0x402e87,0x4c2608,
0x402e99,0x4c2680,
0x402eb3,0x5dcec0,
0x402ebd,0x5dcfa4,
0x402ec6,0x4c2258,
0x402ee3,0x5dcec0,
0x402ee9,0x5dd360,
0x402eef,0x5dd2cc,
0x402efb,0x4c2258,
0x402f08,0x4c25f4,
0x402f1b,0x5dcfa8,
0x402f20,0x4c25f4,
0x402f62,0x5dcfa8,
0x402f67,0x5dcec0,
0x402f6f,0x5dd2c8,
0x402fad,0x5dd320,
0x402fb4,0x4c25c0,
0x402fbe,0x5dd320,
0x402fd5,0x5dd2ec,
0x402fe4,0x5dd324,
0x402feb,0x4c25c0,
0x403002,0x5dcec0,
0x40300c,0x5dcf7c,
0x40301b,0x5dcf7c,
0x403032,0x5dcf7c,
0x403037,0x4c25b0,
0x403043,0x4bc350,
0x403049,0x4bc34c,
0x40304f,0x4bc358,
0x403069,0x504c1c,
0x403076,0x4fe534,
0x403090,0x5dcf98,
0x4030b9,0x5dcf98,
0x4030c3,0x504bf4,
0x4030e2,0x5dcf7c,
0x4030e7,0x4c25a4,
0x403107,0x504c1c,
0x403114,0x4fe534,
0x40312e,0x5dcf98,
0x403157,0x5dcf98,
0x403160,0x504bf4,
0x40318d,0x4c2164,
0x403199,0x504c10,
0x4031a1,0x504c14,
0x4031b9,0x504c18,
0x4031d0,0x4c2598,
0x4031db,0x5dcf7c,
0x403218,0x504c08,
0x403226,0x504c20,
0x40322c,0x504c24,
0x40325c,0x504c0c,
0x40326e,0x654b80,
0x403277,0x4c2588,
0x403284,0x4c257c,
0x40328c,0x4c256c,
0x4032a4,0x504c0c,
0x4032f4,0x5dcec0,
0x403306,0x4c2558,
0x403319,0x5dcfa8,
0x40331e,0x4c2558,
0x403360,0x5dcfa8,
0x403365,0x5dcec0,
0x40336d,0x5dd2c8,
0x40341a,0x5049f0,
0x40343f,0x504bc8,
0x403466,0x5049d0,
0x403486,0x4bc260,
0x40348d,0x4c2554,
0x403492,0x5049f0,
0x4034a2,0x4c2550,
0x4034a7,0x5049f0,
0x4034b7,0x4c254c,
0x4034bc,0x5049f0,
0x4034c7,0x5dd2f4,
0x4034d1,0x5dd2f4,
0x4034e3,0x4c2598,
0x4034f0,0x5049f0,
0x40350c,0x4093e0,
0x40353b,0x504a28,
0x403594,0x5049f0,
0x4035ac,0x5dd32c,
0x4035ba,0x5dd328,
0x4035d4,0x4bc484,
0x4035e1,0x5dd328,
0x4035fb,0x5dcec0,
0x403608,0x5dcec0,
0x403634,0x5dd370,
0x40363e,0x4bc238,
0x403656,0x4bc28c,
0x4036c2,0x4c2730,
0x4036cf,0x4c276c,
0x4036d8,0x5dcec0,
0x4036de,0x5dd2bc,
0x4036f0,0x5dcec0,
0x4036f6,0x5dd2c0,
0x4036fe,0x5dcec0,
0x403704,0x5dd2e0,
0x403712,0x5dcf7c,
0x403717,0x5dd300,
0x40373b,0x4bc358,
0x403741,0x4bc350,
0x403747,0x4bc34c,
0x40374d,0x504c1c,
0x40375a,0x4fe534,
0x403774,0x5dcf98,
0x4037a9,0x5dcf98,
0x4037b2,0x504bf4,
0x4037fb,0x4bc2a8,
0x403800,0x4c24ac,
0x403822,0x5dcfa0,
0x403829,0x5dcec0,
0x403833,0x5dcf7c,
0x403841,0x4bc354,
0x403848,0x4c2680,
0x403850,0x4bc35c,
0x403858,0x4bc230,
0x40386a,0x4c2720,
0x403886,0x4c2730,
0x403895,0x4c276c,
0x40389e,0x5dcec0,
0x4038a4,0x5dd2bc,
0x4038b6,0x5dcec0,
0x4038bc,0x5dd2c0,
0x4038c4,0x5dcec0,
0x4038ca,0x5dd2e0,
0x4038d3,0x504c20,
0x4038e6,0x654b80,
0x4038f1,0x5dcec0,
0x4038f6,0x5dd360,
0x4038fc,0x5dd2cc,
0x403908,0x4c2258,
0x403938,0x608460,
0x40393d,0x5dd328,
0x403949,0x4bc484,
0x40395b,0x504be8,
0x403967,0x5049f0,
0x40397b,0x4c2164,
0x4039a0,0x5dcf98,
0x4039a7,0x4c2480,
0x4039d2,0x5dcf7c,
0x4039e6,0x504c1c,
0x4039ee,0x4fe534,
0x403a0e,0x4fe534,
0x403a3f,0x504a28,
0x403a45,0x4bc48c,
0x403a5c,0x504a28,
0x403a76,0x4bc47c,
0x403b14,0x4bc2a8,
0x403b19,0x4c244c,
0x403b33,0x4bc234,
0x403b53,0x4c2414,
0x403b98,0x4bc2a8,
0x403b9f,0x4c2130,
0x403ba5,0x4c23e0,
0x403bbf,0x4bc234,
0x403be5,0x53679c,
0x403bfd,0x4c2130,
0x403c06,0x4c23a4,
0x403c0c,0x4bc2a8,
0x403c26,0x4bc234,
0x403c67,0x4bc47c,
0x403c87,0x4bc2a8,
0x403c91,0x4c2388,
0x403ca9,0x4bc234,
0x403d40,0x53679c,
0x403d5b,0x4bc47c,
0x403d71,0x4bc490,
0x403d7e,0x4c2164,
0x403d8c,0x504be8,
0x403db5,0x608bc0,
0x403ddb,0x5dcec0,
0x403e18,0x4c2720,
0x403e36,0x4fe534,
0x403e43,0x4bc0ac,
0x403e50,0x4bc0a8,
0x403e58,0x4c2380,
0x403e65,0x4c2730,
0x403e7a,0x4fe534,
0x403e81,0x5dcec0,
0x403e87,0x5dd2bc,
0x403e8f,0x4c2730,
0x403ea6,0x5dcec0,
0x403eac,0x5dd2c0,
0x403ebb,0x4fe534,
0x403ecf,0x5dcec0,
0x403ed5,0x5dd2e0,
0x403edd,0x4c2378,
0x403ef8,0x504c1c,
0x403f07,0x4fe534,
0x403f1f,0x5dcf98,
0x403f3c,0x4bc350,
0x403f66,0x5dcf98,
0x403f6b,0x504bf4,
0x403f7e,0x4bc34c,
0x403f8d,0x5dcf98,
0x403fa6,0x4bc350,
0x403fcc,0x5dcf98,
0x403fd2,0x504bf4,
0x403fe2,0x4bc34c,
0x403ff0,0x4bc358,
0x403ffa,0x504bf0,
0x404014,0x4c236c,
0x40401a,0x504bf0,
0x404031,0x504c1c,
0x40403e,0x4fe534,
0x404058,0x5dcf98,
0x40406d,0x4bc350,
0x404091,0x5dcf98,
0x40409b,0x504bf4,
0x4040ab,0x4bc34c,
0x4040b9,0x4bc358,
0x4040bf,0x4c2164,
0x4040cd,0x504c00,
0x4040d7,0x5a7c90,
0x4040e0,0x4bc264,
0x4040e9,0x504c00,
0x404124,0x4c2164,
0x404131,0x535f78,
0x40413e,0x4c2164,
0x40414d,0x4bc260,
0x404154,0x5049f0,
0x404159,0x4c2368,
0x404169,0x5049f0,
0x40416e,0x4c2364,
0x40417c,0x5049f0,
0x404182,0x5dd2f0,
0x404198,0x4c2358,
0x40419f,0x4bc28c,
0x4041af,0x4c2350,
0x4041c3,0x4c2350,
0x4041e1,0x5dd32c,
0x4041e6,0x4c2730,
0x4041f3,0x4c276c,
0x4041fc,0x5dcec0,
0x404202,0x5dd2bc,
0x404214,0x5dcec0,
0x40421a,0x5dd2c0,
0x404222,0x5dcec0,
0x404228,0x5dd2e0,
0x404231,0x5dcec0,
0x404237,0x5dd360,
0x40423d,0x5dd2cc,
0x404249,0x4c2258,
0x40425b,0x5dcf7c,
0x404260,0x5dd310,
0x404284,0x4bc350,
0x40428a,0x4bc34c,
0x404290,0x504c1c,
0x40429d,0x4fe534,
0x4042b7,0x5dcf98,
0x4042ec,0x5dcf98,
0x4042f6,0x504bf4,
0x404310,0x4bc358,
0x404348,0x5dd32c,
0x40434d,0x4c2730,
0x40435a,0x4c276c,
0x404363,0x5dcec0,
0x404369,0x5dd2bc,
0x40437b,0x5dcec0,
0x404381,0x5dd2c0,
0x404389,0x5dcec0,
0x40438f,0x5dd2e0,
0x404398,0x5dcec0,
0x40439e,0x5dd360,
0x4043a4,0x5dd2cc,
0x4043b0,0x4c2258,
0x4043d5,0x5dd330,
0x4043e1,0x5dd330,
0x4043fd,0x4c2164,
0x40440d,0x4bc350,
0x404413,0x4bc34c,
0x40441e,0x504c1c,
0x40442b,0x4fe534,
0x404445,0x5dcf98,
0x40447a,0x5dcf98,
0x404484,0x504bf4,
0x40449e,0x4bc358,
0x4044a3,0x4c2164,
0x4044b5,0x4c2164,
0x4044ce,0x5dd32c,
0x4044d3,0x4c2730,
0x4044e0,0x4c276c,
0x4044e9,0x5dcec0,
0x4044ef,0x5dd2bc,
0x404501,0x5dcec0,
0x404507,0x5dd2c0,
0x40450f,0x5dcec0,
0x404515,0x5dd2e0,
0x40451e,0x5dcec0,
0x404524,0x5dd360,
0x40452a,0x5dd2cc,
0x404536,0x4c2258,
0x404559,0x5dcec0,
0x40455f,0x5dd360,
0x404565,0x5dd2cc,
0x404571,0x4c2258,
0x404690,0x4c254c,
0x404695,0x5049f0,
0x40469b,0x4bc260,
0x4046ad,0x4c2164,
0x4046b2,0x504c10,
0x4046c6,0x5dcf7c,
0x4046ec,0x5dcea0,
0x4046fb,0x5dcea9,
0x40470f,0x5dd370,
0x40472c,0x5dcea9,
0x404740,0x5dd370,
0x404751,0x654b80,
0x404757,0x4c2164,
0x404765,0x5dd360,
0x40478a,0x5dd324,
0x404796,0x5dd320,
0x4047a4,0x504c0c,
0x4047b5,0x5dcec0,
0x4047d1,0x5dcec0,
0x4047e4,0x5dd2f8,
0x4047eb,0x4bc0a4,
0x404801,0x4bc2a8,
0x404811,0x504bf4,
0x404845,0x4c2164,
0x404865,0x4fe534,
0x404881,0x4f4ea0,
0x4048b3,0x4f4ea0,
0x40491d,0x404c20,
0x404926,0x5dcf84,
0x40492d,0x4bc324,
0x404932,0x5dcf8c,
0x404938,0x5dcf90,
0x40493d,0x5dcf84,
0x404943,0x5dcf2c,
0x404949,0x5dcf30,
0x40494f,0x4bc328,
0x404955,0x5dcf90,
0x40495b,0x5dcf88,
0x404960,0x5dcf8c,
0x404966,0x5dcf84,
0x40496e,0x5dcf34,
0x404976,0x5dcf90,
0x40497b,0x5dcf8c,
0x404982,0x5dcf38,
0x40498d,0x5dcf88,
0x404993,0x5dcf84,
0x4049ba,0x4bc32c,
0x4049c3,0x4bc330,
0x4049c8,0x504c1c,
0x4049d2,0x4fe534,
0x4049e3,0x5dcec0,
0x4049e9,0x5dd2e0,
0x4049f8,0x4bc334,
0x404a1b,0x4c2164,
0x404a41,0x4bc340,
0x404a46,0x5dd2d8,
0x404a4f,0x5dcec0,
0x404a63,0x4fe534,
0x404a71,0x4fe534,
0x404a79,0x4c2730,
0x404a91,0x4fe534,
0x404a9d,0x504c1c,
0x404ad1,0x4bc340,
0x404ad9,0x504c1c,
0x404ae3,0x4bc0ac,
0x404aea,0x4bc0a8,
0x404af0,0x4fe534,
0x404b32,0x4fe534,
0x404b5e,0x4fe534,
0x404b9c,0x536818,
0x404bc6,0x4bc338,
0x404bd6,0x5dcf7c,
0x404bf5,0x4c2164,
0x404c12,0x504bec,
0x404c20,0x404bde,
0x404c24,0x404a19,
0x404c28,0x404bb4,
0x404c2c,0x404bb4,
0x404c30,0x404921,
0x404c34,0x404bb4,
0x404c38,0x4049a0,
0x404c52,0x5dd370,
0x404c5c,0x4bc238,
0x404c71,0x4bc28c,
0x404c93,0x5049f0,
0x404cc3,0x504bc8,
0x404cf3,0x5049d0,
0x404d23,0x504a08,
0x404d51,0x504a04,
0x404d6c,0x504a30,
0x404d8a,0x4bc2a8,
0x404d8f,0x4c24ac,
0x404db0,0x5dcfa0,
0x404db9,0x5dcec0,
0x404dc3,0x5dcf7c,
0x404dd1,0x4bc354,
0x404dd8,0x4c2680,
0x404de1,0x4bc35c,
0x404de9,0x4bc230,
0x404e01,0x504c0c,
0x404e13,0x654b80,
0x404e1c,0x4c2588,
0x404e29,0x4c257c,
0x404e32,0x4c256c,
0x404e4a,0x504c0c,
0x404e55,0x507cd8,
0x404e5f,0x507cdc,
0x404e69,0x507c50,
0x404e75,0x5dce60,
0x404e7a,0x504c38,
0x404e80,0x507c54,
0x404e95,0x4c26e0,
0x404eac,0x507cec,
0x404eb6,0x507ce8,
0x404ec0,0x507ce0,
0x404eca,0x504c30,
0x404ed4,0x507cd4,
0x404eda,0x504c48,
0x404ee0,0x504c4c,
0x404eea,0x504c50,
0x404ef0,0x504c54,
0x404efa,0x504c58,
0x404f09,0x507cd4,
0x404f1c,0x504c5c,
0x404f28,0x504c5c,
0x404f2e,0x4bc4b8,
0x404f3f,0x507cd4,
0x404f45,0x4bc4a0,
0x404f4b,0x4bc4c0,
0x404f53,0x507ce8,
0x404f5b,0x4bc4c8,
0x404f63,0x507cec,
0x404f7d,0x4bc4c4,
0x404fb3,0x507ce0,
0x404fb9,0x507ce0,
0x404fdf,0x4bc4cc,
0x404feb,0x4bc4cc,
0x404ff3,0x504c48,
0x404ffb,0x504c50,
0x405003,0x504c4c,
0x405009,0x504c54,
0x40500f,0x504c58,
0x405017,0x504c54,
0x40501d,0x4bc4d0,
0x405023,0x504c54,
0x405029,0x504c58,
0x40502f,0x4bc4d0,
0x405035,0x504c58,
0x405040,0x507cd4,
0x40504e,0x504c5c,
0x40505a,0x504c5c,
0x405064,0x4bc4d4,
0x40506a,0x4bc4d8,
0x405073,0x507cd4,
0x405081,0x4bc4dc,
0x405096,0x4bc4e0,
0x4050a8,0x4bc4a0,
0x4050b0,0x4bc4e4,
0x4050b8,0x4bc4c0,
0x4050d1,0x504c48,
0x4050d8,0x504c48,
0x4050de,0x507cd4,
0x4050e8,0x504c4c,
0x4050f1,0x6435e0,
0x4050f9,0x504c40,
0x405103,0x507c50,
0x40510d,0x507c54,
0x405117,0x507cd8,
0x405121,0x507cdc,
0x40512b,0x507c48,
0x405130,0x507c98,
0x405137,0x4c26c0,
0x40514c,0x507c48,
0x405172,0x4fa0a4,
0x40517e,0x4fa0a0,
0x405183,0x507ca0,
0x40518e,0x4fa0a8,
0x4051b0,0x507c58,
0x4051c1,0x5dce60,
0x4051c6,0x504c38,
0x4051d5,0x507c48,
0x4051da,0x507cd4,
0x4051df,0x507cd8,
0x4051e4,0x507cdc,
0x4051e9,0x507c50,
0x4051ee,0x507c54,
0x40520c,0x654b81,
0x405221,0x504c38,
0x40522b,0x507ce4,
0x405248,0x5dd3c0,
0x405250,0x5dd3ec,
0x40525a,0x5dd3f4,
0x405260,0x5dd3f0,
0x405265,0x5dd3fc,
0x40528c,0x507cd4,
0x40529c,0x5dd400,
0x4052f4,0x506454,
0x4052f9,0x504c54,
0x405305,0x504c48,
0x40530e,0x506448,
0x40534b,0x507c50,
0x405351,0x507cd8,
0x40535f,0x507cd4,
0x4053c7,0x507ce4,
0x4053d4,0x507ce4,
0x4053df,0x504c38,
0x405440,0x504c30,
0x405446,0x4bc4dc,
0x405457,0x4bc4f0,
0x40545d,0x504c30,
0x405463,0x4bc4c4,
0x405469,0x4bc4f8,
0x405479,0x507cd8,
0x405486,0x4bc500,
0x405490,0x507c50,
0x405496,0x4bc4f8,
0x40549e,0x507cd8,
0x4054ab,0x507c50,
0x4054da,0x507ce4,
0x4054e0,0x504c38,
0x4054e9,0x507ce4,
0x405562,0x507cf8,
0x405567,0x507cd4,
0x40556d,0x4bc504,
0x40557b,0x507cf8,
0x405585,0x507cf4,
0x40558f,0x507cf0,
0x4055a7,0x507cf4,
0x4055b2,0x504c40,
0x4055c9,0x506460,
0x4055d0,0x507cf4,
0x4055dd,0x506448,
0x4055e9,0x507cf8,
0x4055fb,0x506448,
0x405602,0x507cf8,
0x40560d,0x507cf8,
0x405622,0x506460,
0x40562e,0x507cf4,
0x405640,0x506448,
0x405647,0x507cf8,
0x405654,0x506448,
0x405660,0x507cf4,
0x40566b,0x507cf4,
0x405675,0x507cf4,
0x40568b,0x506448,
0x40569c,0x506460,
0x4056a2,0x507cf8,
0x4056ad,0x507cf8,
0x4056b3,0x507cf8,
0x4056c1,0x507cf0,
0x4056d7,0x506448,
0x4056e0,0x507cf8,
0x4056ed,0x506448,
0x4056fa,0x507cf8,
0x405706,0x504c4c,
0x40570c,0x504c64,
0x405712,0x4bc4dc,
0x405726,0x506460,
0x40572d,0x507cf0,
0x405733,0x504c40,
0x40573e,0x507cf0,
0x405743,0x507cf4,
0x40574a,0x507cf8,
0x405756,0x507cf8,
0x405760,0x506448,
0x405784,0x506448,
0x405790,0x507cf8,
0x4057a2,0x506448,
0x4057aa,0x507cf4,
0x4057b6,0x504c4c,
0x4057bc,0x504c64,
0x4057c2,0x4bc4dc,
0x4057cf,0x507cf0,
0x4057d4,0x504c40,
0x4057e3,0x506448,
0x4057ef,0x507cf0,
0x405801,0x506448,
0x405808,0x507cf0,
0x40580e,0x504c40,
0x405815,0x507cf0,
0x40581a,0x507cf4,
0x405821,0x507cf8,
0x405828,0x507cf8,
0x405830,0x507cf4,
0x405838,0x507cf8,
0x405842,0x506448,
0x40584e,0x507cf4,
0x405860,0x506448,
0x4058b1,0x4c2988,
0x4058c0,0x4c2988,
0x4058c9,0x4c2720,
0x4058db,0x5dbb20,
0x4058f2,0x4c2988,
0x405911,0x4c2988,
0x405923,0x4c2720,
0x40592f,0x4c2988,
0x405936,0x5dbb20,
0x405943,0x4c2728,
0x405971,0x5dd2a8,
0x405980,0x4c2718,
0x405998,0x5dcee0,
0x40599e,0x5dcee8,
0x4059a4,0x5dcedc,
0x4059a9,0x5dcee4,
0x4059c1,0x4bc50c,
0x4059cb,0x4bc510,
0x4059d6,0x654b8a,
0x4059df,0x4c271c,
0x405a0a,0x5dcec0,
0x405a26,0x4c2730,
0x405a37,0x4c2908,
0x405a41,0x4c2724,
0x405a4b,0x4c2728,
0x405a55,0x4c2964,
0x405a5f,0x4c2968,
0x405a69,0x4c296c,
0x405a73,0x4c2970,
0x405a7d,0x4c2980,
0x405a87,0x4c2918,
0x405a91,0x4c2928,
0x405a9b,0x4c291c,
0x405aa5,0x4c292c,
0x405aaf,0x4c2924,
0x405ab9,0x4c2934,
0x405ac8,0x4c2728,
0x405ad9,0x4c2990,
0x405ae8,0x4c2a10,
0x405afb,0x4c2994,
0x405b00,0x4c2728,
0x405b17,0x4c2730,
0x405b32,0x4c2718,
0x405b3e,0x4c2718,
0x405b52,0x4c2970,
0x405b67,0x4c2970,
0x405b7b,0x4c2970,
0x405b9a,0x4c2908,
0x405bab,0x4c2908,
0x405bc6,0x536794,
0x405bd2,0x4bc528,
0x405bd8,0x4c2918,
0x405bde,0x4c2918,
0x405be4,0x4bc52c,
0x405bf1,0x4c2918,
0x405bfb,0x4c2918,
0x405c01,0x4bc530,
0x405c0e,0x4c2918,
0x405c18,0x53679c,
0x405c1e,0x4bc528,
0x405c24,0x4c291c,
0x405c2a,0x4c291c,
0x405c32,0x4bc534,
0x405c43,0x4c291c,
0x405c67,0x4bc518,
0x405c79,0x4bc53c,
0x405c7f,0x4c291c,
0x405c85,0x4c292c,
0x405ca9,0x4bc518,
0x405cbb,0x4bc53c,
0x405cc1,0x4c291c,
0x405cc7,0x53678c,
0x405ccd,0x4c2924,
0x405cd3,0x4bc508,
0x405ce0,0x4c2924,
0x405cea,0x4c2924,
0x405cf0,0x4bc540,
0x405cfd,0x4c2924,
0x405d0a,0x4c2934,
0x405d10,0x4c2924,
0x405d1f,0x4bc518,
0x405d2f,0x4bc544,
0x405d46,0x4bc548,
0x405d5e,0x4c2934,
0x405d67,0x4c2928,
0x405d6d,0x4c2918,
0x405d7c,0x4bc518,
0x405d8c,0x4bc544,
0x405da3,0x4bc548,
0x405dbe,0x4c2928,
0x405dc6,0x4c292c,
0x405dcc,0x4c291c,
0x405ddb,0x4bc518,
0x405deb,0x4bc544,
0x405e02,0x4bc548,
0x405e1a,0x4c292c,
0x405e24,0x4faed8,
0x405e35,0x4bc514,
0x405e44,0x4bc514,
0x405e4e,0x4faed8,
0x405e9d,0x4c292c,
0x405eb9,0x4faed8,
0x405f3e,0x4c2950,
0x405f47,0x4c2944,
0x405f52,0x4c2948,
0x405f5d,0x4c294c,
0x405f65,0x4bc550,
0x405f9b,0x4c2948,
0x405fa4,0x4c294c,
0x405faa,0x4c2944,
0x405fb2,0x4c2944,
0x405fbd,0x4c2954,
0x405fc3,0x4c2950,
0x405fd3,0x4c2954,
0x405fdc,0x4c2958,
0x405fe5,0x4c295c,
0x405fea,0x4c2954,
0x405ffa,0x4c2960,
0x40607d,0x4bc558,
0x406086,0x4bc560,
0x40609a,0x4bc568,
0x4060ad,0x4c2730,
0x4060d3,0x4faed8,
0x406107,0x4faed8,
0x406127,0x4bc570,
0x406144,0x4bc578,
0x4061ba,0x4c2908,
0x4061cb,0x4c2908,
0x4061dd,0x536794,
0x4061e9,0x4bc528,
0x4061ef,0x4c2918,
0x4061f5,0x4c2918,
0x4061fb,0x4bc52c,
0x406208,0x4c2918,
0x406212,0x4c2918,
0x406218,0x4bc530,
0x406225,0x4c2918,
0x40622f,0x53679c,
0x406235,0x4bc528,
0x40623b,0x4c291c,
0x406241,0x4c291c,
0x406249,0x4bc534,
0x40625a,0x4c291c,
0x40627e,0x4bc518,
0x406290,0x4bc53c,
0x406296,0x4c291c,
0x40629c,0x4c292c,
0x4062c0,0x4bc518,
0x4062d2,0x4bc53c,
0x4062d8,0x4c291c,
0x4062de,0x53678c,
0x4062e4,0x4c2924,
0x4062ea,0x4bc508,
0x4062f7,0x4c2924,
0x406301,0x4c2924,
0x406307,0x4bc540,
0x406314,0x4c2924,
0x406321,0x4c2934,
0x406327,0x4c2924,
0x406336,0x4bc518,
0x406346,0x4bc544,
0x40635d,0x4bc548,
0x406375,0x4c2934,
0x40637e,0x4c2928,
0x406384,0x4c2918,
0x406393,0x4bc518,
0x4063a3,0x4bc544,
0x4063ba,0x4bc548,
0x4063d5,0x4c2928,
0x4063dd,0x4c292c,
0x4063e3,0x4c291c,
0x4063f2,0x4bc518,
0x406402,0x4bc544,
0x406419,0x4bc548,
0x406431,0x4c292c,
0x40643b,0x4faed8,
0x40644c,0x4bc514,
0x40645b,0x4bc514,
0x406465,0x4faed8,
0x4064b4,0x4c292c,
0x4064d0,0x4faed8,
0x406555,0x4c2950,
0x40655e,0x4c2944,
0x406569,0x4c2948,
0x406574,0x4c294c,
0x40657c,0x4bc550,
0x4065b2,0x4c2948,
0x4065bb,0x4c294c,
0x4065c1,0x4c2944,
0x4065c9,0x4c2944,
0x4065d4,0x4c2954,
0x4065da,0x4c2950,
0x4065ea,0x4c2954,
0x4065f3,0x4c2958,
0x4065fc,0x4c295c,
0x406601,0x4c2954,
0x406611,0x4c2960,
0x406694,0x4bc558,
0x40669d,0x4bc560,
0x4066b1,0x4bc568,
0x4066c4,0x4c2730,
0x406712,0x4c2890,
0x406718,0x4c2898,
0x406727,0x4c28a0,
0x40677e,0x4c2748,
0x4067a7,0x4c2744,
0x406849,0x4c2890,
0x40684f,0x4c2898,
0x406861,0x4c28a0,
0x4068b1,0x4c2748,
0x4068f3,0x4c2744,
0x406921,0x4c2728,
0x406933,0x654b88,
0x40693e,0x4c2988,
0x40694b,0x4c2720,
0x406957,0x4c2988,
0x40695e,0x5dbb20,
0x40696b,0x4c2728,
0x406993,0x4c2730,
0x4069a2,0x4c2770,
0x4069bf,0x4c2760,
0x4069cb,0x4c2764,
0x4069d5,0x4c276c,
0x4069dd,0x4c2740,
0x406a05,0x4c2730,
0x406a0d,0x4c2730,
0x406a22,0x5367a4,
0x406a40,0x4c2954,
0x406a49,0x4c2958,
0x406a52,0x4c295c,
0x406a5b,0x4c2960,
0x406a63,0x4c2944,
0x406a6c,0x4c2948,
0x406a75,0x4c294c,
0x406a7e,0x4c2908,
0x406a83,0x4c2950,
0x406a89,0x4c2724,
0x406a93,0x4c2728,
0x406a9d,0x4c2720,
0x406aa1,0x406ab0,
0x406ac0,0x4c2908,
0x406ad2,0x4c2908,
0x406b15,0x536770,
0x406b21,0x4bc52c,
0x406b29,0x4bc50c,
0x406b2f,0x536778,
0x406b34,0x4c2970,
0x406b3c,0x4c296c,
0x406b44,0x4bc52c,
0x406b56,0x536780,
0x406b6e,0x4bc548,
0x406b76,0x4bc52c,
0x406b7e,0x4c2964,
0x406b8a,0x4c2974,
0x406b9f,0x4bc550,
0x406bb0,0x4bc580,
0x406bc1,0x4bc538,
0x406bcf,0x4bc518,
0x406bdc,0x4bc53c,
0x406be4,0x4bc584,
0x406bf5,0x4bc53c,
0x406c03,0x4bc538,
0x406c10,0x4bc538,
0x406c27,0x4c2968,
0x406c3d,0x4bc518,
0x406c43,0x4c2964,
0x406c4d,0x4c2970,
0x406c5e,0x4bc544,
0x406c77,0x4bc548,
0x406c95,0x4c2978,
0x406cab,0x4bc518,
0x406cb1,0x4c2974,
0x406cbb,0x4c2968,
0x406ccc,0x4bc544,
0x406ce5,0x4bc548,
0x406d12,0x4c2978,
0x406dca,0x4c2730,
0x406dde,0x5367a4,
0x406de8,0x4c2730,
0x406e01,0x4c2728,
0x406e13,0x4c2988,
0x406e20,0x4c2720,
0x406e2c,0x4c2988,
0x406e33,0x5dbb20,
0x406e40,0x4c2728,
0x406e68,0x4c2730,
0x406e77,0x4c2770,
0x406e94,0x4c2760,
0x406ea0,0x4c2764,
0x406eaa,0x4c276c,
0x406eb2,0x4c2740,
0x406eda,0x4c2730,
0x406ee2,0x4c2730,
0x406ef7,0x5367a4,
0x406f01,0x4c2724,
0x406f0c,0x4c2728,
0x406f15,0x4c2908,
0x406f1b,0x4c2720,
0x406f1f,0x406ab0,
0x406f31,0x4c2728,
0x406f5e,0x4c2730,
0x406f6d,0x4c2770,
0x406f8a,0x4c2740,
0x406f96,0x4c2760,
0x406fa2,0x4c2764,
0x406fa9,0x4c276c,
0x406fd1,0x4c2730,
0x406fd9,0x4c2730,
0x406fee,0x4c2724,
0x406ff8,0x4c2728,
0x407002,0x4c2908,
0x407008,0x4c2720,
0x40700c,0x4071a0,
0x40701a,0x4c2728,
0x407024,0x654b88,
0x40702f,0x4c2988,
0x40703c,0x4c2720,
0x40704f,0x5dbb20,
0x407054,0x4c2988,
0x40705c,0x4c2728,
0x407084,0x4c2730,
0x407093,0x4c2770,
0x4070b0,0x4c2740,
0x4070bc,0x4c2760,
0x4070c8,0x4c2764,
0x4070cf,0x4c276c,
0x4070f7,0x4c2730,
0x4070ff,0x4c2730,
0x407114,0x5367a4,
0x407131,0x4c2954,
0x40713a,0x4c2958,
0x407143,0x4c295c,
0x40714c,0x4c2960,
0x407154,0x4c2944,
0x40715d,0x4c2948,
0x407166,0x4c294c,
0x40716e,0x4c2950,
0x407174,0x4c2724,
0x40717e,0x4c2728,
0x407188,0x4c2908,
0x40718e,0x4c2720,
0x407192,0x406ab0,
0x4071b0,0x4c2908,
0x4071c2,0x4c2908,
0x40728d,0x536770,
0x40729e,0x4c2970,
0x4072a4,0x4bc52c,
0x4072ac,0x4c296c,
0x4072b2,0x536778,
0x4072b8,0x4bc52c,
0x4072be,0x4c2964,
0x4072c4,0x536780,
0x4072d1,0x4bc52c,
0x4072d7,0x4c2974,
0x4072e7,0x4c296c,
0x4072f9,0x4bc548,
0x407310,0x4bc550,
0x407321,0x4bc580,
0x407332,0x4bc538,
0x407340,0x4bc518,
0x40734d,0x4bc53c,
0x407355,0x4bc584,
0x407366,0x4bc53c,
0x407374,0x4bc538,
0x407381,0x4bc538,
0x40739d,0x4c2968,
0x4073a4,0x4c2970,
0x4073b2,0x4bc518,
0x4073b8,0x4c2964,
0x4073c9,0x4bc544,
0x4073e2,0x4bc548,
0x407400,0x4c2978,
0x40740e,0x4bc518,
0x407414,0x4c2974,
0x40741e,0x4c2968,
0x40742f,0x4bc544,
0x407448,0x4bc548,
0x407475,0x4c2978,
0x4074c6,0x5367a4,
0x4074cc,0x4bc588,
0x4074d5,0x4c2730,
0x4074e7,0x4c2730,
0x407501,0x4c2728,
0x407513,0x4c2988,
0x407520,0x4c2720,
0x40752c,0x4c2988,
0x407533,0x5dbb20,
0x407540,0x4c2728,
0x407568,0x4c2770,
0x407582,0x4c2760,
0x40758e,0x4c2764,
0x407598,0x4c276c,
0x4075a0,0x4c2740,
0x4075c8,0x4c2730,
0x4075d0,0x4c2730,
0x4075e2,0x4c2724,
0x4075ec,0x4c2728,
0x4075f5,0x4c2908,
0x407613,0x4c2954,
0x40761c,0x4c2958,
0x407625,0x4c295c,
0x40762e,0x4c2960,
0x407636,0x4c2944,
0x40763f,0x4c2948,
0x407648,0x4c294c,
0x407650,0x4c2950,
0x407656,0x4c2928,
0x407660,0x4c292c,
0x40766a,0x4c2720,
0x40766e,0x407680,
0x407690,0x4c2908,
0x4076a5,0x4c2908,
0x4076ab,0x536770,
0x4076b7,0x4bc52c,
0x4076bf,0x4bc50c,
0x4076c5,0x536778,
0x4076ca,0x4c2970,
0x4076d2,0x4c296c,
0x4076da,0x4bc52c,
0x4076ec,0x536780,
0x407704,0x4bc548,
0x40770c,0x4bc52c,
0x407714,0x4c2964,
0x407720,0x4c2974,
0x407735,0x4bc550,
0x407746,0x4bc580,
0x407757,0x4bc538,
0x407765,0x4bc518,
0x407772,0x4bc53c,
0x40777a,0x4bc584,
0x40778b,0x4bc53c,
0x407799,0x4bc538,
0x4077a6,0x4bc538,
0x4077bd,0x4c2968,
0x4077d3,0x4bc518,
0x4077d9,0x4c2964,
0x4077e3,0x4c2970,
0x4077f4,0x4bc544,
0x40780d,0x4bc548,
0x40782b,0x4c2978,
0x407841,0x4bc518,
0x407847,0x4c2974,
0x407851,0x4c2968,
0x407862,0x4bc544,
0x40787b,0x4bc548,
0x4078ab,0x4c2978,
0x4078fc,0x4c2730,
0x407910,0x5367a4,
0x40791a,0x4c2730,
0x407932,0x4c2720,
0x40793a,0x407680,
0x407951,0x4c2728,
0x407963,0x4c2988,
0x407970,0x4c2720,
0x40797c,0x4c2988,
0x407983,0x5dbb20,
0x407990,0x4c2728,
0x4079b8,0x4c2770,
0x4079d2,0x4c2760,
0x4079de,0x4c2764,
0x4079e8,0x4c276c,
0x4079f0,0x4c2740,
0x407a18,0x4c2730,
0x407a20,0x4c2730,
0x407a32,0x4c2724,
0x407a3c,0x4c2728,
0x407a45,0x4c2908,
0x407a63,0x4c2954,
0x407a6c,0x4c2958,
0x407a75,0x4c295c,
0x407a7e,0x4c2960,
0x407a86,0x4c2944,
0x407a8f,0x4c2948,
0x407a98,0x4c294c,
0x407aa0,0x4c2950,
0x407aa6,0x4c2928,
0x407ab0,0x4c292c,
0x407aba,0x4c2720,
0x407abe,0x407ad0,
0x407ad1,0x4c2908,
0x407ae8,0x4c2908,
0x407af4,0x4c2728,
0x407b05,0x53678c,
0x407b0b,0x4c2924,
0x407b11,0x4c2924,
0x407b17,0x4bc508,
0x407b24,0x4c2924,
0x407b2e,0x4c2924,
0x407b34,0x4bc540,
0x407b41,0x4c2924,
0x407b4b,0x4c2924,
0x407b57,0x4bc518,
0x407b5c,0x4c2934,
0x407b71,0x4bc544,
0x407b8a,0x4bc548,
0x407bab,0x4faed8,
0x407bb1,0x4c2934,
0x407bc0,0x4bc514,
0x407bcf,0x4bc514,
0x407bd9,0x4faed8,
0x407bee,0x4c2928,
0x407c38,0x4c292c,
0x407c55,0x4faed8,
0x407ce7,0x4c2950,
0x407cf1,0x4c2944,
0x407cfd,0x4c2948,
0x407d09,0x4c294c,
0x407d11,0x4bc550,
0x407d52,0x4c2948,
0x407d5c,0x4c294c,
0x407d62,0x4c2944,
0x407d6b,0x4c2944,
0x407d77,0x4c2954,
0x407d7d,0x4c2950,
0x407d8d,0x4c2954,
0x407d96,0x4c2958,
0x407d9f,0x4c295c,
0x407da4,0x4c2954,
0x407db5,0x4c2960,
0x407df0,0x4bc594,
0x407e54,0x4bc558,
0x407e61,0x4bc560,
0x407e75,0x4bc568,
0x407e8a,0x4c2730,
0x407ea1,0x4c2728,
0x407eb3,0x4c2988,
0x407ec0,0x4c2720,
0x407ecc,0x4c2988,
0x407ed3,0x5dbb20,
0x407ee0,0x4c2728,
0x407f08,0x4c2770,
0x407f22,0x4c2760,
0x407f2e,0x4c2764,
0x407f38,0x4c276c,
0x407f40,0x4c2740,
0x407f68,0x4c2730,
0x407f70,0x4c2730,
0x407f84,0x4c2908,
0x407f8a,0x4c2724,
0x407f9a,0x4c2728,
0x407fb1,0x4c2954,
0x407fbb,0x4c2958,
0x407fc4,0x4c295c,
0x407fcd,0x4c2960,
0x407fd5,0x4c2944,
0x407fde,0x4c2948,
0x407fe7,0x4c2924,
0x407fed,0x4c294c,
0x407ff6,0x4c2918,
0x407ffb,0x4c2950,
0x408000,0x4c291c,
0x408006,0x4c2934,
0x40800c,0x4c2928,
0x408011,0x4c292c,
0x408017,0x4c2720,
0x40801b,0x4061b0,
0x408031,0x4c2728,
0x408056,0x4c2988,
0x408066,0x4c2988,
0x40806f,0x4c2720,
0x408086,0x5dbb20,
0x408092,0x4c2770,
0x4080a7,0x4c2760,
0x4080b3,0x4c2764,
0x4080bd,0x4c276c,
0x4080c5,0x4c2740,
0x4080ed,0x4c2730,
0x4080f5,0x4c2730,
0x40810e,0x4c2724,
0x40811a,0x4c2728,
0x408124,0x4c2908,
0x408149,0x4c2938,
0x40815f,0x4c2940,
0x40816b,0x4c293c,
0x408175,0x4c291c,
0x40817f,0x4c2918,
0x408189,0x4c2920,
0x408192,0x4c2924,
0x408198,0x4c292c,
0x4081a2,0x4c2928,
0x4081ac,0x4c2930,
0x4081b6,0x4c2934,
0x4081c0,0x53678c,
0x4081d8,0x4c2954,
0x4081e1,0x4c2958,
0x4081ea,0x4c295c,
0x4081f3,0x4c2960,
0x4081fb,0x4c2944,
0x408204,0x4c2948,
0x40820d,0x4c294c,
0x408215,0x4c2950,
0x40821b,0x4c2720,
0x40821f,0x408240,
0x408241,0x4c2908,
0x408258,0x4c2908,
0x40825e,0x4c293c,
0x408264,0x4c2938,
0x40826b,0x4c2940,
0x408271,0x4c2930,
0x408278,0x4c292c,
0x40827f,0x4c2928,
0x408301,0x4bc558,
0x40830b,0x4bc560,
0x40831f,0x4bc568,
0x408331,0x4c2730,
0x408351,0x4c2728,
0x408363,0x4c2988,
0x408370,0x4c2720,
0x40837c,0x4c2988,
0x408383,0x5dbb20,
0x408390,0x4c2728,
0x4083b8,0x4c2770,
0x4083d2,0x4c2760,
0x4083de,0x4c2764,
0x4083e8,0x4c276c,
0x4083f0,0x4c2740,
0x408418,0x4c2730,
0x408420,0x4c2730,
0x408435,0x4c2724,
0x40843f,0x4c2728,
0x408449,0x4c2908,
0x40844f,0x4c2928,
0x408459,0x4c292c,
0x408463,0x4c2920,
0x40846d,0x4c2938,
0x408477,0x4c293c,
0x408481,0x4c2940,
0x40848b,0x4c2720,
0x40848f,0x408240,
0x4084a1,0x4c2728,
0x4084b3,0x4c2988,
0x4084c0,0x4c2720,
0x4084cc,0x4c2988,
0x4084d3,0x5dbb20,
0x4084e0,0x4c2728,
0x408508,0x4c2770,
0x408522,0x4c2760,
0x40852e,0x4c2764,
0x408538,0x4c276c,
0x408540,0x4c2740,
0x408568,0x4c2730,
0x408570,0x4c2730,
0x408585,0x4c2724,
0x40858f,0x4c2728,
0x408599,0x4c2908,
0x40859f,0x4c2928,
0x4085a9,0x4c292c,
0x4085b3,0x4c2920,
0x4085bd,0x4c2938,
0x4085c7,0x4c293c,
0x4085d1,0x4c2940,
0x4085db,0x4c2720,
0x4085df,0x408240,
0x4085f1,0x4c2728,
0x408603,0x4c2988,
0x408610,0x4c2720,
0x40861c,0x4c2988,
0x408623,0x5dbb20,
0x408630,0x4c2728,
0x408658,0x4c2770,
0x408672,0x4c2760,
0x40867e,0x4c2764,
0x408688,0x4c276c,
0x408690,0x4c2740,
0x4086b8,0x4c2730,
0x4086c0,0x4c2730,
0x4086d2,0x4c2724,
0x4086dc,0x4c2728,
0x4086e5,0x4c2908,
0x408703,0x4c2954,
0x40870c,0x4c2958,
0x408715,0x4c295c,
0x40871e,0x4c2960,
0x408726,0x4c2944,
0x40872f,0x4c2948,
0x408738,0x4c294c,
0x408740,0x4c2950,
0x408746,0x4c2928,
0x408750,0x4c292c,
0x40875a,0x4c2720,
0x40875e,0x407ad0,
0x408771,0x4c2728,
0x408783,0x4c2988,
0x408790,0x4c2720,
0x40879c,0x4c2988,
0x4087a3,0x5dbb20,
0x4087b0,0x4c2728,
0x4087d8,0x4c2770,
0x4087f2,0x4c2760,
0x4087fe,0x4c2764,
0x408808,0x4c276c,
0x408810,0x4c2740,
0x408838,0x4c2730,
0x408840,0x4c2730,
0x408852,0x4c2724,
0x40885c,0x4c2728,
0x408865,0x4c2908,
0x408883,0x4c2954,
0x40888c,0x4c2958,
0x408895,0x4c295c,
0x40889e,0x4c2960,
0x4088a6,0x4c2944,
0x4088af,0x4c2948,
0x4088b8,0x4c294c,
0x4088c0,0x4c2950,
0x4088c6,0x4c2928,
0x4088d0,0x4c292c,
0x4088da,0x4c2720,
0x4088de,0x407ad0,
0x4088f1,0x4c2728,
0x408903,0x4c2988,
0x408910,0x4c2720,
0x40891c,0x4c2988,
0x408923,0x5dbb20,
0x408930,0x4c2728,
0x408958,0x4c2770,
0x408962,0x4c2914,
0x40897c,0x4c2760,
0x408988,0x4c2764,
0x408992,0x4c276c,
0x40899a,0x4c2740,
0x4089c2,0x4c2730,
0x4089ca,0x4c2730,
0x4089df,0x4c2724,
0x4089e9,0x4c2728,
0x4089f3,0x4c2908,
0x4089f9,0x4c2720,
0x4089fd,0x408a10,
0x408a12,0x4c2908,
0x408a27,0x4c2908,
0x408a2d,0x5367bc,
0x408a33,0x4c2740,
0x408a39,0x4bc5b0,
0x408a41,0x4bc5ac,
0x408a47,0x4bc508,
0x408a4d,0x4c2914,
0x408a53,0x4c2914,
0x408a62,0x4c2914,
0x408a6f,0x4bc50c,
0x408a75,0x4c2914,
0x408a84,0x4c2914,
0x408a8e,0x4bc518,
0x408a94,0x4bc518,
0x408a9a,0x4bc518,
0x408aa0,0x4bc518,
0x408aa6,0x4bc508,
0x408aac,0x4bc518,
0x408ab8,0x4bc5b4,
0x408ac4,0x4bc518,
0x408b1f,0x4c2914,
0x408b2c,0x4c2730,
0x408b75,0x4c2728,
0x408b7d,0x4c2988,
0x408b8c,0x4c2720,
0x408b91,0x4c2988,
0x408ba6,0x5dbb20,
0x408bb2,0x4c2770,
0x408bcc,0x4c2760,
0x408bd8,0x4c2764,
0x408be2,0x4c276c,
0x408bea,0x4c2740,
0x408c12,0x4c2730,
0x408c1a,0x4c2730,
0x408c28,0x4c2724,
0x408c32,0x4c2728,
0x408c3c,0x4c2908,
0x408c42,0x4c2720,
0x408c46,0x408c60,
0x408c61,0x4c2908,
0x408c71,0x4c2908,
0x408c80,0x507d10,
0x408c86,0x507d14,
0x408c92,0x507d18,
0x408c98,0x507d1c,
0x408ca4,0x507d20,
0x408caa,0x507d24,
0x408cbc,0x507d0c,
0x408ccc,0x507d28,
0x408cd2,0x507d2c,
0x408cde,0x507d30,
0x408ce4,0x507d34,
0x408cf0,0x507d38,
0x408cf6,0x507d3c,
0x408cfb,0x507d10,
0x408d00,0x507d28,
0x408d16,0x507d0c,
0x408d1c,0x507d0c,
0x408d22,0x4bc518,
0x408d2e,0x4c2988,
0x408d3b,0x4c2720,
0x408d47,0x4c2988,
0x408d4e,0x5dbb20,
0x408d5b,0x4c2728,
0x408d7f,0x4c2720,
0x408dac,0x4bc5c0,
0x408de6,0x4bc5b8,
0x408e3a,0x4bc5c8,
0x408e46,0x4bc5c8,
0x408e52,0x4bc5c8,
0x408e96,0x4bc5cc,
0x408eb8,0x4bc5cc,
0x408ebe,0x4bc5c8,
0x408ec8,0x4bc51c,
0x408f4d,0x4bc5d0,
0x408f55,0x4bc5d8,
0x408f5d,0x4bc5d0,
0x408f67,0x4bc5d0,
0x408fe8,0x4bc558,
0x408ff2,0x4bc560,
0x409006,0x4bc568,
0x409018,0x4c2730,
0x409055,0x4c2728,
0x40905d,0x4c2988,
0x40906c,0x4c2720,
0x409071,0x4c2988,
0x409086,0x5dbb20,
0x409092,0x4c2770,
0x4090ac,0x4c2760,
0x4090b8,0x4c2764,
0x4090c2,0x4c276c,
0x4090ca,0x4c2740,
0x4090f2,0x4c2730,
0x4090fa,0x4c2730,
0x409108,0x4c2724,
0x409112,0x4c2728,
0x40911c,0x4c2908,
0x409122,0x4c2720,
0x409126,0x409140,
0x409141,0x4c2908,
0x409151,0x4c2908,
0x409160,0x507d10,
0x409166,0x507d14,
0x409172,0x507d18,
0x409178,0x507d1c,
0x409184,0x507d20,
0x40918a,0x507d24,
0x40919c,0x507d0c,
0x4091ac,0x507d28,
0x4091b2,0x507d2c,
0x4091be,0x507d30,
0x4091c4,0x507d34,
0x4091d0,0x507d38,
0x4091d6,0x507d3c,
0x4091db,0x507d28,
0x4091e0,0x507d10,
0x4091f6,0x507d0c,
0x4091fc,0x507d0c,
0x409202,0x4bc518,
0x40920e,0x4c2988,
0x40921b,0x4c2720,
0x409227,0x4c2988,
0x40922e,0x5dbb20,
0x40923b,0x4c2728,
0x40925f,0x4c2720,
0x409271,0x4c2728,
0x409283,0x4c2988,
0x409290,0x4c2720,
0x40929c,0x4c2988,
0x4092a3,0x5dbb20,
0x4092b0,0x4c2728,
0x4092d8,0x4c2770,
0x4092f2,0x4c2760,
0x4092fe,0x4c2764,
0x409308,0x4c276c,
0x409310,0x4c2740,
0x409338,0x4c2730,
0x409340,0x4c2730,
0x409354,0x4c2908,
0x40935a,0x4c2724,
0x40936a,0x4c2728,
0x409381,0x4c2954,
0x40938b,0x4c2958,
0x409394,0x4c295c,
0x40939d,0x4c2960,
0x4093a5,0x4c2944,
0x4093ae,0x4c2948,
0x4093b7,0x4c294c,
0x4093bf,0x4c2950,
0x4093c5,0x4c2720,
0x4093c9,0x405b90,
0x4093e6,0x4c2908,
0x4093f4,0x4c2908,
0x409418,0x4c2728,
0x40943e,0x4c2728,
0x409450,0x4c2988,
0x409460,0x4c2988,
0x409469,0x4c2720,
0x409473,0x4c2730,
0x409485,0x5dbb20,
0x40948d,0x4c2724,
0x409497,0x4c2728,
0x4094a6,0x4c2770,
0x4094c3,0x4c2760,
0x4094cf,0x4c2764,
0x4094d9,0x4c276c,
0x4094e1,0x4c2740,
0x409509,0x4c2730,
0x409511,0x4c2730,
0x40951f,0x4c2908,
0x409525,0x4c2720,
0x409529,0x409540,
0x409550,0x4c2908,
0x409560,0x4c2908,
0x409575,0x507d50,
0x40957b,0x507d0c,
0x409587,0x4bc5e0,
0x409593,0x4faed8,
0x4095ad,0x4bc5e0,
0x4095cf,0x4bc5e8,
0x4095db,0x4bc5e8,
0x4095fc,0x4c2730,
0x409610,0x5367a4,
0x40961a,0x4c2730,
0x409637,0x507d0c,
0x40963d,0x507d0c,
0x409643,0x4bc518,
0x409653,0x4c2988,
0x409660,0x4c2720,
0x40966c,0x4c2988,
0x409673,0x5dbb20,
0x409680,0x4c2728,
0x4096a4,0x4c2720,
0x4096c1,0x4c2728,
0x4096d6,0x4c2990,
0x4096e3,0x4c2a10,
0x4096f2,0x4c2994,
0x4096f7,0x4c2728,
0x40970e,0x4c2730,
0x409722,0x4bc2ac,
0x409728,0x4bc2b4,
0x40972e,0x4bc2b0,
0x40977b,0x4bc110,
0x409781,0x51f63c,
0x409786,0x51f638,
0x40978b,0x51f634,
0x409790,0x51f630,
0x409795,0x51f62c,
0x40979a,0x51f628,
0x40979f,0x51f624,
0x4097a4,0x51f620,
0x4097a9,0x51f61c,
0x4097ae,0x51f618,
0x4097b3,0x51f614,
0x4097b8,0x51f610,
0x4097bd,0x51f60c,
0x4097c2,0x51f608,
0x4097c9,0x51f5b4,
0x4097d3,0x51f63c,
0x4097d9,0x51f638,
0x4097df,0x51f634,
0x4097e8,0x51f630,
0x4097ef,0x51f62c,
0x4097f6,0x51f628,
0x4097fc,0x51f624,
0x409803,0x51f620,
0x40980a,0x51f61c,
0x409810,0x51f618,
0x409817,0x51f614,
0x40981e,0x51f610,
0x409824,0x51f60c,
0x40982b,0x51f608,
0x409885,0x51f5d0,
0x409894,0x507da0,
0x4098b2,0x51f5d0,
0x4098b9,0x507da0,
0x409937,0x507da0,
0x40993c,0x51f5d0,
0x40996c,0x51f5f0,
0x409992,0x507da0,
0x409997,0x51f5d0,
0x4099c1,0x4c2a10,
0x4099f1,0x51f5f0,
0x409a30,0x51f5d0,
0x409a3e,0x507da0,
0x409a5d,0x51f624,
0x409a6a,0x51f620,
0x409a77,0x4c2a10,
0x409a83,0x51f620,
0x409a93,0x51f624,
0x409ac0,0x4c2a10,
0x409ada,0x51f5d0,
0x409af7,0x507da0,
0x409b16,0x51f5d0,
0x409b1b,0x507da0,
0x409b22,0x507da0,
0x409b2b,0x51f5d0,
0x409b5b,0x51f5f0,
0x409b6e,0x51f624,
0x409b7c,0x51f620,
0x409b89,0x4c2a10,
0x409b94,0x51f620,
0x409ba4,0x51f624,
0x409bdf,0x507da0,
0x409bf0,0x508da8,
0x409bf5,0x409850,
0x409c03,0x51f5d0,
0x409c09,0x51f5c4,
0x409c18,0x409980,
0x409c26,0x51f5f4,
0x409c2c,0x51f608,
0x409c32,0x51f60c,
0x409c38,0x51f610,
0x409c3e,0x51f614,
0x409c44,0x51f618,
0x409c4a,0x51f61c,
0x409c50,0x51f620,
0x409c56,0x51f624,
0x409c5c,0x51f628,
0x409c62,0x51f62c,
0x409c68,0x51f630,
0x409c6e,0x51f634,
0x409c74,0x51f638,
0x409c7a,0x51f63c,
0x409c99,0x51f5c8,
0x409c9f,0x51f5cc,
0x409ca5,0x51f5bc,
0x409cab,0x51f5b8,
0x409cb1,0x51f604,
0x409cb7,0x51f5b0,
0x409cbd,0x508da0,
0x409cc3,0x51f5c0,
0x409cca,0x51f600,
0x409cd4,0x51f5fc,
0x409cde,0x5095a8,
0x409d85,0x4bc5f8,
0x409de8,0x507da0,
0x409ded,0x51f5d0,
0x409e8b,0x4c2a14,
0x409ef6,0x51f5f0,
0x409f14,0x507da0,
0x409f19,0x51f5d0,
0x409f4e,0x51f5f0,
0x409fca,0x4c2a40,
0x40a031,0x51f5b4,
0x40a038,0x4bc10c,
0x40a043,0x51f600,
0x40a06d,0x51f5c0,
0x40a089,0x51f5c0,
0x40a096,0x507da0,
0x40a09b,0x51f5d0,
0x40a0e9,0x51f5f0,
0x40a0f4,0x4c2a60,
0x40a103,0x51f5c0,
0x40a13e,0x5095a8,
0x40a14a,0x51f5fc,
0x40a165,0x507da0,
0x40a16a,0x51f5d0,
0x40a1b0,0x51f5f0,
0x40a1c4,0x51f5fc,
0x40a1e2,0x4bc5fc,
0x40a1e8,0x51f5fc,
0x40a1f2,0x5095a8,
0x40a1f7,0x507da0,
0x40a1fc,0x51f5d0,
0x40a24f,0x51f5f0,
0x40a28f,0x507da0,
0x40a294,0x51f5d0,
0x40a2f1,0x51f5f0,
0x40a305,0x4c2a6c,
0x40a32d,0x51f640,
0x40a34e,0x51f5d0,
0x40a356,0x507da0,
0x40a44e,0x4bc600,
0x40a45a,0x4bc600,
0x40a47c,0x4bc600,
0x40a4d5,0x4bc604,
0x40a4e4,0x4bc604,
0x40a4f9,0x4bc608,
0x40a5be,0x51f5f0,
0x40a5db,0x51f5c0,
0x40a5e6,0x51f5b4,
0x40a5ec,0x51f634,
0x40a5f2,0x51f630,
0x40a5f9,0x51f620,
0x40a600,0x51f61c,
0x40a606,0x51f618,
0x40a60b,0x51f62c,
0x40a610,0x51f628,
0x40a615,0x51f624,
0x40a61c,0x51f614,
0x40a623,0x51f610,
0x40a629,0x51f60c,
0x40a630,0x51f608,
0x40a637,0x51f638,
0x40a63d,0x51f63c,
0x40a67b,0x51f5c8,
0x40a683,0x51f5c8,
0x40a689,0x51f5c8,
0x40a691,0x51f5cc,
0x40a699,0x51f5bc,
0x40a69f,0x51f5cc,
0x40a6a5,0x51f5b8,
0x40a6aa,0x508da0,
0x40a6b0,0x51f604,
0x40a6b9,0x51f5b0,
0x40a6d5,0x51f5b0,
0x40a6db,0x508da0,
0x40a75d,0x51f620,
0x40a762,0x51f624,
0x40a778,0x51f624,
0x40a787,0x51f620,
0x40a8d2,0x507da0,
0x40a8d7,0x51f5d0,
0x40a8ef,0x51f5d0,
0x40a9a2,0x51f5f0,
0x40a9ff,0x4c2a94,
0x40aa06,0x4bc234,
0x40aa2a,0x4c2a10,
0x40aaa5,0x507ea0,
0x40aaba,0x51f5d4,
0x40ab08,0x51f5f0,
0x40ab67,0x507ea0,
0x40ab6c,0x51f5d4,
0x40abdc,0x51f5f0,
0x40ac28,0x507da0,
0x40ac37,0x51f5d0,
0x40acb8,0x51f5f0,
0x40acf2,0x51f5cc,
0x40acfe,0x51f5b8,
0x40ad04,0x51f5bc,
0x40ad10,0x51f5bc,
0x40ad1a,0x51f5cc,
0x40ad20,0x51f5b8,
0x40ad31,0x51f5c8,
0x40ad41,0x51f5b0,
0x40ad59,0x51f604,
0x40ad72,0x51f604,
0x40ad86,0x508da0,
0x40ad8f,0x51f5b0,
0x40adad,0x51f5d0,
0x40adbb,0x507da0,
0x40aded,0x4bc60c,
0x40ae50,0x4bc610,
0x40ae58,0x4bc614,
0x40ae8d,0x4bc610,
0x40ae95,0x4bc614,
0x40aeb5,0x51f5c4,
0x40aec1,0x51f5c4,
0x40aed1,0x4c2aa0,
0x40aeda,0x4c2ab4,
0x40aee8,0x4c2aa0,
0x40af13,0x4c2b04,
0x40af47,0x4c2ad4,
0x40afc1,0x4c2aa4,
0x40afca,0x4c2b20,
0x40afd8,0x4c2aa4,
0x40b01e,0x4c2b3c,
0x40b059,0x4c2a94,
0x40b060,0x4bc234,
0x40b07b,0x4c2a10,
0x40b11e,0x4c2b6c,
0x40b159,0x4c2a94,
0x40b160,0x4bc234,
0x40b17b,0x4c2a10,
0x40b21e,0x4c2b9c,
0x40b259,0x4c2a94,
0x40b260,0x4bc234,
0x40b27b,0x4c2a10,
0x40b2f1,0x4c2aa8,
0x40b2fa,0x4c2bd0,
0x40b308,0x4c2aa8,
0x40b491,0x40b7ac,
0x40b498,0x40b794,
0x40b4dd,0x4bc620,
0x40b58f,0x4bc624,
0x40b5a1,0x4bc61c,
0x40b5b6,0x4bc628,
0x40b5dc,0x4bc62c,
0x40b615,0x4bc61c,
0x40b624,0x4bc61c,
0x40b62a,0x4bc628,
0x40b639,0x4bc628,
0x40b666,0x4bc61c,
0x40b675,0x4bc61c,
0x40b67b,0x4bc628,
0x40b68a,0x4bc628,
0x40b6c0,0x4bc630,
0x40b6c6,0x4bc634,
0x40b6d2,0x4bc630,
0x40b6d8,0x4bc634,
0x40b6e6,0x40b7b8,
0x40b6f2,0x4bc620,
0x40b701,0x4bc620,
0x40b707,0x4bc61c,
0x40b716,0x4bc61c,
0x40b77c,0x4bc620,
0x40b789,0x4bc620,
0x40b794,0x40b4e8,
0x40b798,0x40b721,
0x40b79c,0x40b4c3,
0x40b7a0,0x40b49c,
0x40b7a4,0x40b721,
0x40b7a8,0x40b787,
0x40b7b8,0x40b6f0,
0x40b7bc,0x40b6f0,
0x40b7c0,0x40b6f0,
0x40b7c4,0x40b6f0,
0x40b86a,0x4c2c1c,
0x40b895,0x4c2bf0,
0x40b8b1,0x4c2aac,
0x40b8ba,0x4c2c48,
0x40b8c8,0x4c2aac,
0x40ba08,0x4c2c90,
0x40ba42,0x4c2c64,
0x40baf7,0x4bc618,
0x40bb0f,0x4c2cb4,
0x40bb44,0x4c2a94,
0x40bb4b,0x4bc234,
0x40bb6f,0x4c2a10,
0x40bc4b,0x4c2ce4,
0x40bc72,0x5fcba0,
0x40bc7c,0x5fcba4,
0x40bc86,0x5fcba8,
0x40bc90,0x5fcbac,
0x40bc9a,0x5fcbb0,
0x40bca4,0x5fcb80,
0x40bcae,0x5fcb84,
0x40bcb8,0x5fcb88,
0x40bcc2,0x5fcb8c,
0x40bccc,0x5fcb90,
0x40bcd6,0x5fcbe0,
0x40bce0,0x5fcbe4,
0x40bcea,0x5fcbe8,
0x40bcf4,0x5fcbec,
0x40bcfe,0x5fcbf0,
0x40bd08,0x5fcbc0,
0x40bd12,0x5fcbc4,
0x40bd1c,0x5fcbc8,
0x40bd26,0x5fcbcc,
0x40bd30,0x5fcbd0,
0x40bd4b,0x5fcb80,
0x40bd5c,0x5fcba0,
0x40bd6d,0x5fcbe0,
0x40bd7e,0x5fcbc0,
0x40bdaf,0x5fcb7c,
0x40bdbe,0x5fcb9c,
0x40bdd1,0x5fcbdc,
0x40bde0,0x5fcbbc,
0x40be03,0x4c2d30,
0x40be79,0x4c2da8,
0x40bee3,0x4c2d70,
0x40bf91,0x4c2ab0,
0x40bfb6,0x4c2ab0,
0x40c025,0x4c2dcc,
0x40c122,0x5fcb7f,
0x40c127,0x5dd780,
0x40c13c,0x5244b7,
0x40c141,0x51f698,
0x40c161,0x5dd780,
0x40c16b,0x51f65c,
0x40c184,0x5244bc,
0x40c18a,0x51f650,
0x40c190,0x51f664,
0x40c1a2,0x51f650,
0x40c1a7,0x5244bc,
0x40c1b6,0x51f65c,
0x40c1ba,0x5dd780,
0x40c1cc,0x5dd7e0,
0x40c1e3,0x5244bc,
0x40c1e9,0x51f650,
0x40c1ef,0x5fcb60,
0x40c1f5,0x51f664,
0x40c216,0x4bc658,
0x40c223,0x4bc21c,
0x40c235,0x51f690,
0x40c23e,0x4bc658,
0x40c24e,0x51f6a0,
0x40c257,0x4bc21c,
0x40c265,0x51f6a4,
0x40c26f,0x51f6b0,
0x40c278,0x51f6a4,
0x40c27e,0x51f6a0,
0x40c284,0x4bc660,
0x40c28c,0x51f698,
0x40c296,0x4bc668,
0x40c29f,0x4bc21c,
0x40c2b1,0x51f690,
0x40c2ba,0x4bc668,
0x40c2ca,0x51f6a8,
0x40c2d3,0x4bc21c,
0x40c2e1,0x51f6ac,
0x40c2e9,0x51f6b4,
0x40c2ef,0x51f6b8,
0x40c2f4,0x51f690,
0x40c2fb,0x51f690,
0x40c305,0x51f670,
0x40c374,0x4bc670,
0x40c4a0,0x4faed8,
0x40c543,0x4bc68c,
0x40c587,0x4bc690,
0x40c598,0x4bc694,
0x40c625,0x4bc698,
0x40c67b,0x51f654,
0x40c68a,0x51f654,
0x40c6cc,0x51f654,
0x40c6db,0x51f654,
0x40c710,0x4bc698,
0x40c740,0x4bc6a0,
0x40c7c6,0x4bc698,
0x40c81c,0x51f654,
0x40c82b,0x51f654,
0x40c86d,0x51f654,
0x40c87c,0x51f654,
0x40c8b1,0x4bc698,
0x40c8dd,0x4bc694,
0x40c967,0x4bc698,
0x40c9bd,0x51f654,
0x40c9cc,0x51f654,
0x40ca0e,0x51f654,
0x40ca1d,0x51f654,
0x40ca52,0x4bc698,
0x40ca82,0x4bc6a0,
0x40cb08,0x4bc698,
0x40cb5e,0x51f654,
0x40cb6d,0x51f654,
0x40cbaf,0x51f654,
0x40cbbe,0x51f654,
0x40cbf3,0x4bc698,
0x40cc1e,0x4c2dd8,
0x40cc46,0x51f690,
0x40cc4c,0x51f654,
0x40cc51,0x51f6b8,
0x40cc5e,0x5244d8,
0x40cca2,0x40cd74,
0x40cd65,0x4c2df0,
0x40cd74,0x40ccee,
0x40cd78,0x40cd01,
0x40cd7c,0x40cd32,
0x40cd80,0x40ccd2,
0x40cd84,0x40cd19,
0x40cd88,0x40cd4b,
0x40cd8c,0x40cca6,
0x40cd90,0x40ccad,
0x40cdfe,0x4bc6a4,
0x40ce0b,0x4bc6a8,
0x40ce1a,0x4bc6b4,
0x40ce4e,0x4bc6b8,
0x40ce67,0x4bc6b8,
0x40ceba,0x4bc6a4,
0x40cec7,0x4bc6a8,
0x40ced6,0x4bc6ac,
0x40cedc,0x4bc6b4,
0x40cf04,0x4bc6b8,
0x40cf17,0x4bc6b8,
0x40cf75,0x4bc6a4,
0x40cf82,0x4bc6a8,
0x40cf91,0x4bc6b4,
0x40cfc5,0x4bc6b8,
0x40cfdd,0x4bc6b8,
0x40d036,0x4bc6a4,
0x40d043,0x4bc6a8,
0x40d052,0x4bc6ac,
0x40d058,0x4bc6b4,
0x40d080,0x4bc6b8,
0x40d092,0x4bc6b8,
0x40d38b,0x4c2e10,
0x40d3ce,0x4bc6bc,
0x40d922,0x4bc670,
0x40d964,0x4bc670,
0x40dab5,0x4c2e34,
0x40dc1b,0x4c2e34,
0x40dcad,0x4c2e34,
0x40dd1f,0x4bc660,
0x40dd25,0x51f654,
0x40dd41,0x4bc670,
0x40ddad,0x4faed8,
0x40deab,0x4bc680,
0x40dedf,0x4bc6c0,
0x40def5,0x4bc6c4,
0x40df01,0x4bc6c4,
0x40df30,0x4bc6c8,
0x40df45,0x4bc6cc,
0x40df51,0x4bc6cc,
0x40df80,0x4bc6d0,
0x40df8c,0x4bc6d0,
0x40dfc0,0x4bc6c8,
0x40dfd8,0x4bc6d4,
0x40dfe4,0x4bc6d4,
0x40e010,0x4bc6c0,
0x40e021,0x4bc6b8,
0x40e02d,0x4bc6b8,
0x40e059,0x4bc6d8,
0x40e065,0x4bc6d8,
0x40e0b6,0x4bc6a4,
0x40e0c3,0x4bc6a8,
0x40e0e7,0x4bc6e0,
0x40e102,0x4bc6e8,
0x40e18f,0x4bc6e8,
0x40e1f5,0x4c2e34,
0x40e23d,0x4c2e34,
0x40e443,0x4bc6b4,
0x40e4fc,0x4bc6b4,
0x40e622,0x4bc6a4,
0x40e62f,0x4bc6a8,
0x40e65e,0x4bc6b0,
0x40e66c,0x4bc6b4,
0x40e692,0x4bc68c,
0x40e69a,0x4bc68c,
0x40e901,0x5dd778,
0x40e9a1,0x5244bc,
0x40e9a7,0x51f650,
0x40e9af,0x5244bc,
0x40e9b6,0x51f650,
0x40e9bb,0x51f65c,
0x40e9c9,0x51f65c,
0x40ea02,0x40eacc,
0x40ea7b,0x4bc6dc,
0x40ea83,0x4bc6b4,
0x40eaa1,0x4bc6f0,
0x40eab7,0x4bc670,
0x40eacc,0x40ea06,
0x40ead0,0x40ea06,
0x40ead4,0x40ea06,
0x40ead8,0x40ea38,
0x40eadc,0x40ea1f,
0x40eae0,0x40ea1f,
0x40eb05,0x4bc21c,
0x40eb22,0x4bc21c,
0x40ec92,0x51f654,
0x40ec9d,0x4bc660,
0x40ecb7,0x4bc670,
0x40ee95,0x4bc704,
0x40eef1,0x4bc704,
0x40ef85,0x4bc704,
0x40efde,0x4bc704,
0x40f0f8,0x4bc708,
0x40f10e,0x4bc6f0,
0x40f23f,0x4bc218,
0x40f258,0x4bc6e0,
0x40f28f,0x4bc6e0,
0x40f321,0x5dd778,
0x40f3dc,0x4bc6f8,
0x40f480,0x4bc700,
0x40f49b,0x5dd778,
0x40f528,0x40f80c,
0x40f594,0x4bc6dc,
0x40f59c,0x4bc6b4,
0x40f5b2,0x4bc6f0,
0x40f5ba,0x4bc670,
0x40f65c,0x51f65c,
0x40f664,0x5244bc,
0x40f66b,0x51f65c,
0x40f670,0x5244bc,
0x40f6bc,0x4bc6f8,
0x40f777,0x4bc700,
0x40f7a1,0x51f650,
0x40f7a6,0x5244bc,
0x40f7b7,0x51f65c,
0x40f7bb,0x5dd780,
0x40f7cd,0x5dd7e0,
0x40f7e4,0x5244bc,
0x40f7ea,0x51f650,
0x40f7f0,0x5fcb60,
0x40f7f6,0x51f664,
0x40f80c,0x40f52c,
0x40f810,0x40f52c,
0x40f814,0x40f52c,
0x40f818,0x40f556,
0x40f81c,0x40f541,
0x40f820,0x40f541,
0x40f83f,0x5244c4,
0x40f844,0x5244c8,
0x40f84a,0x5244c0,
0x40f851,0x5244c8,
0x40f857,0x5244c4,
0x40f85d,0x5244c0,
0x40f871,0x5244c4,
0x40f877,0x5244c4,
0x40f880,0x5244c0,
0x40f891,0x5244c4,
0x40f8be,0x5244c0,
0x40f8d6,0x5244c8,
0x40f8e0,0x5244c4,
0x40f951,0x4bc738,
0x40f957,0x4bc710,
0x40f99c,0x4bc73c,
0x40f9c1,0x5244c8,
0x40f9d5,0x5244c4,
0x40fa0d,0x4bc720,
0x40fa26,0x4bc724,
0x40fa30,0x4bc728,
0x40fa3a,0x4bc72c,
0x40fa55,0x4bc714,
0x40fabe,0x4bc710,
0x40faea,0x4bc714,
0x40faf0,0x4bc710,
0x40fb17,0x4bc718,
0x40fb28,0x4bc71c,
0x40fba6,0x4bc710,
0x40fbbc,0x4bc740,
0x40fbcc,0x4bc744,
0x40fbe8,0x4bc748,
0x40fc2b,0x4bc74c,
0x40fc35,0x4bc714,
0x40fc48,0x4bc744,
0x40fc57,0x4bc744,
0x40fc6d,0x4bc710,
0x40fc85,0x4bc750,
0x40fcb4,0x4bc754,
0x40fcba,0x4bc758,
0x40fcde,0x4bc750,
0x40fd30,0x4bc75c,
0x40fd45,0x4bc760,
0x40fd4d,0x4bc764,
0x40fd5e,0x4bc768,
0x40fd90,0x4bc760,
0x40fd9e,0x4bc768,
0x40fdd5,0x4bc724,
0x40fe05,0x4bc76c,
0x40fe0d,0x4bc770,
0x40fe34,0x4bc778,
0x40fe5a,0x4bc714,
0x40fee4,0x4bc780,
0x40ff07,0x4bc740,
0x40ff18,0x4bc744,
0x40ffe0,0x4bc718,
0x40ffee,0x4bc738,
0x40fff4,0x4bc784,
0x410060,0x4bc788,
0x41008f,0x4bc790,
0x41009e,0x4bc790,
0x4100b5,0x4bc750,
0x4100c6,0x4bc750,
0x410109,0x4bc750,
0x410139,0x4bc750,
0x410172,0x5244c8,
0x410182,0x5244c4,
0x4101c7,0x4bc754,
0x4101d5,0x4bc758,
0x410211,0x5244c8,
0x410221,0x5244c4,
0x410241,0x4bc750,
0x410261,0x5244c8,
0x410270,0x5244c4,
0x410285,0x4bc750,
0x4102b3,0x5244d4,
0x4102b8,0x5244d0,
0x4102bd,0x5244cc,
0x4102d1,0x5244d4,
0x4102d7,0x5244d0,
0x4102e4,0x5244d4,
0x410311,0x4bc108,
0x41032d,0x5244d4,
0x410333,0x5244d0,
0x410341,0x5244d4,
0x410368,0x5244d4,
0x41036e,0x5244d0,
0x410378,0x5244d4,
0x41039f,0x5244d4,
0x4103a5,0x5244d0,
0x4103ab,0x5244d4,
0x4103e8,0x5244d4,
0x4103ee,0x5244d0,
0x4103f8,0x5244d4,
0x410414,0x5244d4,
0x41041a,0x5244d0,
0x410421,0x5244d4,
0x41043d,0x5244d4,
0x410443,0x5244d0,
0x41044b,0x5244d4,
0x410491,0x5244d4,
0x410497,0x5244d0,
0x4104a1,0x5244d4,
0x4104c8,0x4bc108,
0x410520,0x5244d4,
0x410526,0x5244d0,
0x41052d,0x5244d4,
0x41053d,0x5244d4,
0x410543,0x5244d0,
0x41054a,0x5244d4,
0x41055b,0x5244d4,
0x410561,0x5244d0,
0x41056b,0x5244d4,
0x4105a1,0x5244d4,
0x4105a7,0x5244d0,
0x4105b4,0x5244d4,
0x4105d3,0x4bc108,
0x4105f2,0x5244d4,
0x4105f8,0x5244d0,
0x410606,0x5244d4,
0x41062d,0x5244d4,
0x410633,0x5244d0,
0x41063d,0x5244d4,
0x410671,0x5244d4,
0x410677,0x5244d0,
0x41067d,0x5244d4,
0x4106b4,0x5244d4,
0x4106ba,0x5244d0,
0x4106c0,0x5244d4,
0x410722,0x5244d4,
0x41072d,0x4bc108,
0x410739,0x5244d0,
0x41073f,0x5244d4,
0x410790,0x5244d4,
0x410796,0x5244d0,
0x41079f,0x5244d4,
0x4107cb,0x5244d4,
0x4107d1,0x5244d0,
0x4107db,0x5244d4,
0x410813,0x4bc108,
0x41082c,0x5244d4,
0x410832,0x5244d0,
0x41083f,0x5244d4,
0x410885,0x5244d4,
0x41088b,0x5244d0,
0x410894,0x5244d4,
0x4108c0,0x5244d4,
0x4108c6,0x5244d0,
0x4108d0,0x5244d4,
0x41090c,0x4bc108,
0x410934,0x5244d4,
0x41093a,0x5244d0,
0x410947,0x5244d4,
0x410976,0x5244d4,
0x41097c,0x5244d0,
0x410984,0x5244d4,
0x410999,0x5244d4,
0x41099f,0x5244d0,
0x4109a9,0x5244d4,
0x4109dd,0x5244d4,
0x4109e3,0x5244d0,
0x4109eb,0x5244d4,
0x410a18,0x4c3280,
0x410a54,0x4c3278,
0x410a95,0x4c3270,
0x410ad6,0x4c326c,
0x410b17,0x4c3264,
0x410b58,0x4c3260,
0x410b99,0x4c325c,
0x410bda,0x4c3258,
0x410c1b,0x4c3254,
0x410c5c,0x4c324c,
0x410c9d,0x4c3240,
0x410cde,0x4c3238,
0x410d1f,0x4c322c,
0x410d60,0x4c3224,
0x410da1,0x4c3218,
0x410de2,0x4c3210,
0x410e23,0x4c3208,
0x410e64,0x4c31fc,
0x410ea5,0x4c31f8,
0x410ee6,0x4c31ec,
0x410f27,0x4c31dc,
0x410f68,0x4c31d0,
0x410fa9,0x4c31c8,
0x410fea,0x4c31c0,
0x41102b,0x4c31b8,
0x41106c,0x4c31ac,
0x4110ad,0x4c31a0,
0x4110ee,0x4c3198,
0x41112f,0x4c318c,
0x411170,0x4c3184,
0x4111b1,0x4c3178,
0x4111f2,0x4c316c,
0x411233,0x4c3160,
0x411274,0x4c3158,
0x4112b5,0x4c3150,
0x4112f6,0x4c3144,
0x411337,0x4c3138,
0x411378,0x4c312c,
0x4113b9,0x4c312c,
0x4113fa,0x4c3120,
0x41143b,0x4c3114,
0x41147c,0x4c3104,
0x4114bd,0x4c30f4,
0x4114fe,0x4c30e8,
0x41153f,0x4c30dc,
0x411580,0x4c30d4,
0x4115c1,0x4c30cc,
0x411602,0x4c30c4,
0x411643,0x4c30b8,
0x411684,0x4c30b0,
0x4116c5,0x4c30a4,
0x411706,0x4c309c,
0x411747,0x4c3094,
0x411788,0x4c3088,
0x4117c9,0x4c307c,
0x41180a,0x4c3070,
0x41184b,0x4c3064,
0x41188c,0x4c3058,
0x4118cd,0x4c304c,
0x41190e,0x4c303c,
0x41194f,0x4c3034,
0x411990,0x4c3028,
0x4119d1,0x4c301c,
0x411a12,0x4c3014,
0x411a53,0x4c3008,
0x411a94,0x4c2ffc,
0x411ad5,0x4c2fec,
0x411b16,0x4c2fdc,
0x411b57,0x4c2fd0,
0x411b98,0x4c2fc4,
0x411bd9,0x4c2fbc,
0x411c1a,0x4c2fb0,
0x411c5b,0x4c2fa0,
0x411c9c,0x4c2f94,
0x411cdd,0x4c2f8c,
0x411d1e,0x4c2f80,
0x411d5f,0x4c2f78,
0x411da0,0x4c2f68,
0x411de1,0x4c2f60,
0x411e22,0x4c2f58,
0x411e63,0x4c2f4c,
0x411ea4,0x4c2f44,
0x411ee5,0x4c2f38,
0x411f26,0x4c2f2c,
0x411f67,0x4c2f1c,
0x411fa8,0x4c2f14,
0x411fe9,0x4c2f08,
0x41202a,0x4c2ef8,
0x41206b,0x4c2ef0,
0x4120ac,0x4c2ee0,
0x4120ed,0x4c2ed8,
0x41212e,0x4c2ecc,
0x41216f,0x4c2ec0,
0x4121b0,0x4c2eb8,
0x4121f1,0x4c2ea8,
0x412232,0x4c2e94,
0x412273,0x4c2e8c,
0x4122b5,0x4c2e5c,
0x4122c3,0x4bc214,
0x412329,0x4c331c,
0x41236c,0x4c32f0,
0x412377,0x4c32ec,
0x4123bb,0x4c32b8,
0x4123cc,0x4c3288,
0x412436,0x4c3354,
0x412442,0x4c2a10,
0x4124a3,0x4c3328,
0x4124bc,0x4c3320,
0x4124c3,0x4bc210,
0x412644,0x4c3e50,
0x41264e,0x4c33b4,
0x412663,0x4d86e4,
0x4126aa,0x4c3394,
0x4126e7,0x4c3f34,
0x4126f5,0x4c3f78,
0x412731,0x4c3f78,
0x41273b,0x4bc20c,
0x412789,0x4c3f38,
0x4127a3,0x4c3e5c,
0x4127ad,0x4c3e60,
0x412863,0x4c2a10,
0x412875,0x4c2a10,
0x41288d,0x4c2a10,
0x412912,0x412c3c,
0x412919,0x412c30,
0x41292c,0x412c58,
0x412933,0x412c4c,
0x412954,0x412c74,
0x41295b,0x412c68,
0x412996,0x4c3edc,
0x4129a4,0x4c3ee0,
0x4129d7,0x4c5150,
0x412a1e,0x412c90,
0x412a25,0x412c84,
0x412a6a,0x4c3e58,
0x412aa3,0x4c3e54,
0x412ac2,0x4c3e88,
0x412ad0,0x4c3e8c,
0x412afc,0x4c3e90,
0x412b0c,0x4c33d0,
0x412b42,0x4c3e58,
0x412b65,0x4c3e54,
0x412bd9,0x412cac,
0x412be0,0x412ca0,
0x412c18,0x4c3e58,
0x412c30,0x412941,
0x412c34,0x412941,
0x412c38,0x41291d,
0x412c4c,0x412bca,
0x412c50,0x412bca,
0x412c54,0x412937,
0x412c68,0x41295f,
0x412c6c,0x41295f,
0x412c70,0x412bca,
0x412c84,0x412a2f,
0x412c88,0x412a2f,
0x412c8c,0x412a29,
0x412ca0,0x412be4,
0x412ca4,0x412be4,
0x412ca8,0x412bf4,
0x412cc2,0x5244dc,
0x412ccc,0x5244e0,
0x412d0c,0x4144e4,
0x412d21,0x4c2a10,
0x412d5a,0x4c2a10,
0x412d82,0x4c2a10,
0x412da3,0x5244dc,
0x412dc4,0x4c2a10,
0x412de5,0x5244dc,
0x412e07,0x4c2a10,
0x412e28,0x5244dc,
0x412e4a,0x4c2a10,
0x412e72,0x4c2a10,
0x412e93,0x5244dc,
0x412eb4,0x4c2a10,
0x412f07,0x5244dc,
0x412f29,0x4c2a10,
0x412f54,0x4c2a10,
0x412fa4,0x5244dc,
0x412fc5,0x4c2a10,
0x412ff0,0x4c2a10,
0x413040,0x5244dc,
0x4130a2,0x4c2a10,
0x4130e4,0x4c2a10,
0x413162,0x4c2a10,
0x4131b2,0x4c2a10,
0x413222,0x4c2a10,
0x4132d2,0x4c2a10,
0x413302,0x4c2a10,
0x413365,0x4c2a10,
0x4133bb,0x4bc20c,
0x4133da,0x4c2a10,
0x41341f,0x4c2a10,
0x4134a7,0x4c2a10,
0x413529,0x4c2a10,
0x4135a5,0x4c2a10,
0x413613,0x4c2a10,
0x41365e,0x4c2a10,
0x413698,0x4bc798,
0x4136e5,0x5244e4,
0x4136ef,0x5244e0,
0x413711,0x5244e4,
0x41371b,0x5244e0,
0x413741,0x5244e4,
0x41374b,0x5244e0,
0x413770,0x4c2a10,
0x4137b5,0x4c2a10,
0x41380a,0x4c2a10,
0x41386b,0x4c2a10,
0x4138c3,0x4c2a10,
0x413922,0x4bc798,
0x413973,0x4bc798,
0x413a30,0x4c2a10,
0x413a79,0x4c2a10,
0x413aa7,0x4c2a10,
0x413ae1,0x4c2a10,
0x413b31,0x4c2a10,
0x413b7d,0x4c2a10,
0x413bb7,0x4c2a10,
0x413bf9,0x4c2a10,
0x413c37,0x4c2a10,
0x413c71,0x4c2a10,
0x413cb3,0x4c2a10,
0x413cf1,0x4c2a10,
0x413d19,0x4c2a10,
0x413d5b,0x4c2a10,
0x413db6,0x4c2a10,
0x413e11,0x4c2a10,
0x413e50,0x4c2a10,
0x413e9a,0x4c2a10,
0x413ee2,0x4c2a10,
0x413f36,0x4c2a10,
0x413f6e,0x4c2a10,
0x413f9f,0x4c2a10,
0x413fcc,0x4c2a10,
0x41401c,0x4c2a10,
0x41403d,0x5244dc,
0x41405e,0x4c2a10,
0x41409c,0x4c2a10,
0x4140dc,0x4c2a10,
0x414156,0x4c2a10,
0x41419c,0x4c2a10,
0x4141d0,0x4c2a10,
0x414267,0x4c2a10,
0x4142a6,0x4c2a10,
0x4142e1,0x4c2a10,
0x41431e,0x4c2a10,
0x414346,0x4c2a10,
0x414385,0x4c2a10,
0x4143c3,0x4c2a10,
0x4143fd,0x4c2a10,
0x414440,0x4c2a10,
0x41447c,0x4c2a10,
0x4144b0,0x4c33e8,
0x4144be,0x4bc214,
0x4144e4,0x4144c2,
0x4144e8,0x412d10,
0x4144ec,0x412d4f,
0x4144f0,0x412db9,
0x4144f4,0x412ea9,
0x4144f8,0x412e3f,
0x4144fc,0x413354,
0x414500,0x413f16,
0x414504,0x413393,
0x414508,0x4133a0,
0x41450c,0x4133ad,
0x414510,0x4133c9,
0x414514,0x41340e,
0x414518,0x41368b,
0x41451c,0x4136a8,
0x414520,0x4136d4,
0x414524,0x4136be,
0x414528,0x413700,
0x41452c,0x41372c,
0x414530,0x413453,
0x414534,0x4134ee,
0x414538,0x41351c,
0x41453c,0x4144ae,
0x414540,0x41375f,
0x414544,0x4137a4,
0x414548,0x41399f,
0x41454c,0x4139ae,
0x414550,0x4139bd,
0x414554,0x4139df,
0x414558,0x413a01,
0x41455c,0x413a23,
0x414560,0x413a68,
0x414564,0x413ada,
0x414568,0x413b18,
0x41456c,0x413b64,
0x414570,0x413bee,
0x414574,0x413c2c,
0x414578,0x413ca8,
0x41457c,0x413941,
0x414580,0x4138f0,
0x414584,0x413c6a,
0x414588,0x413ce6,
0x41458c,0x413d4a,
0x414590,0x413da5,
0x414594,0x413e00,
0x414598,0x413e45,
0x41459c,0x413ed1,
0x4145a0,0x413f16,
0x4145a4,0x413f63,
0x4145a8,0x4137e9,
0x4145ac,0x4138b8,
0x4145b0,0x4135d3,
0x4145b4,0x413056,
0x4145b8,0x41308d,
0x4145bc,0x413097,
0x4145c0,0x413125,
0x4145c4,0x4131a7,
0x4145c8,0x4131fe,
0x4145cc,0x413217,
0x4145d0,0x4132b9,
0x4145d4,0x413273,
0x4145d8,0x413334,
0x4145dc,0x413344,
0x4145e0,0x413f2b,
0x4145e4,0x412f1e,
0x4145e8,0x414091,
0x4145ec,0x413e83,
0x4145f0,0x413e93,
0x4145f4,0x413606,
0x4145f8,0x413645,
0x4145fc,0x414053,
0x414600,0x4140c9,
0x414604,0x41410f,
0x414608,0x414191,
0x41460c,0x4141c9,
0x414610,0x414207,
0x414614,0x413575,
0x414618,0x413594,
0x41461c,0x41421b,
0x414620,0x41349c,
0x414624,0x413585,
0x414628,0x41422f,
0x41462c,0x414256,
0x414630,0x414295,
0x414634,0x4142d4,
0x414638,0x414313,
0x41463c,0x41437a,
0x414640,0x413836,
0x414644,0x413bb0,
0x414648,0x412dfc,
0x41464c,0x4143b8,
0x414650,0x4143f0,
0x414654,0x412fba,
0x414658,0x41442f,
0x41465c,0x41446b,
0x414660,0x4144a7,
0x414674,0x504c28,
0x4146b4,0x5244dc,
0x4146d1,0x4149b8,
0x414954,0x4c3404,
0x414978,0x4bc230,
0x4149b8,0x4146d5,
0x4149bc,0x414701,
0x4149c0,0x414736,
0x4149c4,0x41476b,
0x4149c8,0x4147a0,
0x4149cc,0x4147d5,
0x4149d0,0x4147f7,
0x4149d4,0x41481b,
0x4149d8,0x414832,
0x4149dc,0x414989,
0x4149e0,0x414874,
0x4149e4,0x4148c7,
0x4149e8,0x4148fe,
0x4149ec,0x414853,
0x4149fd,0x5244e0,
0x414a09,0x5244e4,
0x414a88,0x4bc104,
0x414b14,0x4bc104,
0x414b52,0x524540,
0x414b61,0x524540,
0x414b67,0x524544,
0x414b71,0x524548,
0x414b84,0x524548,
0x414b92,0x52454c,
0x414ba3,0x52454c,
0x414ba8,0x524540,
0x414bb2,0x524544,
0x414bb7,0x524548,
0x414bda,0x4c3428,
0x414c08,0x4bc7a0,
0x414c37,0x4bc7a8,
0x414c3f,0x4bc7a8,
0x414d55,0x4bc7ac,
0x414d62,0x4bc7b0,
0x414d7f,0x4bc7b4,
0x414dfe,0x4bc7ac,
0x414e0b,0x4bc7b0,
0x414e1a,0x4bc7b4,
0x414e2c,0x4bc7b8,
0x414e3e,0x4bc7b4,
0x414e83,0x4bc7ac,
0x414e9a,0x4bc7b0,
0x414ea9,0x4bc7b4,
0x414ebb,0x4bc7c0,
0x414ecd,0x4bc7b4,
0x414f32,0x4c3450,
0x4150a9,0x4bc7c0,
0x415132,0x4bc800,
0x415183,0x4bc7f8,
0x4151cd,0x4bc7fc,
0x4152c4,0x4bc7ac,
0x4152d1,0x4bc7b0,
0x4152e0,0x4bc808,
0x415302,0x4bc80c,
0x41530a,0x4bc7c4,
0x4153f5,0x4bc7ac,
0x415402,0x4bc7b0,
0x415411,0x4bc808,
0x415433,0x4bc80c,
0x41543b,0x4bc7c4,
0x4154e4,0x4bc810,
0x4154fd,0x4bc814,
0x41550d,0x4c346c,
0x415589,0x4bc810,
0x415598,0x4bc814,
0x4155a9,0x4bc810,
0x4155b8,0x4bc814,
0x4155c4,0x4c346c,
0x4155e2,0x524550,
0x4155f2,0x524550,
0x415601,0x524550,
0x415832,0x524550,
0x415845,0x524550,
0x415857,0x524550,
0x415988,0x4bc820,
0x415a00,0x4c3d80,
0x415ace,0x4bc820,
0x415c2b,0x4bc828,
0x415c44,0x4bc82c,
0x415c78,0x4bc830,
0x415cd3,0x4bc834,
0x415cd9,0x4bc838,
0x415cef,0x4bc83c,
0x415cf8,0x4bc840,
0x415d01,0x4bc21c,
0x415e81,0x4bc844,
0x415e90,0x4bc848,
0x415ecb,0x4bc84c,
0x416030,0x4bc844,
0x416041,0x4bc848,
0x416330,0x4bc860,
0x416347,0x4bc868,
0x41636a,0x4bc870,
0x4163cb,0x4bc878,
0x41640e,0x4bc880,
0x416538,0x4bc830,
0x416544,0x4bc830,
0x41654e,0x4bc884,
0x416571,0x4bc888,
0x41658f,0x4bc88c,
0x4165bc,0x4bc890,
0x4167e6,0x4bc898,
0x416808,0x4bc89c,
0x41683d,0x4c3480,
0x41684d,0x416b58,
0x4168ac,0x4bc830,
0x4168b9,0x4bc888,
0x4168cc,0x4bc884,
0x416954,0x4bc850,
0x416980,0x4bc858,
0x4169aa,0x4bc880,
0x4169ea,0x4bc884,
0x416a5d,0x4bc850,
0x416a89,0x4bc858,
0x416b37,0x4c3dac,
0x416b58,0x416851,
0x416b5c,0x4169a5,
0x416b60,0x4169e5,
0x416b64,0x416ac0,
0x416b68,0x416ad2,
0x416b6c,0x41688f,
0x416b70,0x416b04,
0x416b9f,0x4bc880,
0x416be8,0x4bc20c,
0x416c5f,0x4bc890,
0x416c98,0x4bc8a8,
0x416e73,0x4bc20c,
0x416e97,0x4bc8ac,
0x416ee3,0x4bc884,
0x416efe,0x4bc8b0,
0x416f2e,0x4bc20c,
0x416fa2,0x4bc890,
0x416fd3,0x4bc8b4,
0x41702e,0x4bc8b8,
0x41707c,0x4bc8bc,
0x417385,0x4bc8c0,
0x41739c,0x4bc8c4,
0x417432,0x4bc8c8,
0x41744a,0x4bc8d0,
0x4174d8,0x4bc8d8,
0x417c44,0x4bc8e0,
0x417c75,0x4bc8e0,
0x417d0f,0x4bc8e8,
0x417d89,0x4bc8f0,
0x417e5a,0x4bc8f4,
0x417e69,0x4bc8f8,
0x417e70,0x4bc8fc,
0x417e7d,0x4bc900,
0x417f36,0x4bc908,
0x417f4f,0x4bc910,
0x417fb1,0x4bc914,
0x417fbe,0x4bc918,
0x417fc6,0x4bc91c,
0x417fdb,0x4bc910,
0x417ffb,0x4bc920,
0x418089,0x4bc914,
0x41817f,0x4bc924,
0x4181c5,0x4bc928,
0x418221,0x4194a4,
0x418226,0x4c3de8,
0x41824b,0x4194cc,
0x418252,0x4194c0,
0x418258,0x4bc20c,
0x418274,0x4bc92c,
0x41833e,0x4bc930,
0x418353,0x4bc934,
0x418364,0x4bc938,
0x4183d4,0x4bc93c,
0x4183fa,0x4bc940,
0x418452,0x4bc948,
0x418483,0x4bc950,
0x4184db,0x4bc958,
0x41850c,0x4bc20c,
0x418541,0x4bc960,
0x418709,0x4bc924,
0x41873d,0x4bc20c,
0x418744,0x4bc91c,
0x418754,0x4bc964,
0x41876c,0x4bc968,
0x41877a,0x4bc970,
0x418793,0x4bc978,
0x4188b7,0x4bc980,
0x4188c6,0x4bc988,
0x4188ce,0x4bc990,
0x4188db,0x4bc998,
0x4188e3,0x4bc99c,
0x4188ef,0x4bc9a0,
0x4188f7,0x4bc9a4,
0x418961,0x4bc9a8,
0x418ab7,0x4bc924,
0x418af2,0x4bc914,
0x418b0b,0x4bc978,
0x418c0c,0x4bc9ac,
0x418c1d,0x4bc9b0,
0x418c32,0x4bc9b4,
0x418ca4,0x4bc9b8,
0x418d11,0x4bc934,
0x418d74,0x4bc938,
0x418dcc,0x4bc9bc,
0x418e15,0x4bc20c,
0x418e3e,0x4bc9c0,
0x418eae,0x4bc914,
0x418edb,0x4bc918,
0x418f01,0x4bc918,
0x418f17,0x4bc918,
0x418f2d,0x4bc9c4,
0x418f4a,0x4bc9c4,
0x418f58,0x4bc9c4,
0x41905b,0x4bc924,
0x419093,0x4bc914,
0x4190a4,0x4bc9c8,
0x41911a,0x4bc9b8,
0x41913f,0x419534,
0x419200,0x4bc9dc,
0x41920a,0x4bc9dc,
0x4192cd,0x4bc91c,
0x419377,0x4bc914,
0x4193c0,0x4bc9e0,
0x4193d0,0x4bc9e8,
0x4193e6,0x4bc914,
0x4193f7,0x4bc918,
0x419412,0x4bc9ec,
0x419472,0x4bc9f0,
0x41948c,0x4c3dd4,
0x4194a4,0x418225,
0x4194a8,0x41850a,
0x4194ac,0x41850a,
0x4194b0,0x418e08,
0x4194b4,0x41823b,
0x4194b8,0x418c5a,
0x4194bc,0x41929e,
0x4194c0,0x418256,
0x4194c4,0x418256,
0x4194c8,0x41850a,
0x419534,0x419143,
0x419538,0x41915f,
0x41953c,0x41914d,
0x419540,0x41915f,
0x419544,0x41915f,
0x419699,0x4bca00,
0x4196b0,0x4bc9d4,
0x4196c7,0x4bca04,
0x4196f0,0x4bc91c,
0x419777,0x4bca08,
0x419790,0x4bca08,
0x4197ae,0x4bc91c,
0x4197f5,0x4bc934,
0x419802,0x4bc938,
0x41981d,0x4bc92c,
0x41983b,0x4bc92c,
0x419851,0x4bc92c,
0x41986d,0x4bca0c,
0x4198f1,0x4bc914,
0x4199ca,0x4bc914,
0x419a56,0x4bc8f0,
0x419a63,0x4bca10,
0x419a78,0x4bca14,
0x419a88,0x4bca18,
0x419abb,0x4bca1c,
0x419acc,0x4bca1c,
0x419b09,0x4bca20,
0x419b1e,0x4bca20,
0x419b30,0x4bca14,
0x419b3e,0x4bca14,
0x419bac,0x4bca24,
0x419bb2,0x4bc9a4,
0x419be2,0x4bca20,
0x419c77,0x4bc918,
0x419c88,0x4bca24,
0x419cd7,0x4bc918,
0x419ce8,0x4bca24,
0x419d09,0x4bc8e0,
0x419d1a,0x4bca24,
0x419d2f,0x4bca14,
0x419d54,0x4bc934,
0x419d64,0x4bc938,
0x419da5,0x4bc934,
0x419db5,0x4bc938,
0x419dd9,0x4bca1c,
0x419dea,0x4bca1c,
0x419e6a,0x4bc9ec,
0x419f8c,0x4bc8f0,
0x41a0da,0x4bc8f0,
0x41a157,0x4bca28,
0x41a198,0x4bca30,
0x41a2be,0x4bc924,
0x41a2d3,0x4bc928,
0x41a343,0x41a504,
0x41a349,0x4bc9b4,
0x41a35c,0x4bc9b4,
0x41a36f,0x4bc91c,
0x41a37f,0x4bc91c,
0x41a38f,0x4bc914,
0x41a39f,0x4bc914,
0x41a3af,0x4bc918,
0x41a3bf,0x4bc918,
0x41a3cf,0x4bca38,
0x41a3df,0x4bca38,
0x41a3f7,0x4bca20,
0x41a455,0x4bca3c,
0x41a504,0x41a347,
0x41a508,0x41a35a,
0x41a50c,0x41a36d,
0x41a510,0x41a37d,
0x41a514,0x41a38d,
0x41a518,0x41a39d,
0x41a51c,0x41a3ad,
0x41a520,0x41a3bd,
0x41a524,0x41a3cd,
0x41a528,0x41a3dd,
0x41a603,0x4bca40,
0x41a701,0x4bc914,
0x41a76d,0x4bc9d0,
0x41a87a,0x4bc924,
0x41a8b5,0x4bc914,
0x41a8d9,0x4bc988,
0x41aaf0,0x4bca48,
0x41ab01,0x4bca50,
0x41ab41,0x4bca58,
0x41ab5b,0x4bca1c,
0x41ab6c,0x4bca1c,
0x41acd2,0x4bca60,
0x41ad07,0x4bca60,
0x41ad24,0x524558,
0x41ad2a,0x52455c,
0x41ad30,0x524560,
0x41add7,0x4bc924,
0x41ae12,0x4bc9e0,
0x41ae30,0x4bc988,
0x41ae4d,0x524558,
0x41ae52,0x52455c,
0x41ae63,0x524560,
0x41af1f,0x4bca58,
0x41af66,0x4bca60,
0x41af97,0x4bca60,
0x41b02c,0x524558,
0x41b032,0x52455c,
0x41b039,0x524560,
0x41b081,0x4bc924,
0x41b0bc,0x4bc9e0,
0x41b0da,0x4bc988,
0x41b129,0x524558,
0x41b13c,0x52455c,
0x41b144,0x524560,
0x41b1c0,0x4bca58,
0x41b208,0x4bca68,
0x41b238,0x4bca68,
0x41b27c,0x4bc100,
0x41b416,0x4bc9cc,
0x41b420,0x4bc9cc,
0x41b430,0x4bc9cc,
0x41b4f3,0x4bc918,
0x41b50f,0x4bc918,
0x41b53b,0x4bc918,
0x41b596,0x4bc9a8,
0x41b5a5,0x4bc9a8,
0x41b5b2,0x4bca6c,
0x41b653,0x4bc91c,
0x41b665,0x4bca70,
0x41b66b,0x4bca74,
0x41b675,0x4bc20c,
0x41b746,0x4bca7c,
0x41b7b9,0x4bca80,
0x41b7d8,0x4bca7c,
0x41b80c,0x4bc970,
0x41b839,0x4bca88,
0x41b858,0x4bca90,
0x41b860,0x4bca94,
0x41b875,0x4bc9d0,
0x41b8d1,0x4bca98,
0x41b943,0x4bca98,
0x41b986,0x4bca9c,
0x41ba13,0x4bc9b4,
0x41bab2,0x4bcaa0,
0x41babf,0x4bc91c,
0x41bade,0x4bcaa0,
0x41bb5a,0x4bc9c8,
0x41bbb5,0x4bca90,
0x41bbbd,0x4bca94,
0x41bbc6,0x4bca0c,
0x41bbce,0x4bc9f8,
0x41bbf1,0x4bca9c,
0x41bc5a,0x4bca9c,
0x41bc77,0x4bc9d0,
0x41bce9,0x4bc9d0,
0x41bd56,0x4bc9b4,
0x41bd88,0x4bc914,
0x41be09,0x4bcaa0,
0x41be33,0x4bcaa0,
0x41beaf,0x4bc9c8,
0x41bf0a,0x4bca90,
0x41bf12,0x4bca94,
0x41bf1b,0x4bca0c,
0x41bf23,0x4bc9f8,
0x41bf4a,0x4bc9d0,
0x41bfc0,0x4bc9d0,
0x41bfe2,0x4bca9c,
0x41c043,0x4bca9c,
0x41c0db,0x4bc914,
0x41c0e9,0x4bc914,
0x41c0fb,0x4bc940,
0x41c108,0x4bc940,
0x41c110,0x4bcaa4,
0x41c122,0x4bcaa8,
0x41c151,0x4bc91c,
0x41c157,0x4bc934,
0x41c164,0x4bc938,
0x41c19b,0x4bca38,
0x41c231,0x4bcab0,
0x41c323,0x4bcab4,
0x41c32c,0x4bc20c,
0x41c4df,0x41c54a,
0x41c4e6,0x41c53e,
0x41c53e,0x41c4ea,
0x41c542,0x41c4ea,
0x41c546,0x41c514,
0x41c5e3,0x4bcab0,
0x41c5ec,0x4bc20c,
0x41c6df,0x4bcab8,
0x41c6fc,0x4bcabc,
0x41c705,0x4bcabc,
0x41c715,0x4bcac0,
0x41c781,0x4bcac8,
0x41c7f8,0x4bcac8,
0x41c853,0x4bcab4,
0x41c85c,0x4bc20c,
0x41c923,0x4bcad0,
0x41c92c,0x4bc20c,
0x41c9f6,0x4bc20c,
0x41ca4c,0x4bcad4,
0x41ca68,0x4bcad8,
0x41ca7d,0x4bcadc,
0x41cb23,0x4bcae0,
0x41cb2c,0x4bc20c,
0x41cbe2,0x4bcae4,
0x41cc8e,0x4bcae8,
0x41cca1,0x4bcae8,
0x41ccae,0x4bcae8,
0x41cdaa,0x4bcae8,
0x41cdfa,0x4bcaf0,
0x41ce00,0x4bcaf8,
0x41ce7b,0x4bcaf8,
0x41ceea,0x4bcaf8,
0x41cfc7,0x4bcb00,
0x41d08b,0x4bcb04,
0x41d0ac,0x4bcadc,
0x41d0d9,0x4bcb08,
0x41d123,0x4bcaf8,
0x41d130,0x4bcb0c,
0x41d144,0x4bcb10,
0x41d1e4,0x4bcb18,
0x41d1f1,0x4bcb04,
0x41d213,0x4bcae4,
0x41d2af,0x4bcadc,
0x41d2c5,0x4bcadc,
0x41d2db,0x4bcadc,
0x41d2f1,0x4bcadc,
0x41d3cd,0x4bcae4,
0x41d426,0x4bcb20,
0x41d437,0x4bcb24,
0x41d52c,0x4bcb28,
0x41d5b6,0x4bcadc,
0x41d656,0x4bcae4,
0x41d6b5,0x4bcb04,
0x41d715,0x4bcae4,
0x41d906,0x4bcae4,
0x41d96f,0x41daf8,
0x41da27,0x4bcae4,
0x41dace,0x4bc20c,
0x41daf8,0x41d973,
0x41dafc,0x41d973,
0x41db00,0x41d973,
0x41db04,0x41da53,
0x41db08,0x41d97f,
0x41db0c,0x41d973,
0x41db82,0x4bcae4,
0x41db9c,0x4bcae8,
0x41dbef,0x4bcad0,
0x41dc16,0x4bcb2c,
0x41dcbb,0x4bcad4,
0x41dcc4,0x4bcae4,
0x41dcd0,0x4bcb30,
0x41dd2d,0x4bcae4,
0x41dd39,0x4bcb30,
0x41de1a,0x4bcae4,
0x41de34,0x4bcae8,
0x41de87,0x4bcad0,
0x41deae,0x4bcb2c,
0x41df53,0x4bcad4,
0x41df5c,0x4bcae4,
0x41df68,0x4bcb30,
0x41dfb9,0x4bcae4,
0x41dfc5,0x4bcb30,
0x41e057,0x4bcb34,
0x41e0a1,0x4bcb38,
0x41e0e6,0x4bcb3c,
0x41e116,0x4bcb40,
0x41e13a,0x4bcb48,
0x41e251,0x4bcb38,
0x41e283,0x4bcb48,
0x41e31e,0x4bcb34,
0x41e327,0x4bc20c,
0x41e35a,0x4bcae0,
0x41e376,0x4bc20c,
0x41e481,0x4bcb4c,
0x41e4a0,0x4bcb00,
0x41e4a9,0x4bc20c,
0x41e4ce,0x4bcb50,
0x41e4f0,0x4bcb00,
0x41e4f9,0x4bc20c,
0x41e535,0x4bcb00,
0x41e53e,0x4bc20c,
0x41e6ed,0x4bcb28,
0x41e78f,0x4bcb30,
0x41e798,0x4bc20c,
0x41e861,0x4bcb30,
0x41e8ed,0x4bcab0,
0x41e9be,0x41ec09,
0x41e9cd,0x4bcb54,
0x41ea38,0x4bc20c,
0x41ea91,0x4bcae4,
0x41eaff,0x4bcb58,
0x41eb36,0x4bcae4,
0x41eb78,0x4bcb5c,
0x41eb90,0x4bcae4,
0x41ebf9,0x4ecf28,
0x41ec09,0x41e9c2,
0x41ec0d,0x41ea86,
0x41ec11,0x41eb31,
0x41ec15,0x41ebde,
0x41ec94,0x4bcb60,
0x41ed23,0x4bcb28,
0x41ed2c,0x4bc20c,
0x41edc8,0x4bcb28,
0x41ede5,0x4bcb64,
0x41f096,0x4bcb68,
0x41f0cb,0x4bcb6c,
0x41f123,0x4bcae4,
0x41f13d,0x4bcb70,
0x41f14d,0x4bcb00,
0x41f16b,0x4bcae4,
0x41f171,0x4bcad8,
0x41f177,0x4bcae8,
0x41f193,0x4bcae4,
0x41f199,0x4bcad8,
0x41f1e2,0x4bcb78,
0x41f1f3,0x4bcb80,
0x41f21c,0x4bcb88,
0x41f22c,0x4bcb30,
0x41f232,0x4bcb90,
0x41f238,0x4bcae8,
0x41f254,0x4bcb30,
0x41f25a,0x4bcb90,
0x41f284,0x4bcae4,
0x41f28a,0x4bcae8,
0x41f2a6,0x4bcae4,
0x41f2b8,0x4bcb70,
0x41f2d9,0x4bcb94,
0x41f2ea,0x4bcb28,
0x41f37e,0x4bcb90,
0x41f395,0x4bcae8,
0x41f3c5,0x4bcb00,
0x41f4ba,0x4bcb98,
0x41f4f0,0x4bcae8,
0x41f503,0x4bcb28,
0x41f5d6,0x4bc20c,
0x41f5e1,0x4bcae4,
0x41f5ed,0x4bcb64,
0x41f625,0x4bcb9c,
0x41f68f,0x4bcba0,
0x41f6ad,0x4bcba4,
0x41f6b9,0x4bcb04,
0x41f724,0x4bcba8,
0x41f78d,0x4bcae8,
0x41f7c8,0x4bcad4,
0x41f8a7,0x4bcb2c,
0x41f8f5,0x4ecf3c,
0x41f9fc,0x4bcbac,
0x41fa0e,0x4ecff4,
0x41fa4a,0x4bcbac,
0x41fa5c,0x4ecfd0,
0x41fa89,0x4ecfa8,
0x41facd,0x4ecf80,
0x41fb6c,0x4ecf60,
0x41fe69,0x4bcbb0,
0x41fe83,0x4bcbb4,
0x41ff5b,0x4bcbc0,
0x41ff73,0x4bcbb8,
0x41ff86,0x4bcbc0,
0x41ffa8,0x4bcbc8,
0x41ffbd,0x4bcbd0,
0x41ffdb,0x4bcbd8,
0x41fffb,0x4bcbc8,
0x420001,0x4bcbe0,
0x420009,0x4bcbdc,
0x420059,0x4bcbe4,
0x420082,0x4bcbc8,
0x420093,0x4bcbe8,
0x4200b0,0x4bcbf0,
0x4200c1,0x4bcbf8,
0x4200c7,0x4bcbe0,
0x4200cf,0x4bcbfc,
0x4200e2,0x4bcbe0,
0x420103,0x4bcbc8,
0x420109,0x4bcbe0,
0x42011a,0x4bcbe0,
0x420120,0x4bcc00,
0x420141,0x4bcc04,
0x42018d,0x4bcbfc,
0x4201ce,0x4bcbe0,
0x4201df,0x4bcc08,
0x4201f8,0x4bcbe0,
0x42020d,0x4bcbb4,
0x4202f2,0x4bcbb0,
0x42030c,0x4bcbb4,
0x4203da,0x4bcc18,
0x4203f8,0x4bcc18,
0x42043f,0x4bcbc8,
0x42045c,0x4bcc20,
0x420470,0x4bcc24,
0x420492,0x4bcc24,
0x420499,0x4bcc28,
0x4204bb,0x4bcbd0,
0x4205f6,0x4bcc38,
0x42060a,0x4bcc58,
0x420622,0x4bcc5c,
0x42062f,0x4bcc24,
0x420663,0x4ed020,
0x420673,0x420894,
0x4206a6,0x4bcc10,
0x4206e3,0x4bcc38,
0x4206f7,0x4bcc40,
0x42071e,0x4bcc4c,
0x420732,0x4bcc50,
0x42074f,0x4ed7a0,
0x4207e8,0x4bcc30,
0x420807,0x4bcbe0,
0x420852,0x4bcbe0,
0x420875,0x4bcc0c,
0x420894,0x420677,
0x420898,0x420686,
0x42089c,0x420691,
0x4208a0,0x420763,
0x4208a4,0x42076e,
0x4208a8,0x420780,
0x4208ac,0x4207bd,
0x4208b0,0x4207d5,
0x4208b4,0x4206c2,
0x4208b8,0x42074e,
0x4208bc,0x420792,
0x4208c0,0x420799,
0x4208c4,0x42075b,
0x4208c8,0x42075b,
0x4208cc,0x4206fd,
0x4209ce,0x4bcc64,
0x420b68,0x4bc20c,
0x420b99,0x4bcc68,
0x420c26,0x4bcc6c,
0x420c4a,0x4bcc70,
0x420cc9,0x4bcc80,
0x420cf1,0x4bcc88,
0x420e1e,0x4bcc90,
0x420f3e,0x4bcc98,
0x420ff8,0x4bc20c,
0x421029,0x4bcc68,
0x4210b6,0x4bcc6c,
0x421140,0x4bcca0,
0x421168,0x4bcc88,
0x4211bc,0x5fce00,
0x4211c5,0x4ed7e0,
0x4211cb,0x524564,
0x4211df,0x4ed7e4,
0x4211e4,0x5fce00,
0x421202,0x5fcdc0,
0x421208,0x524564,
0x42120c,0x5fce00,
0x421218,0x5fce40,
0x421220,0x5fce08,
0x421231,0x5fcdf4,
0x42123a,0x5fcdc0,
0x42123f,0x5fce40,
0x42124a,0x5fcdf8,
0x421253,0x5fce5c,
0x421258,0x5fce60,
0x42125d,0x52467c,
0x421263,0x5fcdfc,
0x42126f,0x5fce64,
0x421279,0x5fce68,
0x421283,0x5fce6c,
0x42128d,0x5fce70,
0x421295,0x5fce74,
0x42129f,0x5fce78,
0x4212ab,0x5fce74,
0x4212b5,0x5fce78,
0x4212bf,0x5fce7c,
0x4212c6,0x5fce00,
0x4212cc,0x654b93,
0x4212d8,0x5fce1c,
0x42130c,0x524564,
0x421325,0x4bccc8,
0x421334,0x5fcc24,
0x42133a,0x5fcc20,
0x421348,0x4bccd0,
0x421357,0x5fcdb4,
0x421365,0x4bccd8,
0x42136f,0x4bccdc,
0x42137a,0x654b90,
0x42138d,0x654b92,
0x4213bb,0x524564,
0x4213d2,0x524564,
0x4213e3,0x4bc110,
0x4213ea,0x5fcc00,
0x4213f0,0x5fcbf4,
0x42140d,0x4ed7e8,
0x42141d,0x524564,
0x42143e,0x524564,
0x42144e,0x524564,
0x421469,0x4ed7ec,
0x4215e8,0x4bc20c,
0x4215fc,0x4ed7b8,
0x421639,0x524564,
0x421656,0x5fcbf4,
0x42165c,0x5fcbfc,
0x421665,0x524564,
0x421673,0x524564,
0x4216af,0x5fcbf4,
0x4216b5,0x5fcbfc,
0x4216eb,0x524564,
0x4216fb,0x5fcc00,
0x421705,0x4bc10c,
0x42170b,0x5fcbf4,
0x421725,0x4ed7e8,
0x421732,0x524564,
0x421748,0x524564,
0x42178f,0x524564,
0x4217d4,0x5fcbf4,
0x421809,0x52467c,
0x42181d,0x524564,
0x421828,0x524564,
0x421834,0x4bcce0,
0x421849,0x5fcc20,
0x421892,0x524564,
0x4218b8,0x4ed7ec,
0x4218de,0x524564,
0x421901,0x524564,
0x42195a,0x4c2724,
0x421963,0x5fcdc4,
0x421969,0x5fcdc8,
0x42196f,0x5fcdcc,
0x421974,0x5fce44,
0x421979,0x5fcdd0,
0x42197f,0x5fce48,
0x421985,0x5fcdd4,
0x42198b,0x5fce4c,
0x421991,0x5fcdd8,
0x421996,0x5fce50,
0x42199c,0x5fce54,
0x4219a2,0x5fce58,
0x4219e9,0x5fce44,
0x4219fa,0x5fce48,
0x421a04,0x5fce50,
0x421a09,0x5fce54,
0x421a0f,0x5fce4c,
0x421a15,0x5fce58,
0x421a1e,0x5fce74,
0x421a2d,0x5fce74,
0x421a37,0x5fce78,
0x421a45,0x5fce40,
0x421a61,0x524564,
0x421aa6,0x524564,
0x421ac6,0x654b90,
0x421af4,0x654b92,
0x421b1e,0x524564,
0x421b2f,0x524564,
0x421b44,0x524564,
0x421b73,0x4fe534,
0x421bbc,0x4c2908,
0x421bcc,0x4c2908,
0x421c37,0x4bccf0,
0x421c49,0x524564,
0x421c5a,0x4bc210,
0x421d01,0x524564,
0x421d52,0x524564,
0x421df4,0x524568,
0x421df9,0x4ed7f8,
0x421e02,0x4ed7f0,
0x421e09,0x4bc234,
0x421e0e,0x524568,
0x421e1a,0x524568,
0x421e22,0x524568,
0x421e3a,0x524564,
0x421e92,0x524564,
0x421f52,0x524564,
0x4220c1,0x4ed7e8,
0x42210f,0x4bc20c,
0x42211e,0x4ed7b8,
0x4221d1,0x524564,
0x4221ee,0x4bc210,
0x422231,0x524564,
0x422245,0x4bc210,
0x422274,0x524564,
0x4222c1,0x524564,
0x4222da,0x4bc210,
0x422300,0x524564,
0x422342,0x524564,
0x42235d,0x524564,
0x422384,0x4fe534,
0x422401,0x524564,
0x422441,0x524564,
0x42245c,0x4c2730,
0x422469,0x4c2908,
0x422479,0x4c2908,
0x42249f,0x4c2890,
0x4224ad,0x5fcdc4,
0x4224b3,0x4c2898,
0x4224bc,0x5fcdd0,
0x4224c1,0x4c2778,
0x4224c7,0x5fcdd4,
0x4224cd,0x5fcdc8,
0x4224d3,0x4c2784,
0x4224d9,0x5fcdd8,
0x4224df,0x4c2790,
0x4224e4,0x5fcddc,
0x4224e9,0x4c2774,
0x4224ef,0x5fcde0,
0x4224f5,0x4c28a0,
0x4224fb,0x4c2780,
0x422501,0x5fcde4,
0x422507,0x4c278c,
0x42250c,0x5fcde8,
0x422511,0x524564,
0x42251a,0x5fcdcc,
0x422520,0x5fcdec,
0x422526,0x5fcdf0,
0x422530,0x5fcdc0,
0x42254f,0x524564,
0x42255e,0x524564,
0x422564,0x524564,
0x4225cf,0x524564,
0x4225f9,0x524564,
0x42260d,0x4bc210,
0x422659,0x4ed7ec,
0x4226c7,0x524564,
0x4226f2,0x524564,
0x42272d,0x524564,
0x422759,0x524564,
0x42279b,0x4c2908,
0x4227aa,0x524564,
0x4227af,0x4c2908,
0x422820,0x4bccf0,
0x42283c,0x524564,
0x422846,0x4bc210,
0x422876,0x524564,
0x422a92,0x524564,
0x422b22,0x524564,
0x422b47,0x4c2908,
0x422b5e,0x4c2908,
0x422b73,0x524564,
0x422bf3,0x4bccf0,
0x422c52,0x524564,
0x422ce8,0x4bccf0,
0x422cf6,0x524564,
0x422e81,0x524564,
0x422ea5,0x5fcbf4,
0x422eb2,0x524564,
0x422f75,0x4231a4,
0x422fbd,0x4ed860,
0x422fe6,0x4ed854,
0x423012,0x4ed854,
0x423046,0x4ed848,
0x423072,0x4ed848,
0x4230a6,0x4ed838,
0x4230d2,0x4ed838,
0x4230ea,0x4ed82c,
0x4230f7,0x4ed81c,
0x42310c,0x4ed810,
0x42313d,0x4ed810,
0x423152,0x4ed810,
0x423175,0x4ed804,
0x4231a4,0x422f79,
0x4231a8,0x422f8b,
0x4231ac,0x422f99,
0x4231b0,0x422fa8,
0x4231b4,0x422fc6,
0x4231b8,0x423026,
0x4231bc,0x423086,
0x4231c0,0x4230e6,
0x4231c4,0x4230f3,
0x4231c8,0x4230fd,
0x4231cc,0x423143,
0x4231d0,0x423179,
0x4231d4,0x423179,
0x4231d8,0x423179,
0x4231dc,0x423179,
0x4231e0,0x423171,
0x423325,0x4ed800,
0x423331,0x524570,
0x423351,0x4ed800,
0x423369,0x4ed800,
0x42337c,0x654b90,
0x42338d,0x4ed800,
0x4233a6,0x524570,
0x4233bd,0x524574,
0x4233c4,0x4ed800,
0x4233d1,0x524570,
0x4233db,0x4ed800,
0x4233e9,0x524570,
0x4233f3,0x52456c,
0x423401,0x524570,
0x42340f,0x4bc100,
0x423415,0x524578,
0x42341d,0x524574,
0x423432,0x524578,
0x423446,0x52456c,
0x423450,0x654b90,
0x423461,0x4ed800,
0x42346c,0x524574,
0x423488,0x52456c,
0x423492,0x524570,
0x4234a6,0x524570,
0x4234af,0x52456c,
0x4234b9,0x4ed800,
0x4234c2,0x654b90,
0x4234d5,0x52456c,
0x4234e6,0x524570,
0x4234ef,0x52456c,
0x4234f8,0x4ed800,
0x423503,0x654b90,
0x423515,0x52456c,
0x42355b,0x4ed86c,
0x42358b,0x4ed86c,
0x4235bb,0x4ed878,
0x4235eb,0x4ed878,
0x42360c,0x524580,
0x423621,0x524580,
0x42363f,0x4c2dcc,
0x423646,0x4bc210,
0x423653,0x524580,
0x42367f,0x654b93,
0x423692,0x654b92,
0x42369e,0x52457c,
0x423720,0x52457c,
0x423751,0x4bc28c,
0x423760,0x4bc100,
0x423769,0x52457c,
0x4237ba,0x52457c,
0x4237d5,0x52457c,
0x4237f1,0x4238e0,
0x4237fd,0x4bc100,
0x4238c5,0x52457c,
0x4238e1,0x52457c,
0x42393f,0x52457c,
0x423964,0x4bc100,
0x423999,0x4238e0,
0x4239e0,0x52457c,
0x4239e8,0x52457c,
0x423a13,0x52457c,
0x423a6e,0x52457c,
0x423a82,0x52457c,
0x423a92,0x52457c,
0x423ab9,0x4ed884,
0x423ac4,0x52457c,
0x423b08,0x52457c,
0x423b57,0x4bc374,
0x423be5,0x4bc364,
0x423c19,0x524678,
0x423c42,0x4ed890,
0x423c55,0x4ed890,
0x423c6a,0x4ed890,
0x423c89,0x4bc36c,
0x423caf,0x4bc380,
0x423ce6,0x4bc380,
0x423d08,0x4ed894,
0x423d1d,0x4ed894,
0x423d33,0x4ed894,
0x423d59,0x524658,
0x423d5f,0x52465c,
0x423d76,0x4ed890,
0x423d7c,0x4bc374,
0x423d86,0x524674,
0x423dae,0x524674,
0x423db5,0x4ed890,
0x423dc9,0x4ed890,
0x423dd3,0x524674,
0x423ddd,0x524670,
0x423dee,0x423f44,
0x423df4,0x524674,
0x423dfb,0x4ed890,
0x423e0f,0x4ed890,
0x423e19,0x524674,
0x423e26,0x524588,
0x423e35,0x524588,
0x423e3f,0x524674,
0x423e4c,0x4ed890,
0x423e86,0x524660,
0x423e97,0x524664,
0x423ea0,0x524668,
0x423ea5,0x52466c,
0x423eaa,0x654b90,
0x423ee3,0x4ed894,
0x423ef0,0x4bc368,
0x423f15,0x423f54,
0x423f44,0x423df2,
0x423f48,0x423e25,
0x423f4c,0x423e25,
0x423f50,0x423e34,
0x423f54,0x423f2d,
0x423f58,0x423f23,
0x423f5c,0x423dd7,
0x423f60,0x423dd7,
0x423f64,0x423f19,
0x423f68,0x423f37,
0x423f72,0x524674,
0x423f7c,0x4ed890,
0x423f8f,0x4bc374,
0x423f95,0x4ed890,
0x423f9f,0x524674,
0x423fb1,0x524674,
0x423fc3,0x4ed890,
0x423fc9,0x4bc374,
0x423fec,0x524674,
0x423ff5,0x4ed890,
0x42400a,0x4ed890,
0x424014,0x524674,
0x424091,0x524674,
0x4240a3,0x4ed890,
0x4240a9,0x4bc374,
0x4240cc,0x524674,
0x4240d9,0x4ed890,
0x4240f3,0x4ed890,
0x4240fd,0x524674,
0x424106,0x524670,
0x424121,0x424170,
0x42412b,0x524670,
0x42413a,0x524670,
0x424149,0x524670,
0x424158,0x524670,
0x424168,0x524670,
0x424170,0x424143,
0x424174,0x424134,
0x424178,0x424161,
0x42417c,0x424161,
0x424180,0x424125,
0x424184,0x424152,
0x424191,0x524674,
0x4241b6,0x4ed890,
0x4241bc,0x4bc374,
0x4241e3,0x524674,
0x4241ec,0x4ed890,
0x424201,0x4ed890,
0x42420b,0x524674,
0x424225,0x42441c,
0x424235,0x524588,
0x424245,0x524590,
0x42424c,0x524590,
0x424263,0x4ed890,
0x42427d,0x524674,
0x42428a,0x4ed890,
0x4242ad,0x524674,
0x4242b7,0x4ed890,
0x4242cc,0x4ed890,
0x4242d6,0x524674,
0x4242f1,0x42442c,
0x424323,0x424444,
0x42432a,0x524660,
0x42432f,0x524664,
0x424334,0x524668,
0x42433b,0x524674,
0x424345,0x4ed890,
0x42437f,0x524660,
0x424390,0x524664,
0x424396,0x524668,
0x42439e,0x52466c,
0x4243a3,0x4ed890,
0x4243bf,0x4ed890,
0x4243ef,0x424454,
0x42441c,0x4243d2,
0x424420,0x424229,
0x424424,0x42427c,
0x424428,0x4243bd,
0x42442c,0x424303,
0x424430,0x4242fc,
0x424434,0x424311,
0x424438,0x424311,
0x42443c,0x4242f5,
0x424440,0x42430a,
0x424444,0x424327,
0x424448,0x424327,
0x42444c,0x42433a,
0x424450,0x4243a2,
0x424454,0x424407,
0x424458,0x4243fd,
0x42445c,0x424213,
0x424460,0x424213,
0x424464,0x4243f3,
0x424468,0x424411,
0x424471,0x524674,
0x424486,0x4bc374,
0x424492,0x4ed890,
0x4244a6,0x524674,
0x4244ad,0x4ed890,
0x4244cd,0x524674,
0x4244d5,0x4ed890,
0x4244e9,0x4ed890,
0x4244f3,0x524674,
0x424519,0x424538,
0x424538,0x424528,
0x42453c,0x424521,
0x424540,0x4244f7,
0x424544,0x4244f7,
0x424548,0x42451d,
0x42454c,0x42452f,
0x424551,0x524674,
0x424565,0x4ed890,
0x42456b,0x4bc374,
0x424593,0x524674,
0x42459c,0x4ed890,
0x4245b1,0x4ed890,
0x4245bb,0x524674,
0x4245ca,0x524670,
0x4245e1,0x4bc25c,
0x4245e8,0x524588,
0x42460c,0x524670,
0x424637,0x424658,
0x424658,0x424642,
0x42465c,0x42463b,
0x424660,0x4245c3,
0x424664,0x4245c3,
0x424668,0x4245c8,
0x42466c,0x42464c,
0x424671,0x524674,
0x424697,0x4ed890,
0x42469d,0x4bc374,
0x4246c1,0x524674,
0x4246ca,0x4ed890,
0x4246df,0x4ed890,
0x4246e9,0x524674,
0x42473d,0x524674,
0x42474a,0x4ed890,
0x424771,0x524674,
0x42477b,0x4ed890,
0x424790,0x4ed890,
0x42479a,0x524674,
0x4247d9,0x524660,
0x4247de,0x524664,
0x4247e4,0x524668,
0x4247ee,0x52466c,
0x4247ff,0x524588,
0x42480d,0x52458c,
0x424831,0x524590,
0x424838,0x524590,
0x42484e,0x4ed890,
0x424876,0x524590,
0x42487d,0x524590,
0x424893,0x4ed890,
0x4248a9,0x524660,
0x4248ae,0x524664,
0x4248b3,0x524668,
0x4248c1,0x4ed890,
0x4248d5,0x524588,
0x4248e5,0x524590,
0x4248ec,0x524590,
0x424902,0x4ed890,
0x424960,0x424715,
0x424964,0x42470e,
0x424968,0x42471c,
0x42496c,0x42471c,
0x424970,0x42472a,
0x424974,0x424914,
0x424978,0x4247b4,
0x42497c,0x4247b4,
0x424980,0x4247c8,
0x424984,0x4247d7,
0x424988,0x424949,
0x42498c,0x42493f,
0x424990,0x4247a2,
0x424994,0x4247a2,
0x424998,0x424935,
0x42499c,0x424953,
0x4249a1,0x524674,
0x4249bf,0x4ed890,
0x4249c5,0x4bc374,
0x4249e8,0x524674,
0x424a24,0x4ed890,
0x424a7a,0x524674,
0x424a87,0x4ed890,
0x424a9b,0x4ed890,
0x424aa5,0x524674,
0x424ac1,0x524674,
0x424ace,0x4ed890,
0x424aec,0x4bc374,
0x424b31,0x524674,
0x424b46,0x524588,
0x424b50,0x52458c,
0x424b88,0x4ed894,
0x424ba1,0x4bc368,
0x424c30,0x424ca0,
0x424ce3,0x4bccf8,
0x424cf1,0x4bccfc,
0x424cfa,0x4bcd00,
0x424d00,0x4bcd04,
0x424d7e,0x424ca0,
0x425026,0x4bc28c,
0x4250be,0x4bc28c,
0x425202,0x4bc238,
0x425207,0x4ed898,
0x42530a,0x4bc238,
0x42530f,0x4ed898,
0x425431,0x4bcf48,
0x42549e,0x4bc238,
0x4254a3,0x4ed898,
0x425735,0x5fcbf4,
0x425745,0x5fcbf4,
0x425781,0x4bcf48,
0x4257b3,0x4bc238,
0x4257b8,0x4ed898,
0x42588c,0x4bc238,
0x425891,0x4ed898,
0x425958,0x5fcbf4,
0x42595f,0x5fcbf4,
0x425995,0x4bc238,
0x42599a,0x4ed898,
0x425a19,0x4ed7ec,
0x425a2e,0x4ed7ec,
0x425a3d,0x5fcc00,
0x425a46,0x4bc104,
0x425adf,0x5fcbf4,
0x425ae7,0x5fcbf4,
0x425b1d,0x4bc238,
0x425b22,0x4ed898,
0x425ba1,0x4ed7ec,
0x425bb6,0x4ed7ec,
0x425bc5,0x5fcc00,
0x425bce,0x4bc104,
0x425c44,0x4bc3b8,
0x425c4f,0x52467c,
0x425c8a,0x4bc3bc,
0x425ce5,0x4ed8fc,
0x425d17,0x5fcbfc,
0x425d1f,0x5fcbfc,
0x425d2c,0x5fcbf8,
0x425d8a,0x4ed8d0,
0x425dba,0x4bcf38,
0x425dd6,0x4ed8a0,
0x425e44,0x4bc3bc,
0x425e6c,0x5fcc00,
0x425e76,0x4bc108,
0x425e91,0x4ed7ec,
0x425f45,0x5fcbf4,
0x425f4d,0x5fcbf4,
0x425f83,0x4bc238,
0x425f88,0x4ed898,
0x426007,0x4ed7ec,
0x42601c,0x4ed7ec,
0x42602b,0x5fcc00,
0x426034,0x4bc104,
0x4260b2,0x4ed8d0,
0x42623f,0x4bcd0c,
0x426252,0x4faf18,
0x426266,0x4faf18,
0x426271,0x4bcd0c,
0x426284,0x4faf18,
0x42629a,0x4faf18,
0x42654b,0x4bcd10,
0x42656e,0x4bcd10,
0x4265b1,0x4bcd10,
0x4265c6,0x4bcd10,
0x426627,0x4bcd10,
0x42663b,0x4bcd10,
0x426651,0x4bcd10,
0x426671,0x4bcd10,
0x4267a1,0x5dcfa8,
0x4267a7,0x4edd48,
0x4267b4,0x4edd30,
0x4267d4,0x4f9538,
0x42684f,0x4f9538,
0x426899,0x4ed930,
0x426914,0x4bc0b0,
0x426924,0x4bc0a0,
0x426929,0x4ede54,
0x426948,0x4bc210,
0x426954,0x4c2628,
0x426967,0x524690,
0x426970,0x524694,
0x42697a,0x524694,
0x42698a,0x4bc0a4,
0x42699b,0x5246d4,
0x4269aa,0x4bc0a4,
0x4269ba,0x4ede48,
0x4269c3,0x5246b4,
0x4269cc,0x5246b4,
0x4269f7,0x608ba0,
0x426a09,0x4ede38,
0x426a10,0x608ba0,
0x426a17,0x4ede2c,
0x426a1d,0x608ba4,
0x426a24,0x4ede20,
0x426a2a,0x608ba8,
0x426a31,0x4ede18,
0x426a37,0x608bac,
0x426a3e,0x4ede08,
0x426a44,0x608bb0,
0x426a4b,0x4eddf8,
0x426a51,0x608bb4,
0x426a58,0x4eddec,
0x426a5e,0x608bbc,
0x426a65,0x4eddd8,
0x426a6b,0x608bc0,
0x426a72,0x4eddcc,
0x426a78,0x608bc4,
0x426a7f,0x4eddbc,
0x426a85,0x608bc8,
0x426a8c,0x4eddac,
0x426a92,0x608bcc,
0x426a99,0x4edd9c,
0x426a9f,0x608bd0,
0x426aa6,0x4edd8c,
0x426aac,0x608bd4,
0x426ab3,0x4edd7c,
0x426ab9,0x608bd8,
0x426ac0,0x4edd68,
0x426ac6,0x608bdc,
0x426acd,0x4edd58,
0x426ad3,0x608be0,
0x426ade,0x608be4,
0x426ae9,0x5246d4,
0x426af8,0x524694,
0x426b04,0x524688,
0x426b13,0x524680,
0x426b1a,0x4bc0a4,
0x426b20,0x524688,
0x426b2a,0x524680,
0x426b48,0x4bc210,
0x426b4d,0x4c2628,
0x426b61,0x524690,
0x426b7b,0x524694,
0x426b94,0x5246d4,
0x426b9c,0x4ede6c,
0x426bb0,0x5246d8,
0x426bca,0x5246dc,
0x426be2,0x52471c,
0x426bea,0x4ede64,
0x426c01,0x524690,
0x426c14,0x5246b4,
0x426c42,0x5dcfa8,
0x426c7b,0x4bcd1c,
0x426c8e,0x4bcd20,
0x426c9a,0x4bcd24,
0x426cbb,0x5dd2a5,
0x426cc7,0x61b2a0,
0x426cd7,0x5dcfa8,
0x426cdf,0x5dcfa8,
0x426d1a,0x4bcd1c,
0x426d28,0x4bcd20,
0x426d34,0x4bcd24,
0x426d40,0x4bcd28,
0x426d69,0x5280b0,
0x426d8d,0x526790,
0x426dbd,0x5267d0,
0x426dca,0x5267d0,
0x426dfb,0x526850,
0x426e13,0x524784,
0x426e26,0x526784,
0x426e2e,0x5fe578,
0x426e34,0x5fe57c,
0x426e58,0x5268a0,
0x426e60,0x5268a0,
0x426e6c,0x526778,
0x426e77,0x52677c,
0x426e7f,0x526780,
0x426e84,0x526768,
0x426e8a,0x526784,
0x426e90,0x526770,
0x426e96,0x52689c,
0x426e9c,0x526788,
0x426ea2,0x526778,
0x426eac,0x52677c,
0x426eb2,0x526784,
0x426ebe,0x526784,
0x426ec6,0x524768,
0x426ecb,0x526778,
0x426ed8,0x526770,
0x426ee1,0x524768,
0x426ee7,0x52477c,
0x426f01,0x526770,
0x426f09,0x524768,
0x426f1c,0x5fde4c,
0x426f21,0x5fde48,
0x426f2a,0x526770,
0x426f35,0x524768,
0x426f3f,0x524768,
0x426f45,0x52689c,
0x426f4f,0x526770,
0x426fce,0x5fe578,
0x426ff0,0x5268a0,
0x427031,0x52676c,
0x42704c,0x5268a0,
0x427064,0x5280a8,
0x42706e,0x5280a8,
0x42707e,0x4ede74,
0x427092,0x4ede74,
0x427099,0x4ede78,
0x4270b5,0x608b80,
0x4270bb,0x4ede78,
0x4270cb,0x4ede7c,
0x4270eb,0x4ede7c,
0x4270f4,0x5280ac,
0x427108,0x5280ac,
0x427118,0x526770,
0x427126,0x524778,
0x42712e,0x526770,
0x427137,0x524778,
0x427145,0x526770,
0x42714e,0x524778,
0x427158,0x526770,
0x427163,0x524778,
0x427169,0x524778,
0x427185,0x526770,
0x427192,0x524778,
0x42719b,0x526770,
0x4271a6,0x524778,
0x4271ac,0x524778,
0x4271b8,0x524778,
0x4271c5,0x526770,
0x4271ce,0x524778,
0x4271d6,0x526770,
0x4271df,0x524778,
0x4271e9,0x526770,
0x4271f2,0x524778,
0x4271f8,0x524778,
0x427260,0x52676c,
0x42726c,0x52676c,
0x427275,0x52676c,
0x42727e,0x52676c,
0x42728a,0x52676c,
0x427293,0x52676c,
0x42729c,0x52676c,
0x427301,0x526770,
0x42730a,0x524768,
0x427315,0x52689c,
0x427324,0x524768,
0x42733b,0x52689c,
0x42734a,0x52689c,
0x427354,0x526770,
0x427371,0x504be8,
0x4273b0,0x4bcd30,
0x427449,0x52b91c,
0x427465,0x608bb0,
0x427480,0x608bb0,
0x427494,0x526770,
0x4274a9,0x524778,
0x4274af,0x52476c,
0x4274b7,0x524780,
0x4274c3,0x5268a0,
0x4274cd,0x5fe578,
0x4274e4,0x524768,
0x4274f7,0x5fde4c,
0x4274fc,0x5fde48,
0x427505,0x526770,
0x427510,0x524768,
0x42751a,0x52689c,
0x427527,0x526770,
0x42753e,0x52477c,
0x42754c,0x526770,
0x427565,0x526778,
0x42756c,0x52677c,
0x427571,0x52689c,
0x427576,0x5fe578,
0x42757c,0x526780,
0x427582,0x526784,
0x42758f,0x526770,
0x427595,0x526788,
0x42759b,0x526778,
0x4275a5,0x52677c,
0x4275ab,0x526784,
0x4275b6,0x526784,
0x4275bb,0x526768,
0x4275c8,0x524768,
0x4275ce,0x526778,
0x4275df,0x526770,
0x4275e8,0x52477c,
0x4275ee,0x524768,
0x4275fd,0x526770,
0x427611,0x526770,
0x427616,0x52689c,
0x42761f,0x524768,
0x42762b,0x526770,
0x427640,0x52477c,
0x427651,0x5280a8,
0x427663,0x5280a8,
0x427677,0x4ede74,
0x42768f,0x4ede74,
0x427696,0x4ede78,
0x4276b7,0x608b80,
0x4276d9,0x4ede78,
0x4276f1,0x5fe55c,
0x4276ff,0x4ede7c,
0x42770e,0x4ede7c,
0x427748,0x5fe564,
0x427754,0x5280ac,
0x427764,0x5280ac,
0x427798,0x524778,
0x4277a0,0x526770,
0x4277a9,0x524778,
0x4277b9,0x526770,
0x4277c2,0x524778,
0x4277cc,0x526770,
0x4277d7,0x524778,
0x4277dd,0x524778,
0x4277fc,0x526770,
0x427808,0x524778,
0x427811,0x526770,
0x42781c,0x524778,
0x427822,0x524778,
0x427835,0x524778,
0x427842,0x526770,
0x42784b,0x524778,
0x427855,0x526770,
0x42785e,0x524778,
0x42786a,0x526770,
0x427875,0x524778,
0x42787b,0x524778,
0x427889,0x524778,
0x427892,0x526770,
0x42789b,0x524778,
0x4278a5,0x526770,
0x4278b1,0x524778,
0x4278bb,0x526770,
0x4278c6,0x524778,
0x4278cf,0x524778,
0x4278d5,0x524770,
0x4278f2,0x4bcd30,
0x427928,0x526770,
0x427934,0x524770,
0x42793b,0x524780,
0x427941,0x524778,
0x427990,0x526770,
0x42799b,0x524778,
0x4279a1,0x524780,
0x4279b1,0x524780,
0x4279c8,0x526770,
0x4279d7,0x524780,
0x4279e0,0x524780,
0x4279e6,0x524778,
0x4279ef,0x526770,
0x4279f8,0x524778,
0x427a02,0x526770,
0x427a0b,0x524778,
0x427a14,0x526770,
0x427a1d,0x524778,
0x427a23,0x524778,
0x427a3d,0x526770,
0x427a4a,0x524780,
0x427a52,0x524780,
0x427a58,0x524778,
0x427a61,0x526770,
0x427a6a,0x524778,
0x427a74,0x526770,
0x427a7d,0x524778,
0x427a86,0x526770,
0x427a8f,0x524778,
0x427a95,0x524778,
0x427ac6,0x5280a8,
0x427ae0,0x5280a8,
0x427b02,0x4ede74,
0x427b1f,0x4ede74,
0x427b31,0x4ede78,
0x427b64,0x608b80,
0x427c18,0x608b80,
0x427c2c,0x4ede78,
0x427c32,0x5fe55c,
0x427c3e,0x4ede7c,
0x427c4e,0x4ede7c,
0x427c88,0x5fe564,
0x427c94,0x5280ac,
0x427ca9,0x5280ac,
0x427cdb,0x526770,
0x427ce4,0x524778,
0x427cec,0x526770,
0x427cf5,0x524778,
0x427d04,0x526770,
0x427d0d,0x524778,
0x427d17,0x526770,
0x427d22,0x524778,
0x427d28,0x524778,
0x427d45,0x526770,
0x427d52,0x524778,
0x427d5b,0x526770,
0x427d66,0x524778,
0x427d6c,0x524778,
0x427d7c,0x524778,
0x427d89,0x526770,
0x427d92,0x524778,
0x427d9b,0x526770,
0x427da4,0x524778,
0x427daf,0x526770,
0x427db8,0x524778,
0x427dbe,0x524778,
0x427de2,0x526770,
0x427df6,0x524780,
0x427dfc,0x524778,
0x427e46,0x526770,
0x427e52,0x524778,
0x427e5c,0x524780,
0x427e71,0x504be8,
0x427ea9,0x608680,
0x427eaf,0x608681,
0x427eb5,0x608682,
0x427eca,0x5280b0,
0x427edb,0x4bcd34,
0x427eec,0x4faf18,
0x427f08,0x526790,
0x427f55,0x608bb0,
0x427f9e,0x608680,
0x427fac,0x5280b0,
0x427fc3,0x4bcd34,
0x427fc9,0x4faf18,
0x427fe4,0x526790,
0x428020,0x526770,
0x428029,0x524778,
0x42802f,0x52476c,
0x42803b,0x524780,
0x428043,0x5268a0,
0x42804b,0x5fe578,
0x428062,0x524768,
0x428075,0x5fde4c,
0x42807a,0x5fde48,
0x428083,0x526770,
0x42808e,0x524768,
0x428098,0x52689c,
0x4280b1,0x52477c,
0x4280bd,0x526770,
0x4280d4,0x526778,
0x4280db,0x52677c,
0x4280e0,0x52689c,
0x4280e5,0x5fe578,
0x4280eb,0x526780,
0x4280f1,0x526784,
0x4280f9,0x526770,
0x4280ff,0x526788,
0x428105,0x526778,
0x42810f,0x52677c,
0x428119,0x526784,
0x428124,0x526784,
0x428129,0x526768,
0x428135,0x524768,
0x42813b,0x526778,
0x42814c,0x526770,
0x428155,0x52477c,
0x42815f,0x524768,
0x428179,0x526770,
0x42817e,0x52689c,
0x428187,0x524768,
0x428195,0x526770,
0x4281a0,0x52477c,
0x4281bc,0x526770,
0x4281c8,0x524778,
0x4281d1,0x526770,
0x4281dd,0x524778,
0x4281e7,0x526770,
0x4281f0,0x524778,
0x4281fa,0x526770,
0x428205,0x524778,
0x428210,0x524778,
0x428216,0x524770,
0x42824a,0x526770,
0x42825a,0x524770,
0x428261,0x524780,
0x428267,0x524778,
0x4282b7,0x526770,
0x4282c0,0x524778,
0x4282c6,0x524780,
0x4282ce,0x524780,
0x4282e1,0x504be8,
0x428319,0x608680,
0x42831f,0x608681,
0x428325,0x608682,
0x42833a,0x5280b0,
0x42834b,0x4bcd34,
0x42835c,0x4faf18,
0x428378,0x526790,
0x4283c5,0x608bb0,
0x4283d8,0x526770,
0x4283de,0x5268a0,
0x4283e7,0x524778,
0x4283ed,0x52476c,
0x428400,0x524780,
0x42840c,0x5fe578,
0x428423,0x524768,
0x428436,0x5fde4c,
0x42843b,0x5fde48,
0x428444,0x526770,
0x42844f,0x524768,
0x428459,0x52689c,
0x428472,0x52477c,
0x42847e,0x526770,
0x428495,0x526778,
0x42849c,0x52677c,
0x4284a1,0x52689c,
0x4284a6,0x5fe578,
0x4284ac,0x526780,
0x4284b2,0x526784,
0x4284bf,0x526770,
0x4284c5,0x526788,
0x4284cb,0x526778,
0x4284d5,0x52677c,
0x4284db,0x526784,
0x4284e6,0x526784,
0x4284eb,0x526768,
0x4284f7,0x524768,
0x4284fd,0x526778,
0x42850e,0x526770,
0x428517,0x52477c,
0x42851d,0x524768,
0x428537,0x526770,
0x42853c,0x52689c,
0x428545,0x524768,
0x428553,0x526770,
0x42855e,0x52477c,
0x42857a,0x526770,
0x428586,0x524778,
0x42858f,0x526770,
0x42859b,0x524778,
0x4285a5,0x526770,
0x4285ae,0x524778,
0x4285b8,0x526770,
0x4285c3,0x524778,
0x4285ce,0x524778,
0x4285d4,0x524770,
0x4285f8,0x608680,
0x42861c,0x4bcd34,
0x42862d,0x5280b0,
0x428633,0x4faf18,
0x42865f,0x526790,
0x4286b2,0x526770,
0x4286c2,0x524770,
0x4286c9,0x524780,
0x4286cf,0x524778,
0x42871f,0x526770,
0x428728,0x524778,
0x42872e,0x524780,
0x428736,0x524780,
0x428751,0x504be8,
0x428789,0x608680,
0x42878f,0x608681,
0x428795,0x608682,
0x4287aa,0x5280b0,
0x4287bb,0x4bcd34,
0x4287cc,0x4faf18,
0x4287e8,0x526790,
0x428835,0x608bb0,
0x428861,0x4bcd34,
0x428868,0x608680,
0x42886e,0x4faf18,
0x42887c,0x5280b0,
0x4288ac,0x526790,
0x4288c5,0x526770,
0x4288e7,0x524778,
0x4288ed,0x52476c,
0x4288f9,0x524780,
0x428901,0x5268a0,
0x428909,0x5fe578,
0x428920,0x524768,
0x428933,0x5fde4c,
0x428938,0x5fde48,
0x428941,0x526770,
0x42894c,0x524768,
0x428956,0x52689c,
0x42896f,0x52477c,
0x42897b,0x526770,
0x428992,0x526778,
0x428999,0x52677c,
0x42899e,0x52689c,
0x4289a3,0x5fe578,
0x4289a9,0x526780,
0x4289af,0x526784,
0x4289b7,0x526770,
0x4289bd,0x526788,
0x4289c3,0x526778,
0x4289cd,0x52677c,
0x4289d7,0x526784,
0x4289e2,0x526784,
0x4289e7,0x526768,
0x4289f3,0x524768,
0x4289f9,0x526778,
0x428a0a,0x526770,
0x428a13,0x52477c,
0x428a1d,0x524768,
0x428a37,0x526770,
0x428a3c,0x52689c,
0x428a45,0x524768,
0x428a53,0x526770,
0x428a5e,0x52477c,
0x428a7a,0x526770,
0x428a86,0x524778,
0x428a8f,0x526770,
0x428a9b,0x524778,
0x428aa5,0x526770,
0x428aae,0x524778,
0x428ab8,0x526770,
0x428ac3,0x524778,
0x428ace,0x524778,
0x428ad4,0x524770,
0x428b14,0x526770,
0x428b24,0x524770,
0x428b2b,0x524780,
0x428b31,0x524778,
0x428b81,0x526770,
0x428b8a,0x524778,
0x428b90,0x524780,
0x428b98,0x524780,
0x428bb1,0x504be8,
0x428bef,0x4bcd30,
0x428c94,0x52b91c,
0x428cad,0x608bb0,
0x428ce0,0x526770,
0x428cf0,0x524778,
0x428cf6,0x52476c,
0x428d02,0x524780,
0x428d0a,0x5268a0,
0x428d12,0x5fe578,
0x428d29,0x524768,
0x428d3c,0x5fde4c,
0x428d41,0x5fde48,
0x428d49,0x526770,
0x428d54,0x524768,
0x428d5e,0x52689c,
0x428d77,0x52477c,
0x428d83,0x526770,
0x428d9a,0x526778,
0x428da1,0x52677c,
0x428da6,0x52689c,
0x428dab,0x5fe578,
0x428db1,0x526780,
0x428db7,0x526784,
0x428dbf,0x526770,
0x428dc5,0x526788,
0x428dcb,0x526778,
0x428dd5,0x52677c,
0x428ddb,0x526784,
0x428de6,0x526784,
0x428deb,0x526768,
0x428df7,0x524768,
0x428dfd,0x526778,
0x428e0e,0x526770,
0x428e17,0x52477c,
0x428e1d,0x524768,
0x428e37,0x526770,
0x428e3c,0x52689c,
0x428e45,0x524768,
0x428e53,0x526770,
0x428e5e,0x52477c,
0x428e7a,0x526770,
0x428e86,0x524778,
0x428e8f,0x526770,
0x428e9b,0x524778,
0x428ea5,0x526770,
0x428eae,0x524778,
0x428eb8,0x526770,
0x428ec3,0x524778,
0x428ece,0x524778,
0x428ed4,0x524770,
0x428eea,0x4bcd30,
0x428f27,0x526770,
0x428f30,0x524770,
0x428f37,0x524780,
0x428f3d,0x524778,
0x428f8d,0x526770,
0x428f96,0x524778,
0x428f9c,0x524780,
0x428fa4,0x524780,
0x428fc1,0x504be8,
0x428fff,0x4bcd30,
0x4290a4,0x52b91c,
0x4290bd,0x608bb0,
0x4290f0,0x526770,
0x429100,0x524778,
0x429106,0x52476c,
0x429112,0x524780,
0x42911a,0x5268a0,
0x429122,0x5fe578,
0x429139,0x524768,
0x42914c,0x5fde4c,
0x429151,0x5fde48,
0x429159,0x526770,
0x429164,0x524768,
0x42916e,0x52689c,
0x429187,0x52477c,
0x429193,0x526770,
0x4291aa,0x526778,
0x4291b1,0x52677c,
0x4291b6,0x52689c,
0x4291bb,0x5fe578,
0x4291c1,0x526780,
0x4291c7,0x526784,
0x4291cf,0x526770,
0x4291d5,0x526788,
0x4291db,0x526778,
0x4291e5,0x52677c,
0x4291eb,0x526784,
0x4291f6,0x526784,
0x4291fb,0x526768,
0x429207,0x524768,
0x42920d,0x526778,
0x42921e,0x526770,
0x429227,0x52477c,
0x42922d,0x524768,
0x429247,0x526770,
0x42924c,0x52689c,
0x429255,0x524768,
0x429263,0x526770,
0x42926e,0x52477c,
0x42928a,0x526770,
0x429296,0x524778,
0x42929f,0x526770,
0x4292ab,0x524778,
0x4292b5,0x526770,
0x4292be,0x524778,
0x4292c8,0x526770,
0x4292d3,0x524778,
0x4292de,0x524778,
0x4292e4,0x524770,
0x4292fa,0x4bcd30,
0x429337,0x526770,
0x429340,0x524770,
0x429347,0x524780,
0x42934d,0x524778,
0x42939d,0x526770,
0x4293a6,0x524778,
0x4293ac,0x524780,
0x4293b4,0x524780,
0x4293d1,0x504be8,
0x4293ff,0x5280b0,
0x429417,0x4bcd30,
0x429439,0x4bcd34,
0x429442,0x4faf18,
0x429456,0x526790,
0x4294de,0x52b91c,
0x4294f7,0x608bb0,
0x42952a,0x526770,
0x42953a,0x524778,
0x429540,0x52476c,
0x42954c,0x524780,
0x429554,0x5268a0,
0x42955c,0x5fe578,
0x429573,0x524768,
0x429586,0x5fde4c,
0x42958b,0x5fde48,
0x429593,0x526770,
0x42959e,0x524768,
0x4295a8,0x52689c,
0x4295c1,0x52477c,
0x4295cd,0x526770,
0x4295e4,0x526778,
0x4295eb,0x52677c,
0x4295f0,0x52689c,
0x4295f5,0x5fe578,
0x4295fb,0x526780,
0x429601,0x526784,
0x429609,0x526770,
0x42960f,0x526788,
0x429615,0x526778,
0x42961f,0x52677c,
0x429625,0x526784,
0x429630,0x526784,
0x429635,0x526768,
0x429641,0x524768,
0x429647,0x526778,
0x429658,0x526770,
0x429661,0x52477c,
0x429667,0x524768,
0x429681,0x526770,
0x429686,0x52689c,
0x42968f,0x524768,
0x42969d,0x526770,
0x4296a8,0x52477c,
0x4296c4,0x526770,
0x4296d0,0x524778,
0x4296d9,0x526770,
0x4296e5,0x524778,
0x4296ef,0x526770,
0x4296f8,0x524778,
0x429702,0x526770,
0x42970d,0x524778,
0x429718,0x524778,
0x42971e,0x524770,
0x42972f,0x4bcd30,
0x429751,0x5280b0,
0x42975a,0x4bcd34,
0x429760,0x4faf18,
0x429772,0x526790,
0x429792,0x526770,
0x42979b,0x524770,
0x4297a2,0x524780,
0x4297a8,0x524778,
0x4297f8,0x526770,
0x429801,0x524778,
0x429807,0x524780,
0x42980f,0x524780,
0x429821,0x504be8,
0x42985d,0x4bcd30,
0x4298fb,0x52b91c,
0x429914,0x608bb0,
0x429947,0x526770,
0x429957,0x524778,
0x42995d,0x52476c,
0x429969,0x524780,
0x429971,0x5268a0,
0x429979,0x5fe578,
0x429990,0x524768,
0x4299a3,0x5fde4c,
0x4299a8,0x5fde48,
0x4299b0,0x526770,
0x4299bb,0x524768,
0x4299c5,0x52689c,
0x4299de,0x52477c,
0x4299ea,0x526770,
0x429a01,0x526778,
0x429a08,0x52677c,
0x429a0d,0x52689c,
0x429a12,0x5fe578,
0x429a18,0x526780,
0x429a1e,0x526784,
0x429a26,0x526770,
0x429a2c,0x526788,
0x429a32,0x526778,
0x429a3c,0x52677c,
0x429a42,0x526784,
0x429a4d,0x526784,
0x429a52,0x526768,
0x429a5e,0x524768,
0x429a64,0x526778,
0x429a75,0x526770,
0x429a7e,0x52477c,
0x429a84,0x524768,
0x429a9e,0x526770,
0x429aa3,0x52689c,
0x429aac,0x524768,
0x429aba,0x526770,
0x429ac5,0x52477c,
0x429ae1,0x526770,
0x429aed,0x524778,
0x429af6,0x526770,
0x429b02,0x524778,
0x429b0c,0x526770,
0x429b15,0x524778,
0x429b1f,0x526770,
0x429b2a,0x524778,
0x429b35,0x524778,
0x429b3b,0x524770,
0x429b4c,0x4bcd30,
0x429b6e,0x5280b0,
0x429b77,0x4bcd34,
0x429b7d,0x4faf18,
0x429b8f,0x526790,
0x429baf,0x526770,
0x429bb8,0x524770,
0x429bbf,0x524780,
0x429bc5,0x524778,
0x429c15,0x526770,
0x429c1e,0x524778,
0x429c24,0x524780,
0x429c2c,0x524780,
0x429c41,0x504be8,
0x429c7d,0x4bcd30,
0x429d1b,0x52b91c,
0x429d34,0x608bb0,
0x429d67,0x526770,
0x429d77,0x524778,
0x429d7d,0x52476c,
0x429d89,0x524780,
0x429d91,0x5268a0,
0x429d99,0x5fe578,
0x429db0,0x524768,
0x429dc3,0x5fde4c,
0x429dc8,0x5fde48,
0x429dd0,0x526770,
0x429ddb,0x524768,
0x429de5,0x52689c,
0x429dfe,0x52477c,
0x429e0a,0x526770,
0x429e21,0x526778,
0x429e28,0x52677c,
0x429e2d,0x52689c,
0x429e32,0x5fe578,
0x429e38,0x526780,
0x429e3e,0x526784,
0x429e46,0x526770,
0x429e4c,0x526788,
0x429e52,0x526778,
0x429e5c,0x52677c,
0x429e62,0x526784,
0x429e6d,0x526784,
0x429e72,0x526768,
0x429e7e,0x524768,
0x429e84,0x526778,
0x429e95,0x526770,
0x429e9e,0x52477c,
0x429ea4,0x524768,
0x429ebe,0x526770,
0x429ec3,0x52689c,
0x429ecc,0x524768,
0x429eda,0x526770,
0x429ee5,0x52477c,
0x429f01,0x526770,
0x429f0d,0x524778,
0x429f16,0x526770,
0x429f22,0x524778,
0x429f2c,0x526770,
0x429f35,0x524778,
0x429f3f,0x526770,
0x429f4a,0x524778,
0x429f55,0x524778,
0x429f5b,0x524770,
0x429f6c,0x4bcd30,
0x429f8f,0x4ede80,
0x429faf,0x526770,
0x429fb8,0x524770,
0x429fbf,0x524780,
0x429fc5,0x524778,
0x42a015,0x526770,
0x42a01e,0x524778,
0x42a024,0x524780,
0x42a02c,0x524780,
0x42a041,0x504be8,
0x42a07d,0x4bcd30,
0x42a11b,0x52b91c,
0x42a134,0x608bb0,
0x42a167,0x526770,
0x42a177,0x524778,
0x42a17d,0x52476c,
0x42a189,0x524780,
0x42a191,0x5268a0,
0x42a199,0x5fe578,
0x42a1b0,0x524768,
0x42a1c3,0x5fde4c,
0x42a1c8,0x5fde48,
0x42a1d0,0x526770,
0x42a1db,0x524768,
0x42a1e5,0x52689c,
0x42a1fe,0x52477c,
0x42a20a,0x526770,
0x42a221,0x526778,
0x42a228,0x52677c,
0x42a22d,0x52689c,
0x42a232,0x5fe578,
0x42a238,0x526780,
0x42a23e,0x526784,
0x42a246,0x526770,
0x42a24c,0x526788,
0x42a252,0x526778,
0x42a25c,0x52677c,
0x42a262,0x526784,
0x42a26d,0x526784,
0x42a272,0x526768,
0x42a27e,0x524768,
0x42a284,0x526778,
0x42a295,0x526770,
0x42a29e,0x52477c,
0x42a2a4,0x524768,
0x42a2be,0x526770,
0x42a2c3,0x52689c,
0x42a2cc,0x524768,
0x42a2da,0x526770,
0x42a2e5,0x52477c,
0x42a301,0x526770,
0x42a30d,0x524778,
0x42a316,0x526770,
0x42a322,0x524778,
0x42a32c,0x526770,
0x42a335,0x524778,
0x42a33f,0x526770,
0x42a34a,0x524778,
0x42a355,0x524778,
0x42a35b,0x524770,
0x42a36c,0x4bcd30,
0x42a38f,0x4ede80,
0x42a3af,0x526770,
0x42a3b8,0x524770,
0x42a3bf,0x524780,
0x42a3c5,0x524778,
0x42a415,0x526770,
0x42a41e,0x524778,
0x42a424,0x524780,
0x42a42c,0x524780,
0x42a441,0x504be8,
0x42a47d,0x4bcd30,
0x42a515,0x52b91c,
0x42a52e,0x608bb0,
0x42a561,0x526770,
0x42a571,0x524778,
0x42a577,0x52476c,
0x42a583,0x524780,
0x42a58b,0x5268a0,
0x42a593,0x5fe578,
0x42a5aa,0x524768,
0x42a5bd,0x5fde4c,
0x42a5c2,0x5fde48,
0x42a5ca,0x526770,
0x42a5d5,0x524768,
0x42a5df,0x52689c,
0x42a5f8,0x52477c,
0x42a604,0x526770,
0x42a61b,0x526778,
0x42a622,0x52677c,
0x42a627,0x52689c,
0x42a62c,0x5fe578,
0x42a632,0x526780,
0x42a638,0x526784,
0x42a640,0x526770,
0x42a646,0x526788,
0x42a64c,0x526778,
0x42a656,0x52677c,
0x42a65c,0x526784,
0x42a667,0x526784,
0x42a66c,0x526768,
0x42a678,0x524768,
0x42a67e,0x526778,
0x42a68f,0x526770,
0x42a698,0x52477c,
0x42a69e,0x524768,
0x42a6b8,0x526770,
0x42a6bd,0x52689c,
0x42a6c6,0x524768,
0x42a6d4,0x526770,
0x42a6df,0x52477c,
0x42a6fb,0x526770,
0x42a707,0x524778,
0x42a710,0x526770,
0x42a71c,0x524778,
0x42a726,0x526770,
0x42a72f,0x524778,
0x42a739,0x526770,
0x42a744,0x524778,
0x42a74f,0x524778,
0x42a755,0x524770,
0x42a766,0x4bcd30,
0x42a789,0x4ede80,
0x42a7a3,0x526770,
0x42a7ac,0x524770,
0x42a7b3,0x524780,
0x42a7b9,0x524778,
0x42a809,0x526770,
0x42a812,0x524778,
0x42a818,0x524780,
0x42a820,0x524780,
0x42a831,0x504be8,
0x42a86d,0x4bcd30,
0x42a905,0x52b91c,
0x42a91e,0x608bb0,
0x42a951,0x526770,
0x42a961,0x524778,
0x42a967,0x52476c,
0x42a973,0x524780,
0x42a97b,0x5268a0,
0x42a983,0x5fe578,
0x42a99a,0x524768,
0x42a9ad,0x5fde4c,
0x42a9b2,0x5fde48,
0x42a9ba,0x526770,
0x42a9c5,0x524768,
0x42a9cf,0x52689c,
0x42a9e8,0x52477c,
0x42a9f4,0x526770,
0x42aa0b,0x526778,
0x42aa12,0x52677c,
0x42aa17,0x52689c,
0x42aa1c,0x5fe578,
0x42aa22,0x526780,
0x42aa28,0x526784,
0x42aa30,0x526770,
0x42aa36,0x526788,
0x42aa3c,0x526778,
0x42aa46,0x52677c,
0x42aa4c,0x526784,
0x42aa57,0x526784,
0x42aa5c,0x526768,
0x42aa68,0x524768,
0x42aa6e,0x526778,
0x42aa7f,0x526770,
0x42aa88,0x52477c,
0x42aa8e,0x524768,
0x42aaa8,0x526770,
0x42aaad,0x52689c,
0x42aab6,0x524768,
0x42aac4,0x526770,
0x42aacf,0x52477c,
0x42aaeb,0x526770,
0x42aaf7,0x524778,
0x42ab00,0x526770,
0x42ab0c,0x524778,
0x42ab16,0x526770,
0x42ab1f,0x524778,
0x42ab29,0x526770,
0x42ab34,0x524778,
0x42ab3f,0x524778,
0x42ab45,0x524770,
0x42ab56,0x4bcd30,
0x42ab79,0x4ede80,
0x42ab93,0x526770,
0x42ab9c,0x524770,
0x42aba3,0x524780,
0x42aba9,0x524778,
0x42abf9,0x526770,
0x42ac02,0x524778,
0x42ac08,0x524780,
0x42ac10,0x524780,
0x42ac21,0x504be8,
0x42ac5f,0x4bcd30,
0x42acfe,0x52b91c,
0x42ad17,0x608bb0,
0x42ad4a,0x526770,
0x42ad5a,0x524778,
0x42ad60,0x52476c,
0x42ad6c,0x524780,
0x42ad74,0x5268a0,
0x42ad7c,0x5fe578,
0x42ad93,0x524768,
0x42ada6,0x5fde4c,
0x42adab,0x5fde48,
0x42adb3,0x526770,
0x42adbe,0x524768,
0x42adc8,0x52689c,
0x42ade1,0x52477c,
0x42aded,0x526770,
0x42ae04,0x526778,
0x42ae0b,0x52677c,
0x42ae10,0x52689c,
0x42ae15,0x5fe578,
0x42ae1b,0x526780,
0x42ae21,0x526784,
0x42ae29,0x526770,
0x42ae2f,0x526788,
0x42ae35,0x526778,
0x42ae3f,0x52677c,
0x42ae45,0x526784,
0x42ae50,0x526784,
0x42ae55,0x526768,
0x42ae61,0x524768,
0x42ae67,0x526778,
0x42ae78,0x526770,
0x42ae81,0x52477c,
0x42ae87,0x524768,
0x42aea1,0x526770,
0x42aea6,0x52689c,
0x42aeaf,0x524768,
0x42aebd,0x526770,
0x42aec8,0x52477c,
0x42aee4,0x526770,
0x42aef0,0x524778,
0x42aef9,0x526770,
0x42af05,0x524778,
0x42af0f,0x526770,
0x42af18,0x524778,
0x42af22,0x526770,
0x42af2d,0x524778,
0x42af38,0x524778,
0x42af3e,0x524770,
0x42af54,0x4bcd30,
0x42af8b,0x526770,
0x42af94,0x524770,
0x42af9b,0x524780,
0x42afa1,0x524778,
0x42aff1,0x526770,
0x42affa,0x524778,
0x42b000,0x524780,
0x42b008,0x524780,
0x42b021,0x504be8,
0x42b05f,0x4bcd30,
0x42b0fe,0x52b91c,
0x42b117,0x608bb0,
0x42b14a,0x526770,
0x42b15a,0x524778,
0x42b160,0x52476c,
0x42b16c,0x524780,
0x42b174,0x5268a0,
0x42b17c,0x5fe578,
0x42b193,0x524768,
0x42b1a6,0x5fde4c,
0x42b1ab,0x5fde48,
0x42b1b3,0x526770,
0x42b1be,0x524768,
0x42b1c8,0x52689c,
0x42b1e1,0x52477c,
0x42b1ed,0x526770,
0x42b204,0x526778,
0x42b20b,0x52677c,
0x42b210,0x52689c,
0x42b215,0x5fe578,
0x42b21b,0x526780,
0x42b221,0x526784,
0x42b229,0x526770,
0x42b22f,0x526788,
0x42b235,0x526778,
0x42b23f,0x52677c,
0x42b245,0x526784,
0x42b250,0x526784,
0x42b255,0x526768,
0x42b261,0x524768,
0x42b267,0x526778,
0x42b278,0x526770,
0x42b281,0x52477c,
0x42b287,0x524768,
0x42b2a1,0x526770,
0x42b2a6,0x52689c,
0x42b2af,0x524768,
0x42b2bd,0x526770,
0x42b2c8,0x52477c,
0x42b2e4,0x526770,
0x42b2f0,0x524778,
0x42b2f9,0x526770,
0x42b305,0x524778,
0x42b30f,0x526770,
0x42b318,0x524778,
0x42b322,0x526770,
0x42b32d,0x524778,
0x42b338,0x524778,
0x42b33e,0x524770,
0x42b354,0x4bcd30,
0x42b38b,0x526770,
0x42b394,0x524770,
0x42b39b,0x524780,
0x42b3a1,0x524778,
0x42b3f1,0x526770,
0x42b3fa,0x524778,
0x42b400,0x524780,
0x42b408,0x524780,
0x42b421,0x504be8,
0x42b45d,0x4bcd30,
0x42b4fb,0x52b91c,
0x42b514,0x608bb0,
0x42b527,0x526770,
0x42b52d,0x5268a0,
0x42b536,0x524778,
0x42b53c,0x52476c,
0x42b542,0x524780,
0x42b55b,0x5fe578,
0x42b572,0x524768,
0x42b585,0x5fde4c,
0x42b58a,0x5fde48,
0x42b593,0x526770,
0x42b59e,0x524768,
0x42b5a8,0x52689c,
0x42b5c1,0x52477c,
0x42b5cd,0x526770,
0x42b5e4,0x526778,
0x42b5eb,0x52677c,
0x42b5f0,0x52689c,
0x42b5f5,0x5fe578,
0x42b5fb,0x526780,
0x42b601,0x526784,
0x42b60e,0x526770,
0x42b614,0x526788,
0x42b61a,0x526778,
0x42b624,0x52677c,
0x42b62a,0x526784,
0x42b635,0x526784,
0x42b63a,0x526768,
0x42b646,0x524768,
0x42b64c,0x526778,
0x42b65d,0x526770,
0x42b666,0x52477c,
0x42b66c,0x524768,
0x42b686,0x526770,
0x42b68b,0x52689c,
0x42b694,0x524768,
0x42b6a2,0x526770,
0x42b6ad,0x52477c,
0x42b6e1,0x526770,
0x42b6ed,0x524778,
0x42b6f6,0x526770,
0x42b702,0x524778,
0x42b70c,0x526770,
0x42b715,0x524778,
0x42b71f,0x526770,
0x42b72a,0x524778,
0x42b735,0x524778,
0x42b73b,0x524770,
0x42b74c,0x4bcd30,
0x42b76f,0x4ede80,
0x42b78f,0x526770,
0x42b798,0x524770,
0x42b79f,0x524780,
0x42b7a5,0x524778,
0x42b7f5,0x526770,
0x42b7fe,0x524778,
0x42b804,0x524780,
0x42b80c,0x524780,
0x42b821,0x504be8,
0x42b864,0x5280b0,
0x42b86c,0x4bcd34,
0x42b872,0x4faf18,
0x42b88a,0x526790,
0x42b8a4,0x4bcd30,
0x42b949,0x52b91c,
0x42b965,0x608bb0,
0x42b978,0x526770,
0x42b985,0x5268a0,
0x42b98e,0x524778,
0x42b994,0x52476c,
0x42b99a,0x524780,
0x42b9ac,0x5fe578,
0x42b9c3,0x524768,
0x42b9d6,0x5fde4c,
0x42b9db,0x5fde48,
0x42b9ea,0x526770,
0x42b9f3,0x524768,
0x42ba04,0x52689c,
0x42ba22,0x52477c,
0x42ba30,0x526770,
0x42ba47,0x526778,
0x42ba4e,0x52677c,
0x42ba53,0x52689c,
0x42ba58,0x5fe578,
0x42ba5e,0x526780,
0x42ba64,0x526784,
0x42ba6a,0x526770,
0x42ba72,0x526788,
0x42ba78,0x526778,
0x42ba82,0x52677c,
0x42ba88,0x526784,
0x42ba93,0x526784,
0x42ba98,0x526768,
0x42baa5,0x524768,
0x42baab,0x526778,
0x42babc,0x526770,
0x42bac5,0x52477c,
0x42bacb,0x524768,
0x42bae8,0x526770,
0x42baed,0x52689c,
0x42baf6,0x524768,
0x42bb0b,0x526770,
0x42bb1b,0x52477c,
0x42bb50,0x5280b0,
0x42bb5a,0x4bcd34,
0x42bb60,0x4faf18,
0x42bb73,0x526790,
0x42bb95,0x5280a8,
0x42bba5,0x5280a8,
0x42bbb5,0x4ede74,
0x42bbc9,0x4ede74,
0x42bbd0,0x4ede78,
0x42bbee,0x608b80,
0x42bbf4,0x4ede78,
0x42bc04,0x5fe55c,
0x42bc16,0x4ede7c,
0x42bc1f,0x4ede7c,
0x42bc54,0x5fe564,
0x42bc69,0x5280ac,
0x42bc74,0x5280ac,
0x42bca5,0x526770,
0x42bcae,0x524778,
0x42bcb5,0x526770,
0x42bcc1,0x524778,
0x42bccc,0x526770,
0x42bcd5,0x524778,
0x42bcdf,0x526770,
0x42bcea,0x524778,
0x42bcf0,0x524778,
0x42bd0f,0x526770,
0x42bd18,0x524778,
0x42bd25,0x526770,
0x42bd30,0x524778,
0x42bd36,0x524778,
0x42bd44,0x524778,
0x42bd51,0x526770,
0x42bd5a,0x524778,
0x42bd63,0x526770,
0x42bd6c,0x524778,
0x42bd76,0x526770,
0x42bd81,0x524778,
0x42bd87,0x524778,
0x42bd94,0x526770,
0x42bd9f,0x524778,
0x42bda8,0x526770,
0x42bdb1,0x524778,
0x42bdc0,0x526770,
0x42bdcc,0x524778,
0x42bdd6,0x526770,
0x42bde1,0x524778,
0x42bdec,0x524778,
0x42bdf2,0x524770,
0x42bdfc,0x4bcd30,
0x42be3d,0x526770,
0x42be47,0x524770,
0x42be61,0x504be8,
0x42bea4,0x5280b0,
0x42beac,0x4bcd34,
0x42beb2,0x4faf18,
0x42beca,0x526790,
0x42bee4,0x4bcd30,
0x42bf89,0x52b91c,
0x42bfa5,0x608bb0,
0x42bfb8,0x526770,
0x42bfc5,0x5268a0,
0x42bfce,0x524778,
0x42bfd4,0x52476c,
0x42bfda,0x524780,
0x42bfec,0x5fe578,
0x42c003,0x524768,
0x42c016,0x5fde4c,
0x42c01b,0x5fde48,
0x42c02a,0x526770,
0x42c033,0x524768,
0x42c044,0x52689c,
0x42c062,0x52477c,
0x42c070,0x526770,
0x42c087,0x526778,
0x42c08e,0x52677c,
0x42c093,0x52689c,
0x42c098,0x5fe578,
0x42c09e,0x526780,
0x42c0a4,0x526784,
0x42c0aa,0x526770,
0x42c0b2,0x526788,
0x42c0b8,0x526778,
0x42c0c2,0x52677c,
0x42c0c8,0x526784,
0x42c0d3,0x526784,
0x42c0d8,0x526768,
0x42c0e5,0x524768,
0x42c0eb,0x526778,
0x42c0fc,0x526770,
0x42c105,0x52477c,
0x42c10b,0x524768,
0x42c128,0x526770,
0x42c12d,0x52689c,
0x42c136,0x524768,
0x42c14b,0x526770,
0x42c15b,0x52477c,
0x42c190,0x5280b0,
0x42c19a,0x4bcd34,
0x42c1a0,0x4faf18,
0x42c1b3,0x526790,
0x42c1dc,0x5280a8,
0x42c1e5,0x5280a8,
0x42c1f5,0x4ede74,
0x42c209,0x4ede74,
0x42c210,0x4ede78,
0x42c22e,0x608b80,
0x42c234,0x4ede78,
0x42c244,0x5fe55c,
0x42c256,0x4ede7c,
0x42c25f,0x4ede7c,
0x42c299,0x5fe564,
0x42c2ae,0x5280ac,
0x42c2b9,0x5280ac,
0x42c2dd,0x526770,
0x42c2e6,0x524778,
0x42c2ed,0x526770,
0x42c2f9,0x524778,
0x42c304,0x526770,
0x42c30d,0x524778,
0x42c317,0x526770,
0x42c322,0x524778,
0x42c328,0x524778,
0x42c345,0x526770,
0x42c34e,0x524778,
0x42c35b,0x526770,
0x42c366,0x524778,
0x42c36c,0x524778,
0x42c37e,0x524778,
0x42c38b,0x526770,
0x42c394,0x524778,
0x42c39d,0x526770,
0x42c3a6,0x524778,
0x42c3b2,0x526770,
0x42c3bd,0x524778,
0x42c3c3,0x524778,
0x42c3d0,0x526770,
0x42c3db,0x524778,
0x42c3e4,0x526770,
0x42c3ed,0x524778,
0x42c3fc,0x526770,
0x42c408,0x524778,
0x42c412,0x526770,
0x42c41d,0x524778,
0x42c428,0x524778,
0x42c42e,0x524770,
0x42c438,0x4bcd30,
0x42c479,0x526770,
0x42c483,0x524770,
0x42c4a1,0x504be8,
0x42c4cf,0x5280b0,
0x42c4e7,0x4bcd30,
0x42c509,0x4bcd34,
0x42c512,0x4faf18,
0x42c526,0x526790,
0x42c5ae,0x52b91c,
0x42c5c7,0x608bb0,
0x42c5f5,0x526770,
0x42c5fb,0x5268a0,
0x42c604,0x524778,
0x42c60a,0x52476c,
0x42c61d,0x524780,
0x42c629,0x5fe578,
0x42c640,0x524768,
0x42c653,0x5fde4c,
0x42c658,0x5fde48,
0x42c661,0x526770,
0x42c66c,0x524768,
0x42c676,0x52689c,
0x42c68f,0x52477c,
0x42c69b,0x526770,
0x42c6b2,0x526778,
0x42c6b9,0x52677c,
0x42c6be,0x52689c,
0x42c6c3,0x5fe578,
0x42c6c9,0x526780,
0x42c6cf,0x526784,
0x42c6dc,0x526770,
0x42c6e2,0x526788,
0x42c6e8,0x526778,
0x42c6f2,0x52677c,
0x42c6f8,0x526784,
0x42c703,0x526784,
0x42c708,0x526768,
0x42c714,0x524768,
0x42c71a,0x526778,
0x42c72b,0x526770,
0x42c734,0x52477c,
0x42c73a,0x524768,
0x42c754,0x526770,
0x42c759,0x52689c,
0x42c762,0x524768,
0x42c770,0x526770,
0x42c77b,0x52477c,
0x42c797,0x526770,
0x42c7a3,0x524778,
0x42c7ac,0x526770,
0x42c7b8,0x524778,
0x42c7c2,0x526770,
0x42c7cb,0x524778,
0x42c7d5,0x526770,
0x42c7e0,0x524778,
0x42c7eb,0x524778,
0x42c7f1,0x524770,
0x42c802,0x4bcd30,
0x42c824,0x5280b0,
0x42c82d,0x4bcd34,
0x42c833,0x4faf18,
0x42c845,0x526790,
0x42c865,0x526770,
0x42c86e,0x524770,
0x42c875,0x524780,
0x42c87b,0x524778,
0x42c8cb,0x526770,
0x42c8d4,0x524778,
0x42c8da,0x524780,
0x42c8e2,0x524780,
0x42c901,0x504be8,
0x42c92f,0x5280b0,
0x42c947,0x4bcd30,
0x42c969,0x4bcd34,
0x42c972,0x4faf18,
0x42c986,0x526790,
0x42ca0e,0x52b91c,
0x42ca27,0x608bb0,
0x42ca55,0x526770,
0x42ca5b,0x5268a0,
0x42ca64,0x524778,
0x42ca6a,0x52476c,
0x42ca7d,0x524780,
0x42ca89,0x5fe578,
0x42caa0,0x524768,
0x42cab3,0x5fde4c,
0x42cab8,0x5fde48,
0x42cac1,0x526770,
0x42cacc,0x524768,
0x42cad6,0x52689c,
0x42caef,0x52477c,
0x42cafb,0x526770,
0x42cb12,0x526778,
0x42cb19,0x52677c,
0x42cb1e,0x52689c,
0x42cb23,0x5fe578,
0x42cb29,0x526780,
0x42cb2f,0x526784,
0x42cb3c,0x526770,
0x42cb42,0x526788,
0x42cb48,0x526778,
0x42cb52,0x52677c,
0x42cb58,0x526784,
0x42cb63,0x526784,
0x42cb68,0x526768,
0x42cb74,0x524768,
0x42cb7a,0x526778,
0x42cb8b,0x526770,
0x42cb94,0x52477c,
0x42cb9a,0x524768,
0x42cbb4,0x526770,
0x42cbb9,0x52689c,
0x42cbc2,0x524768,
0x42cbd0,0x526770,
0x42cbdb,0x52477c,
0x42cbf7,0x526770,
0x42cc03,0x524778,
0x42cc0c,0x526770,
0x42cc18,0x524778,
0x42cc22,0x526770,
0x42cc2b,0x524778,
0x42cc35,0x526770,
0x42cc40,0x524778,
0x42cc4b,0x524778,
0x42cc51,0x524770,
0x42cc62,0x4bcd30,
0x42cc84,0x5280b0,
0x42cc8d,0x4bcd34,
0x42cc93,0x4faf18,
0x42cca5,0x526790,
0x42ccc5,0x526770,
0x42ccce,0x524770,
0x42ccd5,0x524780,
0x42ccdb,0x524778,
0x42cd2b,0x526770,
0x42cd34,0x524778,
0x42cd3a,0x524780,
0x42cd42,0x524780,
0x42cd85,0x52b91c,
0x42cf11,0x608bb0,
0x42d087,0x608bb0,
0x42d0a2,0x5fff34,
0x42d0b3,0x60865e,
0x42d0f4,0x4eded0,
0x42d0fc,0x4eded4,
0x42d101,0x4ede98,
0x42d10c,0x4eded8,
0x42d115,0x4ededc,
0x42d155,0x4bc308,
0x42d19a,0x4bc30c,
0x42d1c9,0x4bc310,
0x42d1e6,0x4bc340,
0x42d1ed,0x4bc314,
0x42d209,0x5fde40,
0x42d216,0x643621,
0x42d21b,0x5fd101,
0x42d237,0x5fd501,
0x42d248,0x5fe538,
0x42d265,0x5280d4,
0x42d2d3,0x5fff34,
0x42d2de,0x6080cc,
0x42d2f9,0x6080cc,
0x42d30d,0x4f9e24,
0x42d31b,0x4f9f04,
0x42d324,0x4f9e38,
0x42d348,0x4f9f18,
0x42d35a,0x4f9e24,
0x42d38b,0x5fff34,
0x42d392,0x6080cc,
0x42d3a5,0x6080cc,
0x42d3dd,0x4bc304,
0x42d3f5,0x5280c8,
0x42d403,0x4bc300,
0x42d409,0x5280c8,
0x42d448,0x42e4e0,
0x42d455,0x42e500,
0x42d488,0x5fff34,
0x42d499,0x6080b8,
0x42d4b3,0x6080cc,
0x42d4d1,0x4edee0,
0x42d4eb,0x608404,
0x42d4f0,0x608400,
0x42d514,0x6080c4,
0x42d51a,0x643930,
0x42d524,0x6080b8,
0x42d52a,0x6080c0,
0x42d530,0x6080c4,
0x42d535,0x643920,
0x42d53a,0x6080c8,
0x42d543,0x643924,
0x42d549,0x643928,
0x42d54e,0x64392c,
0x42d604,0x5fff34,
0x42d60c,0x6080cc,
0x42d61f,0x6080cc,
0x42d6a1,0x5fffac,
0x42d6b9,0x608b80,
0x42d6c9,0x608680,
0x42d710,0x608408,
0x42d72f,0x60897d,
0x42d735,0x60897e,
0x42d73b,0x60897f,
0x42d749,0x5fff90,
0x42d750,0x608980,
0x42d75c,0x6080c4,
0x42d787,0x5fff10,
0x42d78d,0x608460,
0x42d798,0x5fff34,
0x42d7ba,0x6080cc,
0x42d7c1,0x6080c8,
0x42d9c7,0x608660,
0x42d9d6,0x4bc1f4,
0x42d9de,0x608660,
0x42d9f4,0x5280b8,
0x42d9fb,0x4bc210,
0x42da24,0x5280b8,
0x42da39,0x4bc1f8,
0x42da46,0x4edf1c,
0x42da4e,0x4edf20,
0x42da75,0x608660,
0x42da9f,0x608660,
0x42dada,0x4ede88,
0x42daf5,0x4ede88,
0x42db6b,0x608660,
0x42db7f,0x4ede88,
0x42dbc7,0x608660,
0x42dc09,0x4bc1f0,
0x42dc71,0x5280cc,
0x42dc7d,0x6080c4,
0x42dc84,0x6080c0,
0x42dcbe,0x5280cc,
0x42dd01,0x5280d8,
0x42dd0a,0x6080c0,
0x42dd21,0x5280d8,
0x42dd31,0x5280cc,
0x42dd46,0x5280d8,
0x42dd4f,0x6080c0,
0x42dd67,0x5280d8,
0x42dd6e,0x5280d8,
0x42dd78,0x6080c4,
0x42dd8b,0x5280cc,
0x42ddc2,0x5280cc,
0x42ddd7,0x608408,
0x42de77,0x5fff34,
0x42de7f,0x6080c4,
0x42de95,0x5fff14,
0x42dea1,0x5280d8,
0x42deaa,0x6080c0,
0x42dec0,0x5280d8,
0x42dec7,0x5280d8,
0x42ded1,0x5280cc,
0x42ded9,0x5280cc,
0x42df26,0x4edf28,
0x42df2d,0x4bc23c,
0x42df5c,0x4edf24,
0x42df6e,0x4bc28c,
0x42df73,0x608400,
0x42df79,0x608404,
0x42df90,0x4bc1ec,
0x42e0b4,0x608404,
0x42e0e6,0x608400,
0x42e158,0x4bc1ec,
0x42e16a,0x608400,
0x42e1b1,0x4bc264,
0x42e1da,0x6080c4,
0x42e21a,0x5280cc,
0x42e295,0x5280cc,
0x42e2cf,0x6080c4,
0x42e2f0,0x6080c0,
0x42e305,0x5280cc,
0x42e30c,0x608408,
0x42e318,0x6080c0,
0x42e326,0x5280d8,
0x42e347,0x5280d8,
0x42e386,0x6080c0,
0x42e38c,0x5280cc,
0x42e392,0x5280d8,
0x42e3af,0x5280d8,
0x42e404,0x5280cc,
0x42e42d,0x6080c4,
0x42e44a,0x6080c0,
0x42e45f,0x5280cc,
0x42e4c8,0x5280cc,
0x42e4e6,0x5fde4c,
0x42e501,0x5fde44,
0x42e511,0x5fde48,
0x42e57b,0x4bcd48,
0x42e5bf,0x4bcd48,
0x42e5e5,0x5fde4c,
0x42e615,0x608408,
0x42e646,0x5fff34,
0x42e64d,0x6080cc,
0x42e660,0x6080cc,
0x42e6aa,0x4f9e14,
0x42e6b0,0x4f9e18,
0x42e6b6,0x608408,
0x42e6da,0x5fff34,
0x42e6e1,0x6080cc,
0x42e6f4,0x6080cc,
0x42e70d,0x5fdc0c,
0x42e71c,0x4edf4c,
0x42e734,0x6080d8,
0x42e73f,0x6080e4,
0x42e770,0x5fdc0c,
0x42e77f,0x4edf4c,
0x42e7ef,0x5fdc0c,
0x42e7fe,0x4edf2c,
0x42e854,0x5fde48,
0x42e861,0x608404,
0x42e867,0x608400,
0x42e86d,0x4bcd54,
0x42e879,0x4bcd4c,
0x42e87f,0x4bcd54,
0x42e885,0x4bcd54,
0x42e88b,0x4bcd54,
0x42e89d,0x4bcd54,
0x42e8bd,0x4bcd54,
0x42e906,0x4bcd4c,
0x42e90c,0x4bcd54,
0x42e916,0x4bcd54,
0x42e971,0x5fde4c,
0x42e978,0x5fde48,
0x42e996,0x5280d0,
0x42e9a4,0x5280d0,
0x42e9c1,0x504be8,
0x42e9de,0x608bc0,
0x42e9f7,0x52b910,
0x42ea10,0x5280f0,
0x42ea2e,0x5280f0,
0x42ea48,0x52b910,
0x42ea4d,0x5280f0,
0x42ea53,0x52b90c,
0x42ea59,0x5280e4,
0x42ea5e,0x5280ec,
0x42ea71,0x52b910,
0x42ea89,0x528108,
0x42ea97,0x52b914,
0x42eab2,0x52b914,
0x42ead0,0x52b910,
0x42eaf1,0x52b910,
0x42eaf7,0x5280f0,
0x42eafc,0x52b90c,
0x42eb01,0x5280e4,
0x42eb07,0x5280ec,
0x42eb11,0x504be8,
0x42eb2b,0x608bc0,
0x42eb39,0x52b910,
0x42eb58,0x5280f0,
0x42eb73,0x5280f0,
0x42eb7a,0x5280f0,
0x42eba2,0x52b914,
0x42ebab,0x52b914,
0x42ebd5,0x52b910,
0x42ebee,0x5280f0,
0x42ec09,0x52b910,
0x42ec15,0x5280f0,
0x42ec21,0x504be8,
0x42ec3f,0x52b910,
0x42ec5c,0x5280f0,
0x42ec79,0x5280f0,
0x42ec89,0x4bc210,
0x42ec8e,0x4edf90,
0x42ec9d,0x4edf80,
0x42ecac,0x4edf74,
0x42ecc0,0x5280e8,
0x42ecc6,0x5280fc,
0x42ecd4,0x5280f8,
0x42eced,0x52b910,
0x42ed08,0x5280f0,
0x42ed25,0x5280f0,
0x42ed53,0x52b910,
0x42ed70,0x5280f0,
0x42ed9c,0x5280f0,
0x42eda2,0x52b910,
0x42eda9,0x5280f0,
0x42edb3,0x5280f0,
0x42edc4,0x528100,
0x42ee5c,0x5fffa0,
0x42ee62,0x5fffa8,
0x42ee95,0x5fffac,
0x42eeaa,0x5fffa4,
0x42eec3,0x5fffa0,
0x42eed2,0x5fffa8,
0x42ef08,0x608980,
0x42ef10,0x608660,
0x42ef77,0x5280d4,
0x42ef7d,0x6080b8,
0x42ef99,0x52b914,
0x42efa7,0x52b914,
0x42f01a,0x5fff90,
0x42f077,0x5fff90,
0x42f0e1,0x6080cc,
0x42f0f6,0x6080cc,
0x42f1e8,0x5fffb4,
0x42f4d4,0x4bce78,
0x42f4ef,0x4bce78,
0x42f526,0x52b914,
0x42f534,0x5fde48,
0x42f53d,0x52b914,
0x42f575,0x504c00,
0x42f592,0x504c08,
0x42f5a9,0x4edfa8,
0x42f5b9,0x504c00,
0x42f5ca,0x4edf9c,
0x42f5d1,0x4bc298,
0x42f5fe,0x5280d4,
0x42f648,0x5280e0,
0x42f6be,0x52b910,
0x42f6e9,0x5280f0,
0x42f70a,0x5280f0,
0x42f710,0x5280f0,
0x42f722,0x5280f8,
0x42f734,0x52b90c,
0x42f742,0x5280e8,
0x42f74e,0x4bc100,
0x42f755,0x5280e4,
0x42f765,0x5280ec,
0x42f776,0x52b90c,
0x42f78f,0x5280f8,
0x42f79a,0x52b90c,
0x42f7a0,0x5280fc,
0x42f7ac,0x5280e4,
0x42f7b2,0x5280ec,
0x42f7c0,0x5280fc,
0x42f7d6,0x5280fc,
0x42f7ee,0x504c00,
0x42f7fc,0x5a7c90,
0x42f807,0x5280d0,
0x42f81e,0x4edfc8,
0x42f838,0x52b914,
0x42f866,0x52b910,
0x42f876,0x528100,
0x42f8b5,0x52b910,
0x42f8cb,0x52b910,
0x42f8e8,0x5280f0,
0x42f90b,0x5280f0,
0x42f970,0x5280f0,
0x42f9a9,0x52b910,
0x42f9bf,0x5280f0,
0x42f9e0,0x52b910,
0x42f9f0,0x5280f0,
0x42fa09,0x52b910,
0x42fa1b,0x5280f0,
0x42fa4b,0x52b910,
0x42fa52,0x5280f0,
0x42fa5b,0x504c00,
0x42fa67,0x5a7c90,
0x42fa6e,0x5280d0,
0x42fa85,0x4edfac,
0x42fa8b,0x5a7c90,
0x42fa92,0x4bc298,
0x42fa9e,0x5280d0,
0x42fac4,0x6080b8,
0x42face,0x4bcd88,
0x42fb11,0x504c00,
0x42fb16,0x52b914,
0x42fb20,0x5a7c90,
0x42fb2a,0x4edff4,
0x42fb31,0x4bc298,
0x42fb3a,0x52b914,
0x42fb4a,0x5280e0,
0x42fb61,0x6080b8,
0x42fb66,0x5fde44,
0x42fb6b,0x4bcdf8,
0x42fb77,0x5fdc0c,
0x42fb88,0x4ee01c,
0x42fba1,0x5fde44,
0x42fbab,0x5fde50,
0x42fbb7,0x42fc00,
0x42fbc2,0x5fdc0c,
0x42fbd3,0x4ee040,
0x42fbe4,0x5fde54,
0x42fc15,0x608444,
0x42fc3d,0x5fde50,
0x42fc43,0x4bc0fc,
0x42fc56,0x5fdf74,
0x42fc75,0x5fde50,
0x42fc85,0x5fde76,
0x42fc8d,0x5fde50,
0x42fca1,0x5fde58,
0x42fcae,0x5fde50,
0x42fcbf,0x5fdf84,
0x42fcc8,0x5fde50,
0x42fcdc,0x5fdea8,
0x42fcee,0x5fdf84,
0x42fcf7,0x5fde50,
0x42fd0b,0x5fdea8,
0x42fd13,0x5fde50,
0x42fd26,0x5fdf2c,
0x42fd2f,0x5fdf88,
0x42fd35,0x5fde50,
0x42fd46,0x5fdf48,
0x42fd51,0x5fdf8c,
0x42fd56,0x5fde50,
0x42fd63,0x60841c,
0x42fd72,0x5fdf44,
0x42fd83,0x5fdf90,
0x42fd88,0x6080bc,
0x42fd91,0x5fde50,
0x42fda0,0x5fdf90,
0x42fda9,0x5fde50,
0x42fdb5,0x5fde50,
0x42fdd5,0x5fe5c0,
0x42fde9,0x5fe5c8,
0x42fdf1,0x5fe5c0,
0x42fdff,0x5fe5c8,
0x42fe0f,0x5fe5c0,
0x42fe18,0x5fe634,
0x42fe22,0x5fe5c0,
0x42fe2b,0x5fe644,
0x42fe4c,0x5fe5c0,
0x42fe57,0x5fe634,
0x42fe5c,0x5fe5c0,
0x42fe65,0x5fe644,
0x42feb2,0x5fe5c0,
0x42febb,0x5fe638,
0x42fec0,0x5fe5c0,
0x42fec9,0x5fe640,
0x42fecf,0x5fe5c0,
0x42fed8,0x5fe63c,
0x42fede,0x5fe5c0,
0x42fef8,0x6080c4,
0x42fff8,0x6080c4,
0x430111,0x5fde48,
0x430125,0x5fde48,
0x43013f,0x5fdf84,
0x430148,0x6080d0,
0x430151,0x4ee0b0,
0x43015e,0x5fde48,
0x43016e,0x5fde48,
0x43017f,0x5fde58,
0x430189,0x5fe484,
0x43018f,0x5fde54,
0x430196,0x6080c4,
0x43019c,0x5fdf74,
0x4301a1,0x5fde48,
0x4301ae,0x5fdc0c,
0x4301bf,0x4ee090,
0x4301cf,0x5fde54,
0x4301d5,0x5fe5c0,
0x4301df,0x5fdf88,
0x4301ec,0x5fde48,
0x4301f4,0x5fe5c0,
0x4301fc,0x42fdd0,
0x430207,0x5fdc0c,
0x430218,0x4ee064,
0x43022a,0x5fe5c0,
0x430230,0x4bc1e8,
0x430235,0x42fff0,
0x430240,0x5fe5c8,
0x43024c,0x5fe5c8,
0x430251,0x5fff48,
0x43025c,0x5fe5c0,
0x430261,0x42fef0,
0x43026c,0x5fe5c8,
0x430272,0x5fe5c4,
0x43027e,0x5fe5c8,
0x430283,0x5ffec8,
0x4302a4,0x5fde4c,
0x4302e3,0x5fde48,
0x430301,0x5fdc0c,
0x430312,0x4ee1e4,
0x43032d,0x5fdc0c,
0x43033e,0x4ee1b0,
0x430374,0x5fcea8,
0x430385,0x5fcea4,
0x430395,0x5fcea0,
0x43039f,0x5fe5b8,
0x4303ba,0x5fcea0,
0x4303da,0x5fceac,
0x4303ea,0x5fceac,
0x4303fb,0x5fceb0,
0x43040b,0x5fceb4,
0x430418,0x5fceb8,
0x430428,0x5fcebc,
0x430439,0x5fcec0,
0x430449,0x5fcec4,
0x43045a,0x5fcec8,
0x43046a,0x5fcecc,
0x43048a,0x5fcec8,
0x43048f,0x5fced0,
0x4304a5,0x5fced4,
0x4304b6,0x5fced8,
0x4304d9,0x5fdc0c,
0x4304ea,0x4ee178,
0x430522,0x5fde48,
0x43052f,0x5fdc0c,
0x430540,0x4ee150,
0x430548,0x5fde4c,
0x43054d,0x5fde48,
0x430562,0x5fdc0c,
0x430573,0x4ee128,
0x43057a,0x5fde48,
0x430587,0x5fdc0c,
0x430598,0x4ee100,
0x4305fb,0x608440,
0x430600,0x608444,
0x430607,0x608444,
0x430616,0x608444,
0x430645,0x608444,
0x430672,0x608444,
0x43069c,0x5fdc00,
0x4306a6,0x5fcee8,
0x4306ac,0x5fde20,
0x4306b5,0x5fdc04,
0x4306ba,0x6080dc,
0x4306c6,0x5fde40,
0x4306fe,0x608424,
0x430704,0x608428,
0x430729,0x5fdf84,
0x43074a,0x6080dc,
0x43075b,0x6080e8,
0x430763,0x5fdf44,
0x430775,0x6080dc,
0x4307d7,0x5fde48,
0x4307e7,0x5fde48,
0x4307ec,0x5fd0e0,
0x4307fc,0x5fd0e0,
0x430801,0x5fd0e8,
0x430811,0x5fd0e8,
0x430816,0x6080c4,
0x430826,0x6080c4,
0x43082b,0x6080c0,
0x43083b,0x6080c0,
0x430841,0x608410,
0x430857,0x5fde44,
0x430867,0x5fde44,
0x43086c,0x6080b8,
0x43087c,0x6080b8,
0x430898,0x5fceec,
0x43089d,0x60844c,
0x4308a8,0x608424,
0x4308ae,0x608428,
0x4308ba,0x6080e0,
0x4308c0,0x6080e4,
0x4308c6,0x5fdc18,
0x4308cc,0x5fdc1c,
0x4308d2,0x608424,
0x4308d8,0x608428,
0x4308f5,0x6080e8,
0x430915,0x6080dc,
0x430927,0x5fdf84,
0x43092d,0x6080e8,
0x43095d,0x5fde54,
0x430963,0x60844c,
0x430978,0x5fde40,
0x43098e,0x608410,
0x4309a2,0x5fde48,
0x4309b2,0x5fde48,
0x4309b7,0x5fd0e0,
0x4309c7,0x5fd0e0,
0x4309cc,0x5fd0e8,
0x4309dc,0x5fd0e8,
0x4309e1,0x6080c4,
0x4309f1,0x6080c4,
0x4309f6,0x6080c0,
0x430a06,0x6080c0,
0x430a10,0x608410,
0x430a1f,0x6080e0,
0x430a25,0x6080e4,
0x430a2b,0x6080e8,
0x430a33,0x608424,
0x430a38,0x608428,
0x430a3e,0x5fdc18,
0x430a43,0x5fdc1c,
0x430a49,0x5fde40,
0x430a52,0x608424,
0x430a58,0x608428,
0x430a78,0x5fde54,
0x430a82,0x6080dc,
0x430a8f,0x5fde40,
0x430a96,0x5fdf84,
0x430ab8,0x5fde54,
0x430ae5,0x5fde40,
0x430aef,0x5fde48,
0x430b02,0x5fde48,
0x430b07,0x5fd0e0,
0x430b17,0x5fd0e0,
0x430b1c,0x5fd0e8,
0x430b2c,0x5fd0e8,
0x430b31,0x6080c4,
0x430b41,0x6080c4,
0x430b46,0x6080c0,
0x430b56,0x6080c0,
0x430b66,0x5fde40,
0x430b82,0x6080dc,
0x430b94,0x60844c,
0x430bab,0x5fcea0,
0x430bb1,0x5fcea0,
0x430bbd,0x5fcea0,
0x430bc4,0x60844c,
0x430bea,0x60844c,
0x430bf0,0x5fde40,
0x430c03,0x5fde48,
0x430c13,0x5fde48,
0x430c18,0x5fd0e0,
0x430c28,0x5fd0e0,
0x430c2d,0x5fd0e8,
0x430c3d,0x5fd0e8,
0x430c42,0x6080c4,
0x430c52,0x6080c4,
0x430c57,0x6080c0,
0x430c67,0x6080c0,
0x430c6d,0x608410,
0x430c7a,0x5fde40,
0x430c89,0x5fde44,
0x430c99,0x5fde44,
0x430c9e,0x6080b8,
0x430cae,0x6080b8,
0x430cd9,0x4f0024,
0x430cdf,0x4f0010,
0x430cf9,0x4effcc,
0x430cff,0x4eff84,
0x430d19,0x4eff5c,
0x430d1f,0x4eff20,
0x430d39,0x4efee0,
0x430d3f,0x4efeb8,
0x430d59,0x4efe70,
0x430d5f,0x4efe2c,
0x430d79,0x4efdd8,
0x430d7f,0x4efd94,
0x430d99,0x4efd60,
0x430d9f,0x4efd2c,
0x430db9,0x4efce4,
0x430dbf,0x4efcb8,
0x430dd9,0x4efc94,
0x430ddf,0x4efc44,
0x430df9,0x4efc28,
0x430dff,0x4efbbc,
0x430e19,0x4efba4,
0x430e1f,0x4efb3c,
0x430e39,0x4efae0,
0x430e3f,0x4efab4,
0x430e59,0x4efa4c,
0x430e5f,0x4ef9dc,
0x430e79,0x4ef9ac,
0x430e7f,0x4ef990,
0x430e99,0x4ef938,
0x430e9f,0x4ef918,
0x430eb9,0x4ef8b8,
0x430ebf,0x4ef848,
0x430ed9,0x4ef7e8,
0x430edf,0x4ef78c,
0x430f07,0x4ef72c,
0x430f0d,0x4ef6b4,
0x430f13,0x4ef648,
0x430f19,0x4ef5e0,
0x430f33,0x4ef568,
0x430f39,0x4ef508,
0x430f53,0x4ef488,
0x430f59,0x4ef438,
0x430f78,0x431298,
0x430f7d,0x4effcc,
0x430f83,0x4ef404,
0x430f89,0x4ef3c4,
0x430f8f,0x4ef360,
0x430f95,0x4ef330,
0x430faf,0x4ef2e4,
0x430fb5,0x4ef28c,
0x430fcf,0x4ef228,
0x430fd5,0x4ef1ec,
0x430fef,0x4ef144,
0x430ff5,0x4ef11c,
0x43100f,0x4ef0ec,
0x431015,0x4ef094,
0x43102f,0x4ef064,
0x431035,0x4ef02c,
0x43104f,0x4eefe4,
0x431055,0x4eefc4,
0x43106f,0x4eef50,
0x431075,0x4eef08,
0x43109c,0x4312b8,
0x4310a1,0x4eeeac,
0x4310a7,0x4eee84,
0x4310ad,0x4eee30,
0x4310b3,0x4eedd0,
0x4310b9,0x4eed74,
0x4310bf,0x4eed1c,
0x4310c5,0x4eeca0,
0x4310cb,0x4eec30,
0x4310d1,0x4eebe0,
0x4310d7,0x4eeb8c,
0x4310dd,0x4eeb24,
0x4310e3,0x4eeb04,
0x4310e9,0x4eead4,
0x4310ef,0x4eeaa8,
0x4310f5,0x4eea88,
0x4310fb,0x4eea20,
0x431101,0x4ee9fc,
0x431107,0x4ee994,
0x43110d,0x4ee910,
0x431113,0x4ee8e0,
0x431119,0x4ee8ac,
0x43111f,0x4ee864,
0x431125,0x4ee820,
0x43112b,0x4ee7a0,
0x431131,0x4ee768,
0x431137,0x4ee724,
0x43113d,0x4ee6ec,
0x431143,0x4ee6b4,
0x431149,0x4ee664,
0x43114f,0x4ee64c,
0x431169,0x4ee634,
0x43116f,0x4ee614,
0x431196,0x43132c,
0x43119b,0x4ee5fc,
0x4311a1,0x4ee5e0,
0x4311a7,0x4ee5c0,
0x4311ad,0x4ee5a4,
0x4311b3,0x4ee584,
0x4311b9,0x4ee56c,
0x4311bf,0x4ee54c,
0x4311c5,0x4ee530,
0x4311cb,0x4ee514,
0x4311d1,0x4ee4fc,
0x4311d7,0x4ee4dc,
0x4311dd,0x4ee4bc,
0x4311e3,0x4ee4a0,
0x4311e9,0x4ee480,
0x4311ef,0x4ee464,
0x4311f5,0x4ee444,
0x4311fb,0x4ee424,
0x431201,0x4ee404,
0x431207,0x4ee3e4,
0x43120d,0x4ee3c4,
0x431213,0x4ee3a4,
0x431219,0x4ee384,
0x43121f,0x4ee368,
0x431237,0x4313ac,
0x43123c,0x4ee354,
0x431242,0x4ee340,
0x431248,0x4ee32c,
0x43124e,0x4ee318,
0x431254,0x4ee304,
0x43125a,0x4ee2ec,
0x431260,0x4ee2d0,
0x431266,0x4ee2bc,
0x43126c,0x4ee2a8,
0x431272,0x4ee294,
0x431278,0x4ee278,
0x43127e,0x4ee25c,
0x431284,0x4ee240,
0x43128a,0x4ee234,
0x431290,0x4ee218,
0x431298,0x430f7c,
0x43129c,0x43128f,
0x4312a0,0x430f82,
0x4312a4,0x43128f,
0x4312a8,0x430f88,
0x4312ac,0x43128f,
0x4312b0,0x43128f,
0x4312b4,0x430f8e,
0x4312b8,0x4310d6,
0x4312bc,0x4310b8,
0x4312c0,0x4310fa,
0x4312c4,0x43113c,
0x4312c8,0x431100,
0x4312cc,0x431142,
0x4312d0,0x4310b2,
0x4312d4,0x4310e8,
0x4312d8,0x431106,
0x4312dc,0x4310ca,
0x4312e0,0x4310c4,
0x4312e4,0x431112,
0x4312e8,0x431118,
0x4312ec,0x4310a0,
0x4312f0,0x4310e2,
0x4312f4,0x4310f4,
0x4312f8,0x431136,
0x4312fc,0x43110c,
0x431300,0x4310dc,
0x431304,0x43111e,
0x431308,0x4310be,
0x43130c,0x431124,
0x431310,0x4310ac,
0x431314,0x43112a,
0x431318,0x4310a6,
0x43131c,0x4310ee,
0x431320,0x431148,
0x431324,0x4310d0,
0x431328,0x431130,
0x43132c,0x4311a6,
0x431330,0x4311ac,
0x431334,0x4311b2,
0x431338,0x43119a,
0x43133c,0x4311a0,
0x431340,0x4311b8,
0x431344,0x4311be,
0x431348,0x43128f,
0x43134c,0x43128f,
0x431350,0x4311c4,
0x431354,0x4311d6,
0x431358,0x4311dc,
0x43135c,0x4311e2,
0x431360,0x4311e8,
0x431364,0x4311ee,
0x431368,0x43128f,
0x43136c,0x4311d0,
0x431370,0x4311ca,
0x431374,0x43128f,
0x431378,0x4311f4,
0x43137c,0x4311fa,
0x431380,0x431200,
0x431384,0x43128f,
0x431388,0x431206,
0x43138c,0x43128f,
0x431390,0x43128f,
0x431394,0x43128f,
0x431398,0x43128f,
0x43139c,0x43128f,
0x4313a0,0x43120c,
0x4313a4,0x431212,
0x4313a8,0x431218,
0x4313ac,0x43123b,
0x4313b0,0x431241,
0x4313b4,0x431247,
0x4313b8,0x43124d,
0x4313bc,0x431253,
0x4313c0,0x431259,
0x4313c4,0x43125f,
0x4313c8,0x431265,
0x4313cc,0x43126b,
0x4313d0,0x431271,
0x4313d4,0x431277,
0x4313d8,0x43127d,
0x4313dc,0x431283,
0x4313ea,0x4bc1f4,
0x4313ef,0x52b91c,
0x4313fa,0x608424,
0x431401,0x5fce98,
0x431407,0x5fce90,
0x43140f,0x6080c8,
0x431415,0x5fce84,
0x43141b,0x608428,
0x431421,0x5fce94,
0x431427,0x6080b8,
0x431434,0x5fce88,
0x43143a,0x5fce9c,
0x431440,0x6080c4,
0x431455,0x5fce80,
0x4314b3,0x608ba8,
0x431528,0x4f0040,
0x431530,0x4f0044,
0x43153b,0x4f0048,
0x431546,0x4f0050,
0x43154f,0x4f004c,
0x431591,0x4bc308,
0x4315d6,0x4bc30c,
0x431605,0x4bc310,
0x43161f,0x4bc340,
0x431626,0x4bc314,
0x43163f,0x5fde40,
0x43164c,0x643621,
0x431651,0x5fd101,
0x43166c,0x5fd501,
0x431673,0x4f9e24,
0x431681,0x4f9f04,
0x43168a,0x4f9e38,
0x4316ae,0x4f9f18,
0x4316c0,0x4f9e24,
0x4316da,0x608bac,
0x431702,0x608bac,
0x43171b,0x608408,
0x43172b,0x608bac,
0x431760,0x608408,
0x43176f,0x608bac,
0x431789,0x5fdc0c,
0x431798,0x4edf4c,
0x431842,0x5fff34,
0x431853,0x6080b8,
0x43186d,0x6080cc,
0x43188b,0x4edee0,
0x4318a5,0x608404,
0x4318aa,0x608400,
0x4318ce,0x6080c4,
0x4318d4,0x643930,
0x4318de,0x6080b8,
0x4318e4,0x6080c0,
0x4318ea,0x6080c4,
0x4318ef,0x643920,
0x4318f4,0x6080c8,
0x4318fd,0x643924,
0x431903,0x643928,
0x431908,0x64392c,
0x431998,0x608440,
0x43199d,0x608444,
0x4319a4,0x608444,
0x4319b3,0x608444,
0x4319e2,0x608444,
0x431a0e,0x6080dc,
0x431a14,0x5fdc00,
0x431a1f,0x5fdc04,
0x431a24,0x5fcee8,
0x431a2a,0x5fde20,
0x431a30,0x5fde40,
0x431a4b,0x608424,
0x431a51,0x608428,
0x431a68,0x5fdf84,
0x431a8d,0x6080dc,
0x431a92,0x5fdf44,
0x431aa7,0x6080e8,
0x431abe,0x6080dc,
0x431ad9,0x608424,
0x431adf,0x608428,
0x431aeb,0x6080e0,
0x431af1,0x6080e4,
0x431af7,0x5fdc18,
0x431afd,0x5fdc1c,
0x431b03,0x608424,
0x431b09,0x608428,
0x431b1b,0x6080e8,
0x431b3a,0x6080dc,
0x431b42,0x6080e8,
0x431b5e,0x6080e8,
0x431b8f,0x5fde48,
0x431b9f,0x5fde48,
0x431ba4,0x5fd0e0,
0x431bb4,0x5fd0e0,
0x431bb9,0x5fd0e8,
0x431bc9,0x5fd0e8,
0x431bce,0x6080c4,
0x431bde,0x6080c4,
0x431be3,0x6080c0,
0x431bf3,0x6080c0,
0x431bf9,0x608410,
0x431c0f,0x5fde44,
0x431c1f,0x5fde44,
0x431c24,0x6080b8,
0x431c34,0x6080b8,
0x431c57,0x5fceec,
0x431c5c,0x60844c,
0x431c71,0x5280cc,
0x431c7a,0x6080c4,
0x431c80,0x5280cc,
0x431cf5,0x608be4,
0x431d1a,0x608680,
0x431d64,0x608408,
0x431d8f,0x60897d,
0x431d95,0x60897e,
0x431d9b,0x60897f,
0x431da7,0x6080c4,
0x431e15,0x608460,
0x431e4e,0x608660,
0x431e62,0x60865e,
0x431e6f,0x608460,
0x431ee3,0x52b91c,
0x431f00,0x52b91c,
0x431f1f,0x6080c8,
0x431f68,0x4f0718,
0x431f6d,0x4f0708,
0x431f73,0x4bc23c,
0x431fac,0x4bc298,
0x431fb1,0x4f06c4,
0x431fc1,0x4f06a0,
0x431fd1,0x4f067c,
0x431fdc,0x4f0634,
0x431fff,0x4f0624,
0x432016,0x4f061c,
0x432024,0x4f05f8,
0x432036,0x4f05d4,
0x432048,0x4f05b0,
0x43205a,0x4f058c,
0x43206c,0x4f0568,
0x43207e,0x4f0544,
0x432090,0x4f052c,
0x4320a7,0x4f061c,
0x4320b5,0x4f0504,
0x4320c7,0x4f04dc,
0x4320d9,0x4f04b4,
0x4320eb,0x4f048c,
0x4320fd,0x4f0464,
0x43210f,0x4f043c,
0x432121,0x4f0428,
0x432138,0x4f061c,
0x432146,0x4f0408,
0x432158,0x4f03e8,
0x43216a,0x4f03c8,
0x43217c,0x4f03a8,
0x43218e,0x4f0388,
0x4321a0,0x4f0368,
0x4321b2,0x4f0348,
0x4321bd,0x4f0340,
0x4321d9,0x4f0338,
0x4321f5,0x4f0330,
0x43220b,0x4f0320,
0x43221e,0x4f061c,
0x43222f,0x4f0308,
0x432241,0x4f02ec,
0x432253,0x4f02d0,
0x432265,0x4f02b4,
0x432277,0x4f0298,
0x432289,0x4f027c,
0x43229b,0x4f0260,
0x4322ad,0x4f0244,
0x4322b8,0x4f0240,
0x4322ce,0x4f0320,
0x4322e1,0x4f061c,
0x4322f2,0x4f0308,
0x432304,0x4f02ec,
0x432316,0x4f02d0,
0x432328,0x4f02b4,
0x43233a,0x4f0298,
0x43234c,0x4f027c,
0x43235e,0x4f0260,
0x432370,0x4f0244,
0x432397,0x4f0228,
0x4323aa,0x4f061c,
0x4323b8,0x4f020c,
0x4323ca,0x4f01f0,
0x4323dc,0x4f01d4,
0x4323ee,0x4f01c4,
0x432405,0x4f061c,
0x432416,0x4f01a4,
0x432428,0x4f0184,
0x43243a,0x4f0164,
0x43244c,0x4f0144,
0x43245e,0x4f0124,
0x432470,0x4f0104,
0x432482,0x4f00e4,
0x432494,0x4f00c4,
0x4324a8,0x4f00a4,
0x4324bc,0x4f0084,
0x4324da,0x4bc264,
0x4324f9,0x4bc298,
0x4324fe,0x4f0a64,
0x432511,0x4f061c,
0x432525,0x4f0a3c,
0x432535,0x4f0a14,
0x432545,0x4f09ec,
0x432555,0x4f09c4,
0x432565,0x4f099c,
0x432575,0x4f0974,
0x432585,0x4f094c,
0x432595,0x4f0924,
0x4325a5,0x4f08fc,
0x4325b5,0x4f08d4,
0x4325c5,0x4f08ac,
0x4325d5,0x4f0884,
0x4325e5,0x4f085c,
0x4325f5,0x4f0834,
0x432605,0x4f080c,
0x432615,0x4f07e4,
0x432628,0x4f07bc,
0x43263b,0x4f0794,
0x43264e,0x4f076c,
0x432661,0x4f0744,
0x432674,0x4f071c,
0x432699,0x4bc298,
0x43269e,0x4f0b50,
0x4326b1,0x4f061c,
0x4326c5,0x4f0b30,
0x4326d5,0x4f0b10,
0x4326e5,0x4f0af0,
0x4326f5,0x4f0ad0,
0x432705,0x4f0ab0,
0x432715,0x4f0a90,
0x432725,0x4f0a70,
0x432749,0x4bc298,
0x43274e,0x4f0cf8,
0x432761,0x4f061c,
0x432775,0x4f0cdc,
0x432785,0x4f0cbc,
0x432795,0x4f0c9c,
0x4327a5,0x4f0c7c,
0x4327b5,0x4f0c5c,
0x4327c5,0x4f0c3c,
0x4327d5,0x4f0c1c,
0x4327e5,0x4f0bfc,
0x4327f5,0x4f0bdc,
0x432805,0x4f0bbc,
0x432815,0x4f0b9c,
0x432825,0x4f0b7c,
0x432835,0x4f0b5c,
0x4328ce,0x6080bc,
0x432919,0x432850,
0x432925,0x5fdc0c,
0x432936,0x4f0d48,
0x432953,0x6080b8,
0x43295a,0x6080bc,
0x43296a,0x5fdc0c,
0x43297b,0x4f0d2c,
0x43298f,0x6080b8,
0x432997,0x4bc304,
0x43299c,0x5fd100,
0x4329ac,0x4bc058,
0x4329b6,0x5fd100,
0x4329bb,0x5fd520,
0x4329c6,0x4bc300,
0x4329ec,0x6080b8,
0x4329f7,0x432ae0,
0x4329fe,0x6080d8,
0x432a0c,0x6080d8,
0x432a11,0x5fdc0c,
0x432a2b,0x432bc0,
0x432a32,0x6080e0,
0x432a38,0x4bc1e8,
0x432a3e,0x6080d8,
0x432a4b,0x6080dc,
0x432a52,0x6080e4,
0x432a71,0x6080dc,
0x432a81,0x6080e0,
0x432a88,0x608400,
0x432a91,0x608404,
0x432a9a,0x608408,
0x432aa2,0x60840c,
0x432aba,0x4f0d68,
0x432ac8,0x6080d8,
0x432af5,0x4f0d08,
0x432b01,0x4f0d20,
0x432b4f,0x6080d8,
0x432b58,0x6080e0,
0x432b5e,0x6080d8,
0x432b6a,0x6080e4,
0x432b70,0x6080d8,
0x432b7c,0x6080e8,
0x432b81,0x6080d8,
0x432b8c,0x6080ec,
0x432b95,0x6080d8,
0x432b9e,0x6080d8,
0x432c51,0x5fd0e8,
0x432c69,0x5fd0e8,
0x432c6e,0x6080c4,
0x432c7e,0x6080c4,
0x432c83,0x6080c0,
0x432c93,0x6080c0,
0x432cc2,0x5fcee0,
0x432cca,0x5fcee4,
0x432d15,0x608440,
0x432d29,0x6080b8,
0x432d34,0x6080c0,
0x432d42,0x5fdc0c,
0x432d61,0x4f108c,
0x432d6b,0x4f0fe4,
0x432d7d,0x6080c0,
0x432d8e,0x6080c4,
0x432d9c,0x5fdc0c,
0x432dad,0x4f0fb0,
0x432db8,0x6080c4,
0x432ddf,0x5fdc0c,
0x432df0,0x4f0f78,
0x432e05,0x6080d0,
0x432e23,0x6080b8,
0x432e48,0x6080c0,
0x432e54,0x5fdc0c,
0x432e7b,0x4f0f44,
0x432e8d,0x608440,
0x432ebf,0x6080b8,
0x432eca,0x6080c4,
0x432ed8,0x5fdc0c,
0x432ef7,0x4f0f14,
0x432f01,0x4f0e30,
0x432f14,0x6080c4,
0x432f3b,0x5fdc0c,
0x432f4c,0x4f0df8,
0x432f5a,0x6080b8,
0x432f68,0x6080d0,
0x432f6f,0x5fd0e8,
0x432f7c,0x5fdc0c,
0x432f8d,0x4f0ddc,
0x432f94,0x5fd0e8,
0x432fab,0x5fdc0c,
0x432fbc,0x4f0db4,
0x432fc3,0x6080c0,
0x432fc9,0x5fd0e8,
0x432fd7,0x5fdc0c,
0x432fe8,0x4f0d84,
0x432ff5,0x6080c0,
0x433007,0x6080c0,
0x43300c,0x6080c4,
0x43301c,0x6080c4,
0x433021,0x5fd0e8,
0x433031,0x5fd0e8,
0x433055,0x6080c4,
0x43307e,0x5fdc0c,
0x433091,0x4f1134,
0x4330a0,0x6080c8,
0x4330ac,0x5fdc08,
0x4330b9,0x4bc304,
0x4330be,0x5fd520,
0x4330cd,0x4bc058,
0x4330d5,0x4bc300,
0x4330db,0x608410,
0x4330e2,0x5fd523,
0x4330ed,0x5fd54b,
0x4330f4,0x5fd54b,
0x4330ff,0x5fd8fb,
0x433106,0x5fd8fb,
0x433111,0x5fd923,
0x43311b,0x5fd523,
0x433121,0x5fd527,
0x43312c,0x5fd91f,
0x433134,0x5fd91f,
0x43313a,0x6080b8,
0x433140,0x5fd0e0,
0x433145,0x5fd520,
0x433153,0x5fd0e0,
0x43315a,0x5fdc0c,
0x433160,0x6080c8,
0x433171,0x4f1118,
0x433178,0x6080c4,
0x433186,0x5fdc0c,
0x433197,0x4f10f0,
0x43319e,0x6080c0,
0x4331a4,0x5fd0e0,
0x4331b2,0x5fdc0c,
0x4331c3,0x4f10c8,
0x4331cd,0x5fd0e0,
0x4331e0,0x5fd0e0,
0x4331ee,0x5fdc10,
0x433216,0x5fd500,
0x433221,0x6080b8,
0x433237,0x5fdc0c,
0x43323d,0x5fd500,
0x433252,0x4f11a8,
0x433263,0x608410,
0x43327f,0x5fdc0c,
0x433285,0x5fd500,
0x43329a,0x4f117c,
0x4332ab,0x608410,
0x4332c1,0x6080b8,
0x4332d7,0x608400,
0x4332dd,0x608404,
0x4332e3,0x608408,
0x4332e9,0x5fd500,
0x4332fc,0x5fdc0c,
0x433302,0x5fd500,
0x43331a,0x4f11d8,
0x433341,0x6080b8,
0x433347,0x5fd500,
0x433358,0x5fdc0c,
0x433369,0x4f1200,
0x43337a,0x5fd500,
0x4333a2,0x6080b8,
0x4333bc,0x5fdc0c,
0x4333cd,0x4f1220,
0x4333ed,0x608414,
0x4333f3,0x608418,
0x4333f9,0x60841c,
0x433412,0x6080c0,
0x433421,0x4bc2f4,
0x43344f,0x5fdc0c,
0x433460,0x4f12cc,
0x4334a8,0x6080c0,
0x4334cb,0x5fdc0c,
0x4334dc,0x4f12a4,
0x4334f5,0x6080c4,
0x433524,0x5fdc0c,
0x433535,0x4f124c,
0x43357d,0x6080c4,
0x4335a0,0x5fdc0c,
0x4335b1,0x4f12a4,
0x4335ee,0x43364c,
0x4335f5,0x43362c,
0x43362c,0x4335f9,
0x433630,0x4335ff,
0x433634,0x433605,
0x433638,0x43360b,
0x43363c,0x433611,
0x433640,0x433617,
0x433644,0x43361d,
0x433648,0x433623,
0x43367a,0x5fde40,
0x43368b,0x5fcea0,
0x43369c,0x5fcea8,
0x4336a1,0x5fceb4,
0x4336ab,0x5fd520,
0x4336b0,0x5fceb8,
0x4336b5,0x5fced0,
0x4336c5,0x5fd100,
0x4336d1,0x5fdb00,
0x4336d9,0x608438,
0x4336df,0x5fcea0,
0x4336e5,0x5fceb0,
0x4336eb,0x5fceac,
0x4336f1,0x5fcec0,
0x4336f8,0x5fcea4,
0x4336fe,0x5fcebc,
0x433704,0x5fcec4,
0x43370a,0x5fcec8,
0x433710,0x5fcecc,
0x433716,0x5fced4,
0x433720,0x5fced8,
0x43372a,0x5fd0e8,
0x433730,0x5fd0e0,
0x433736,0x5fdc08,
0x43373c,0x5fdc10,
0x433742,0x5fd500,
0x433748,0x5fdc0c,
0x43374e,0x5fdc00,
0x433754,0x5fdc04,
0x43375a,0x5fcee8,
0x433760,0x5fde20,
0x433771,0x5fdc00,
0x43377b,0x5fcef0,
0x433788,0x5fcef0,
0x4337a1,0x5fcee8,
0x4337ab,0x5fcef0,
0x4337b8,0x5fcef0,
0x4337c1,0x5fde4c,
0x4337e4,0x5fde50,
0x4337f1,0x5fdf44,
0x433840,0x5fdf44,
0x433848,0x5fdf84,
0x433852,0x5fdf84,
0x43385b,0x5fdf84,
0x433863,0x5fdeb0,
0x43386b,0x5fdeb0,
0x4338c1,0x6080d8,
0x4338ca,0x5fdf44,
0x4338d2,0x6080ec,
0x4338f3,0x6080d8,
0x433901,0x6080dc,
0x43390c,0x6080ec,
0x433917,0x60840c,
0x433922,0x6080d8,
0x433931,0x6080e8,
0x433949,0x6080d8,
0x433956,0x6080d8,
0x43396e,0x6080e8,
0x43399a,0x6080d8,
0x4339b2,0x6080d8,
0x4339ed,0x6080bc,
0x433a0a,0x4f14bc,
0x433a2f,0x60841c,
0x433a60,0x4f1464,
0x433a80,0x60841c,
0x433a94,0x6080d8,
0x433a9f,0x6080e8,
0x433ab1,0x6080d8,
0x433add,0x4f13ec,
0x433af7,0x6080e8,
0x433b28,0x4f1390,
0x433b43,0x6080bc,
0x433b51,0x60841c,
0x433b6f,0x5fdf44,
0x433b91,0x5fdf44,
0x433bb3,0x4f131c,
0x433bcf,0x60841c,
0x433bed,0x5fdf44,
0x433c25,0x6080e8,
0x433c43,0x5fdf44,
0x433ca2,0x608424,
0x433cac,0x5fd0e4,
0x433cb1,0x5fdc14,
0x433cb6,0x5fdc20,
0x433cbb,0x608428,
0x433cc2,0x4bc2f4,
0x433ccd,0x5fdc40,
0x433cd5,0x608428,
0x433cda,0x608424,
0x433ce5,0x5fd920,
0x433ced,0x608428,
0x433cf3,0x608424,
0x433cfe,0x5fcf00,
0x433d12,0x608410,
0x433d25,0x60842c,
0x433d2b,0x608430,
0x433d30,0x60842c,
0x433d36,0x4bc2f8,
0x433d42,0x4bc324,
0x433d50,0x608424,
0x433d56,0x608428,
0x433d61,0x608404,
0x433d66,0x608430,
0x433d6b,0x60842c,
0x433d70,0x608400,
0x433d75,0x608424,
0x433d7b,0x608428,
0x433db2,0x4bc318,
0x433dbb,0x4f1508,
0x433dc2,0x4bc0f8,
0x433dcc,0x5fdb00,
0x433dd2,0x4bc0fc,
0x433dfb,0x4bc1f4,
0x433e04,0x52b91c,
0x433e30,0x4f1510,
0x433e38,0x4f1514,
0x433e43,0x4f1520,
0x433e4c,0x4f1518,
0x433e58,0x4f151c,
0x433e9a,0x4bc308,
0x433edf,0x4bc30c,
0x433f0e,0x4bc310,
0x433f28,0x4bc340,
0x433f2f,0x4bc314,
0x433f39,0x608bc0,
0x433f55,0x643621,
0x433f5a,0x5fd101,
0x433f75,0x5fd501,
0x433f7c,0x4f9e24,
0x433f8a,0x4f9f04,
0x433f93,0x4f9e38,
0x433fb7,0x4f9f18,
0x433fc9,0x4f9e24,
0x433fe3,0x608408,
0x433ff8,0x608bac,
0x434012,0x608408,
0x434024,0x608bc0,
0x43402d,0x608bac,
0x43404b,0x608408,
0x43405b,0x608bac,
0x43408b,0x608408,
0x4340ae,0x5fdc0c,
0x4340bd,0x4edf4c,
0x434111,0x5fff34,
0x434128,0x608400,
0x43412e,0x608404,
0x43413b,0x608408,
0x434149,0x608408,
0x4341f1,0x608ba8,
0x434245,0x5fff34,
0x434264,0x608404,
0x434269,0x608400,
0x43428b,0x6080c4,
0x434291,0x643930,
0x43429b,0x6080b8,
0x4342a1,0x6080c0,
0x4342a7,0x6080c4,
0x4342ac,0x643920,
0x4342b1,0x6080c8,
0x4342ba,0x643924,
0x4342c0,0x643928,
0x4342c5,0x64392c,
0x434341,0x5280cc,
0x434350,0x608408,
0x434371,0x608bc8,
0x4343bc,0x5280cc,
0x4343d1,0x5280cc,
0x4343db,0x608408,
0x4343f2,0x608bcc,
0x4343f8,0x5280cc,
0x43442a,0x608680,
0x434471,0x608408,
0x434490,0x60897d,
0x434496,0x60897e,
0x43449c,0x60897f,
0x4344ea,0x608460,
0x434521,0x608660,
0x43452c,0x52b91c,
0x434533,0x60865e,
0x43453a,0x608460,
0x43453f,0x608460,
0x43454b,0x52b91c,
0x43456a,0x6080c8,
0x4345d9,0x4bc1f0,
0x434642,0x608408,
0x43464b,0x608bd0,
0x4346d3,0x434710,
0x4346d8,0x52b930,
0x4346dd,0x52b934,
0x4346e2,0x52b928,
0x4346e7,0x52b920,
0x4346f4,0x434870,
0x434726,0x434840,
0x43473e,0x52b92c,
0x434749,0x4faed8,
0x434759,0x52b92c,
0x434764,0x4faed8,
0x434774,0x52b92c,
0x43477f,0x4faed8,
0x4347ab,0x52b930,
0x4347b9,0x52b930,
0x4347cc,0x52b934,
0x4347de,0x52b934,
0x434840,0x43472a,
0x434844,0x434750,
0x434848,0x434735,
0x43484c,0x43476b,
0x434850,0x43478c,
0x434854,0x43478c,
0x434858,0x434750,
0x43485c,0x434750,
0x434860,0x43472a,
0x434864,0x434750,
0x434868,0x434735,
0x43486c,0x434735,
0x43488f,0x52b930,
0x434898,0x52b934,
0x4348c1,0x52b920,
0x4348d2,0x52b920,
0x4348da,0x52b928,
0x4348de,0x52b930,
0x4348e6,0x52b934,
0x4348ec,0x52b928,
0x4348f0,0x52b934,
0x4348f6,0x52b920,
0x43493b,0x52b938,
0x434961,0x52b930,
0x43496b,0x52b930,
0x434975,0x52b930,
0x434981,0x52b934,
0x43498b,0x52b934,
0x434995,0x52b934,
0x4349a2,0x52b928,
0x4349ac,0x52b920,
0x4349c9,0x52b930,
0x434ac5,0x52b930,
0x434af7,0x52b934,
0x434b01,0x52b924,
0x434b09,0x52b938,
0x434b1f,0x52b924,
0x434b2c,0x52b938,
0x434c13,0x52b924,
0x434d2a,0x4bcfe4,
0x434d52,0x4bcfe4,
0x434d7a,0x4f15a8,
0x434e0f,0x4bcfe8,
0x434e21,0x4f159c,
0x434e2e,0x4bcfec,
0x434e40,0x4f1590,
0x434e4b,0x4f1584,
0x434e63,0x4f1578,
0x434e75,0x4f156c,
0x434e9d,0x4bcfec,
0x434ead,0x4f1560,
0x434eb8,0x4f1554,
0x434f0d,0x4bcff0,
0x434f23,0x4bcff0,
0x434f38,0x4bcff0,
0x434f4d,0x4bcff0,
0x434f62,0x4bcff0,
0x434f77,0x4bcff0,
0x434fdf,0x4bcff4,
0x435057,0x4bcfe0,
0x435066,0x4bcfe0,
0x43513e,0x52b930,
0x435163,0x52b928,
0x435167,0x52b930,
0x43516e,0x52b934,
0x435174,0x52b928,
0x435178,0x52b934,
0x43517f,0x52b920,
0x435256,0x4bcff0,
0x435283,0x4bcff0,
0x435298,0x4bcff0,
0x43546a,0x52b920,
0x435479,0x52b920,
0x435481,0x52b928,
0x435485,0x52b930,
0x43548c,0x52b934,
0x435492,0x52b928,
0x435496,0x52b934,
0x43549b,0x52b920,
0x43554c,0x52b930,
0x435568,0x52b928,
0x43556c,0x52b930,
0x435573,0x52b934,
0x435579,0x52b928,
0x43557d,0x52b934,
0x435584,0x52b920,
0x4357d4,0x52b920,
0x4357e3,0x52b920,
0x4357eb,0x52b928,
0x4357ef,0x52b930,
0x4357f6,0x52b934,
0x4357fc,0x52b928,
0x435800,0x52b934,
0x435805,0x52b920,
0x435976,0x52b930,
0x435980,0x52b928,
0x435984,0x52b930,
0x43598c,0x52b934,
0x435992,0x52b928,
0x435996,0x52b934,
0x43599e,0x52b920,
0x435a98,0x52b920,
0x435aa8,0x52b920,
0x435ab0,0x52b928,
0x435ab4,0x52b930,
0x435abc,0x52b934,
0x435ac2,0x52b928,
0x435ac6,0x52b934,
0x435acc,0x52b920,
0x435e06,0x52b930,
0x435e10,0x52b928,
0x435e14,0x52b930,
0x435e1c,0x52b934,
0x435e22,0x52b928,
0x435e26,0x52b934,
0x435e2e,0x52b920,
0x435f00,0x52b920,
0x435f10,0x52b920,
0x435f18,0x52b928,
0x435f1c,0x52b930,
0x435f24,0x52b934,
0x435f2a,0x52b928,
0x435f2e,0x52b934,
0x435f34,0x52b920,
0x4361b3,0x4bd000,
0x4361e7,0x52b930,
0x436290,0x4bd008,
0x436342,0x4bd000,
0x4363c2,0x4bcfe0,
0x4363f1,0x4bd010,
0x436466,0x52b930,
0x4364f8,0x4bcfe0,
0x436527,0x4bd018,
0x4365b8,0x52b928,
0x4365bc,0x52b934,
0x4365c5,0x52b934,
0x4365cc,0x52b920,
0x436620,0x4bd020,
0x436628,0x4bd020,
0x436640,0x4bd020,
0x436713,0x52b920,
0x436720,0x52b920,
0x436751,0x52b930,
0x43675b,0x52b928,
0x43675f,0x52b930,
0x436766,0x52b934,
0x43676c,0x52b928,
0x436770,0x52b934,
0x436777,0x52b920,
0x436792,0x52b920,
0x4367a2,0x52b920,
0x4367aa,0x52b928,
0x4367ae,0x52b930,
0x4367b6,0x52b934,
0x4367bc,0x52b928,
0x4367c0,0x52b934,
0x4367c6,0x52b920,
0x43685f,0x43694c,
0x436873,0x52b92c,
0x43687e,0x4faed8,
0x43688a,0x52b92c,
0x436895,0x4faed8,
0x4368a1,0x52b92c,
0x4368ac,0x4faed8,
0x4368e9,0x4bd020,
0x436901,0x4bd020,
0x43691a,0x4bd020,
0x43694c,0x436863,
0x436950,0x436885,
0x436954,0x43686e,
0x436958,0x43689c,
0x43695c,0x4368b9,
0x436960,0x4368b9,
0x436964,0x436885,
0x436968,0x436885,
0x43696c,0x436863,
0x436970,0x436885,
0x436974,0x43686e,
0x436978,0x43686e,
0x436b25,0x4bd020,
0x436b55,0x4bd020,
0x436b7f,0x4bd020,
0x436b96,0x4bd028,
0x436cbf,0x52b92c,
0x436fc1,0x4bd02c,
0x437055,0x4bd030,
0x43707f,0x4bd030,
0x437096,0x4bd038,
0x4370ba,0x4bd03c,
0x43735a,0x4bd040,
0x437369,0x4bd040,
0x437636,0x4bd03c,
0x437687,0x4bd044,
0x437698,0x4bd04c,
0x4376d6,0x4bd044,
0x4376eb,0x4bd050,
0x4376f3,0x4bd054,
0x437727,0x4bd044,
0x43773c,0x4bd048,
0x437744,0x4bd04c,
0x437778,0x4bd044,
0x43778d,0x4bd048,
0x437795,0x4bd054,
0x4377f2,0x4bd03c,
0x437803,0x4bd05c,
0x43781c,0x4bd060,
0x43783d,0x4bd03c,
0x437858,0x4bd05c,
0x437871,0x4bd060,
0x437940,0x4bd068,
0x437955,0x4bd068,
0x43796a,0x4bd068,
0x437cf1,0x4bd06c,
0x437d07,0x4bd06c,
0x437d2c,0x4bd06c,
0x437e54,0x4bd03c,
0x437ebb,0x4bd044,
0x437feb,0x4faed8,
0x43800b,0x4bd074,
0x438011,0x4bd03c,
0x43807d,0x4bd074,
0x438126,0x4bd040,
0x43812e,0x4bd040,
0x438150,0x4bd03c,
0x438161,0x4bd05c,
0x438170,0x52b93c,
0x43817c,0x4bd060,
0x438193,0x52b93c,
0x4381a5,0x4bd03c,
0x4381b1,0x52b93c,
0x4381c8,0x4bd05c,
0x4381d7,0x52b940,
0x4381e3,0x4bd060,
0x4381fa,0x52b940,
0x43820c,0x4bd03c,
0x438214,0x4bd078,
0x43821c,0x52b940,
0x438233,0x4bd05c,
0x438242,0x52b944,
0x43824e,0x4bd060,
0x438265,0x52b944,
0x43826b,0x52b944,
0x438346,0x4bd090,
0x43835d,0x4bd094,
0x43836e,0x4bd090,
0x4383f2,0x4bd098,
0x4383fa,0x4bd098,
0x438408,0x4bd098,
0x43854a,0x4bd098,
0x438552,0x4bd098,
0x43855a,0x4bd098,
0x438657,0x4bd098,
0x4386d5,0x4bd098,
0x4386eb,0x4bd098,
0x438705,0x4bd098,
0x438c6e,0x4bd134,
0x438cae,0x4bd138,
0x438dd6,0x4bd13c,
0x438dde,0x4bd138,
0x438de6,0x4bd138,
0x438dee,0x4bd13c,
0x438f08,0x654b98,
0x438f5e,0x4bd140,
0x438f80,0x4bd144,
0x43909d,0x4bd14c,
0x4390c1,0x4bd14c,
0x4390d8,0x4bd150,
0x439101,0x4bd154,
0x439107,0x4bd134,
0x439121,0x4bd134,
0x43913c,0x4bd158,
0x439209,0x4bd134,
0x43930c,0x4bd15c,
0x439320,0x4bd160,
0x439346,0x4bd160,
0x43935c,0x4bd160,
0x439428,0x4bd134,
0x439492,0x4bd164,
0x43953a,0x4bd15c,
0x439557,0x4f1638,
0x43958f,0x4bd148,
0x4395a0,0x4bd160,
0x4395c6,0x4bd160,
0x4395dc,0x4bd160,
0x4395fa,0x4bd134,
0x43960b,0x4bd168,
0x43965e,0x4bd16c,
0x439709,0x4bd170,
0x439724,0x4bd170,
0x43977c,0x4bd174,
0x439789,0x4bd174,
0x4397e3,0x4bd178,
0x4397f0,0x4bd178,
0x43983c,0x4bd17c,
0x439849,0x4bd17c,
0x439897,0x4bd180,
0x4398a4,0x4bd180,
0x4398ec,0x4bd184,
0x4398f9,0x4bd184,
0x439991,0x4bd150,
0x4399ab,0x4bd134,
0x4399b7,0x4bd188,
0x439ad0,0x4bd18c,
0x439b8a,0x4bd184,
0x439c6d,0x4bd150,
0x439c80,0x4bd134,
0x439c8a,0x4bd188,
0x439dfb,0x4bd148,
0x439e59,0x4bd190,
0x439fd2,0x4bd148,
0x43a0cb,0x4bd19c,
0x43a16a,0x4bd1a0,
0x43a1a9,0x4bd148,
0x43a48e,0x4bd150,
0x43a4a4,0x4bd134,
0x43a4ae,0x4bd188,
0x43a4e6,0x4bd148,
0x43a6e2,0x4bd148,
0x43a77b,0x4bd138,
0x43a813,0x4bd1a4,
0x43a993,0x4bd1a8,
0x43a9a4,0x4bd134,
0x43aacf,0x4bd16c,
0x43ab19,0x4bd1ac,
0x43ab3b,0x4bd148,
0x43aba6,0x4bd148,
0x43abd2,0x4bd1a8,
0x43abe3,0x4bd150,
0x43ac12,0x4bd130,
0x43ac32,0x4bd16c,
0x43ad74,0x4bd158,
0x43ad84,0x4bd134,
0x43ada6,0x4bd1b0,
0x43aeaf,0x4bd080,
0x43aeba,0x4bd084,
0x43aec4,0x4bd088,
0x43af7b,0x4bd134,
0x43b038,0x4bd13c,
0x43b1a5,0x4bd148,
0x43b24f,0x4bd1b8,
0x43b3b1,0x4bd134,
0x43b3b7,0x4bd178,
0x43b3e5,0x4bd148,
0x43b3f6,0x4bd1c0,
0x43b40f,0x4bd1c8,
0x43b49e,0x4bd150,
0x43b4b5,0x4bd188,
0x43b4db,0x4bd134,
0x43b5a8,0x4bd148,
0x43b695,0x4bd148,
0x43b6eb,0x4bd148,
0x43b78b,0x4bd1b8,
0x43baec,0x4bd148,
0x43bb0a,0x4bd148,
0x43bb1b,0x4bd1a8,
0x43bb2c,0x4bd134,
0x43bbd8,0x4bd1d0,
0x43bbe8,0x4bd1d4,
0x43bda6,0x4bd148,
0x43bdb7,0x4bd1c0,
0x43bdd0,0x4bd1c8,
0x43be30,0x4bd148,
0x43bea9,0x4bd148,
0x43beba,0x4bd148,
0x43bf7c,0x4bd148,
0x43c0e4,0x4bd148,
0x43c1c8,0x4bd1a8,
0x43c1d9,0x4bd134,
0x43c316,0x4bd148,
0x43c3a3,0x4bd158,
0x43c3e0,0x4bd148,
0x43c401,0x4bd168,
0x43c41e,0x4bd148,
0x43c428,0x4bd148,
0x43c456,0x4bd1ac,
0x43c475,0x4bd134,
0x43c4a5,0x4bd1d8,
0x43c4df,0x4bd138,
0x43c532,0x4bd150,
0x43c591,0x4bd1dc,
0x43c59b,0x4bd134,
0x43c5ae,0x4bd150,
0x43c5bd,0x4bd150,
0x43c653,0x4bd138,
0x43c67d,0x4bd138,
0x43c78c,0x4bd1e0,
0x43c79b,0x4bd168,
0x43c7b8,0x4bd148,
0x43c7df,0x4bd150,
0x43c7e5,0x4bd158,
0x43c7f8,0x4bd134,
0x43c825,0x4bd134,
0x43c834,0x4bd134,
0x43c83f,0x4bd134,
0x43ca9c,0x4bd14c,
0x43cab1,0x4bd14c,
0x43cac6,0x4bd14c,
0x43ce8a,0x4bd168,
0x43cea7,0x4bd148,
0x43cec6,0x4bd158,
0x43cee2,0x4bd1e0,
0x43cf45,0x4bc20c,
0x43cf5d,0x4bd1e4,
0x43cf7c,0x4bd1e4,
0x43cf9d,0x4bd1e8,
0x43cfa3,0x4bd134,
0x43cfb2,0x4bd134,
0x43cfba,0x4bd1a8,
0x43cfc9,0x4bd1a8,
0x43d201,0x4bd184,
0x43d253,0x4bd168,
0x43d270,0x4bd148,
0x43d2bd,0x4f1644,
0x43d329,0x4bd148,
0x43d338,0x4bd148,
0x43d36d,0x4bd0a0,
0x43d374,0x4bd0a0,
0x43d3d2,0x4bd130,
0x43d44a,0x4bd1ec,
0x43d456,0x4bd1f0,
0x43d4b5,0x4bd150,
0x43d4c8,0x4bd134,
0x43d4d2,0x4bd188,
0x43d516,0x4bd0d0,
0x43d561,0x4bd1f4,
0x43d5e8,0x4f165c,
0x43d5fc,0x4bd13c,
0x43d612,0x4bd138,
0x43d627,0x4f1650,
0x43d645,0x4bc20c,
0x43d662,0x4bd0a0,
0x43d669,0x4bd0a0,
0x43d6bc,0x4bd1f8,
0x43d6d5,0x4bd1f0,
0x43d72e,0x4bd150,
0x43d741,0x4bd134,
0x43d74b,0x4bd188,
0x43d7d2,0x4faed8,
0x43dad4,0x4bd204,
0x43df16,0x4bd208,
0x43df3f,0x4bd20c,
0x43df72,0x4bd210,
0x43dfc5,0x4bd200,
0x43dfda,0x4bd208,
0x43dffd,0x4bd20c,
0x43e030,0x4bd210,
0x43e077,0x4bd200,
0x43e0c0,0x4bd208,
0x43e0e3,0x4bd20c,
0x43e116,0x4bd210,
0x43e15d,0x4bd200,
0x43e1b9,0x4bd200,
0x43e1de,0x4bd200,
0x43e382,0x52b94c,
0x43e391,0x52b94c,
0x43e3a1,0x4bc104,
0x43e3b4,0x608be8,
0x43e3c7,0x52b94c,
0x43e3cd,0x52b94c,
0x43e3d7,0x52b94c,
0x43e445,0x4bd21c,
0x43e452,0x608be8,
0x43e45d,0x4bc108,
0x43e4a3,0x52b94c,
0x43e4b4,0x52b94c,
0x43e4da,0x52b94c,
0x43e4fb,0x4bc104,
0x43e501,0x608be8,
0x43e516,0x52b94c,
0x43e534,0x52b94c,
0x43e5f6,0x4bd220,
0x43e64b,0x4bd224,
0x43e662,0x4bd228,
0x43e6af,0x4bd220,
0x43e6f2,0x4bd220,
0x43e7df,0x4bd21c,
0x43e7ec,0x608be8,
0x43e7f7,0x4bc108,
0x43e888,0x4bd21c,
0x43e894,0x608be8,
0x43e89f,0x4bc108,
0x43e8ff,0x4bc104,
0x43e909,0x608be8,
0x43e958,0x4bc110,
0x43e95d,0x608be8,
0x43e971,0x608be8,
0x43e978,0x4bc10c,
0x43e97e,0x608be8,
0x43e99b,0x608be8,
0x43e9b2,0x4bc108,
0x43ea0d,0x608be8,
0x43ea1e,0x4bc108,
0x43eb86,0x4bc104,
0x43eb94,0x608be8,
0x43eba6,0x608be8,
0x43ec1c,0x4bd230,
0x43ec51,0x4bd234,
0x43eed2,0x4bd234,
0x43eeff,0x4bd234,
0x43ef9b,0x4bd234,
0x43efeb,0x4bd22c,
0x43f1f3,0x4bd234,
0x43f220,0x4bd234,
0x43f453,0x4bd234,
0x43f480,0x4bd234,
0x43f64c,0x4faed8,
0x43fae8,0x4bd258,
0x43fcb8,0x4bd25c,
0x43fff9,0x4bd258,
0x440005,0x4bd258,
0x440017,0x4bd258,
0x4403e0,0x4bd25c,
0x440839,0x4bd234,
0x4408b5,0x4bd254,
0x440904,0x4bd254,
0x4409c9,0x4bd254,
0x440ac2,0x4bd260,
0x440b16,0x4bd264,
0x440b31,0x4bd264,
0x440b49,0x4bd264,
0x440bf4,0x4bd258,
0x440c00,0x4bd258,
0x440c14,0x4bd258,
0x440c40,0x4bd254,
0x440c4d,0x4bd260,
0x440c5a,0x4bd254,
0x440cea,0x4bd264,
0x440d06,0x4bd264,
0x440d1a,0x4bd264,
0x44115e,0x52b960,
0x441164,0x52ba34,
0x44116e,0x4f1668,
0x441185,0x52b960,
0x44119b,0x52ba30,
0x4411a1,0x52ba20,
0x4411a7,0x52ba28,
0x4411b4,0x52ba2c,
0x4411d8,0x52ba28,
0x4411e1,0x52ba28,
0x4411f2,0x52ba24,
0x4411f8,0x52b950,
0x4411fe,0x52b958,
0x44120b,0x52b954,
0x441226,0x52b958,
0x44122f,0x52b958,
0x44123b,0x52ba34,
0x441249,0x4f1b68,
0x441261,0x52ba34,
0x44126f,0x52ba24,
0x44127f,0x4f1b84,
0x441294,0x52ba2c,
0x4412a0,0x52b954,
0x4412b2,0x52ba20,
0x4412b8,0x52ba28,
0x4412be,0x52ba30,
0x4412c4,0x52b950,
0x4412ca,0x52b958,
0x4412d0,0x52ba24,
0x4412d8,0x52b960,
0x4412e0,0x4f1668,
0x4412ef,0x52b960,
0x441300,0x52ba34,
0x441311,0x52ba34,
0x44132b,0x4f1b84,
0x441336,0x52b958,
0x441346,0x52b958,
0x441385,0x52ba24,
0x44138e,0x52ba24,
0x441397,0x52b950,
0x44139c,0x52ba24,
0x4413a6,0x52ba24,
0x4413b1,0x52ba34,
0x4413c4,0x52ba24,
0x4413db,0x4f1b84,
0x441404,0x52b950,
0x44140e,0x52b950,
0x441414,0x52ba24,
0x44141f,0x52ba24,
0x44142c,0x52b958,
0x441435,0x52b958,
0x441441,0x52ba34,
0x441452,0x52ba24,
0x441471,0x52ba34,
0x441482,0x52ba24,
0x4414aa,0x52ba34,
0x4414c0,0x52ba24,
0x4414e1,0x4f1b84,
0x441515,0x52b950,
0x44151f,0x52b950,
0x441525,0x52ba24,
0x441530,0x52ba24,
0x44153d,0x52b958,
0x441546,0x52b958,
0x441570,0x4bd268,
0x441578,0x4bd26c,
0x441583,0x4bc20c,
0x44159f,0x4bd270,
0x4415a5,0x4bd274,
0x4415bd,0x4bd270,
0x4415c3,0x4bd274,
0x4415e7,0x4bd270,
0x4415f7,0x4bd278,
0x441606,0x52ba34,
0x44167d,0x52ba28,
0x441687,0x52ba20,
0x441697,0x52ba20,
0x4416ac,0x52ba28,
0x4416c6,0x4bd27c,
0x4416f7,0x4bd280,
0x441721,0x4bd284,
0x44173d,0x52ba30,
0x441745,0x52ba30,
0x44174f,0x52ba20,
0x44175e,0x52ba30,
0x441788,0x52ba30,
0x4417cd,0x4bd28c,
0x441818,0x4bd290,
0x441831,0x4bd298,
0x441856,0x5a7e0c,
0x441863,0x5a7e0c,
0x441873,0x6543e0,
0x4418df,0x52ba20,
0x4418ea,0x52ba20,
0x4418f0,0x52ba30,
0x4418fa,0x52ba30,
0x441907,0x52ba28,
0x441910,0x52ba28,
0x4419a2,0x4bd2a0,
0x4419e4,0x4bd26c,
0x4419fb,0x4f1728,
0x441a0d,0x52b960,
0x441a77,0x4bd2a8,
0x441a7f,0x4bd2ac,
0x441a87,0x4bd2ac,
0x441adc,0x4fa8e8,
0x441aef,0x4fa8ec,
0x441aff,0x4fa8f0,
0x441b21,0x4fa8f4,
0x441b29,0x4fa8f8,
0x441b36,0x4fa8fc,
0x441b4b,0x4fa900,
0x441b59,0x4fa904,
0x441b62,0x4fa908,
0x441b76,0x4fa90c,
0x441b82,0x4fa910,
0x441b8b,0x4fa914,
0x441bb1,0x52ba34,
0x441bbc,0x52ba30,
0x441be6,0x52ba48,
0x441bef,0x4f1c40,
0x441bff,0x4f1c58,
0x441c1c,0x4f1c70,
0x441c3c,0x4f1c70,
0x441c5f,0x52ba48,
0x441c6b,0x52ba48,
0x441c75,0x52ba48,
0x441c8e,0x52ba38,
0x441c99,0x52ba40,
0x441ca2,0x52ba34,
0x441cad,0x52ba40,
0x441cbb,0x52ba48,
0x441cc6,0x52ba40,
0x441cd1,0x52ba48,
0x441ce1,0x52ba48,
0x441ceb,0x52ba48,
0x441cf9,0x52ba48,
0x441d22,0x52ba48,
0x441d32,0x52ba48,
0x441d3b,0x52ba48,
0x441d48,0x52ba48,
0x441d51,0x52ba48,
0x441d5e,0x52ba48,
0x441d68,0x4f1c00,
0x441d6e,0x52ba48,
0x441da9,0x52ba48,
0x441db1,0x52ba48,
0x441dbb,0x4f1b90,
0x441dc6,0x4f1b90,
0x441dd0,0x4f1b94,
0x441dda,0x4f1b98,
0x441e1e,0x4f1b9c,
0x441e28,0x4f1b9c,
0x441e32,0x4f1ba0,
0x441e3c,0x4f1ba4,
0x441e74,0x4f1ba8,
0x441e7e,0x4f1ba8,
0x441e88,0x4f1bac,
0x441e92,0x4f1bb0,
0x441ed3,0x52ba48,
0x441edf,0x52ba48,
0x441ef6,0x52ba48,
0x441f2f,0x52ba38,
0x441f3d,0x52ba38,
0x441f4b,0x4f1c00,
0x441f8e,0x4f1b90,
0x441f99,0x4f1b90,
0x441fa3,0x4f1b94,
0x441fad,0x4f1b98,
0x441ff5,0x4f1b9c,
0x441fff,0x4f1b9c,
0x442009,0x4f1ba0,
0x442013,0x4f1ba4,
0x44204b,0x4f1ba8,
0x442055,0x4f1ba8,
0x44205f,0x4f1bac,
0x442069,0x4f1bb0,
0x4420b7,0x52ba48,
0x4420d4,0x5dd320,
0x4420ff,0x52ba38,
0x44211a,0x4f1c38,
0x442125,0x5dd320,
0x44213d,0x4bd2b0,
0x44214f,0x4bd2b0,
0x442162,0x5dd320,
0x442180,0x4bd2b0,
0x442192,0x4bd2b0,
0x4421ac,0x4bd2b0,
0x4421f7,0x5dd320,
0x442203,0x4bd2b4,
0x442218,0x4bd2b4,
0x442235,0x4bd2b4,
0x44225d,0x5dd320,
0x44228e,0x4bd2b8,
0x4422bd,0x4f1bbc,
0x4422de,0x4f1c3c,
0x4422f1,0x5dd320,
0x442316,0x4f1bd0,
0x442322,0x4f1bd4,
0x44232b,0x4f1bd8,
0x44233d,0x5dd320,
0x44235c,0x4f1bdc,
0x442368,0x4f1be0,
0x442371,0x4f1be4,
0x442380,0x5dd320,
0x4423a1,0x4f1be8,
0x4423ad,0x4f1bec,
0x4423b6,0x4f1bf0,
0x4423c5,0x5dd320,
0x4423e7,0x4f1bf4,
0x4423f3,0x4f1bf8,
0x4423fc,0x4f1bfc,
0x442415,0x4bd2b8,
0x442447,0x4f1bd4,
0x442464,0x52ba48,
0x442487,0x52ba48,
0x4424b6,0x5dd320,
0x4424e1,0x52ba38,
0x4424fc,0x4f1c38,
0x44250a,0x5dd320,
0x442523,0x4bd2b0,
0x442535,0x4bd2b0,
0x442544,0x5dd320,
0x442563,0x4bd2b0,
0x442575,0x4bd2b0,
0x442595,0x4bd2b0,
0x4425da,0x5dd320,
0x4425e9,0x4bd2b4,
0x4425fe,0x4bd2b4,
0x44261b,0x4bd2b4,
0x442643,0x5dd320,
0x442671,0x4bd2b8,
0x442697,0x4f1bbc,
0x4426be,0x4f1c3c,
0x4426d1,0x5dd320,
0x4426f6,0x4f1bd0,
0x442702,0x4f1bd4,
0x44270b,0x4f1bd8,
0x44271d,0x5dd320,
0x44273c,0x4f1bdc,
0x442748,0x4f1be0,
0x442751,0x4f1be4,
0x442760,0x5dd320,
0x442781,0x4f1be8,
0x44278d,0x4f1bec,
0x442796,0x4f1bf0,
0x4427a5,0x5dd320,
0x4427c7,0x4f1bf4,
0x4427d3,0x4f1bf8,
0x4427dc,0x4f1bfc,
0x4427f5,0x4bd2b8,
0x442823,0x4f1bd4,
0x442858,0x5dd320,
0x44287c,0x5dd320,
0x4428ac,0x5dd320,
0x4428de,0x4bd2b8,
0x44291f,0x52ba48,
0x442946,0x4f1d08,
0x442969,0x4f1eb8,
0x44299e,0x4f1eb8,
0x4429d3,0x4f1eb8,
0x442a08,0x4f1ec8,
0x442a3b,0x52bae8,
0x442a43,0x52bae8,
0x442a4c,0x52bae8,
0x442a65,0x52ba88,
0x442a70,0x52bae4,
0x442a78,0x4bd2c0,
0x442a7f,0x52ba84,
0x442a8a,0x52ba58,
0x442a93,0x4bd2c4,
0x442a9e,0x52ba88,
0x442abb,0x52ba50,
0x442ac8,0x52bae4,
0x442ae8,0x4f1d1c,
0x442af9,0x4f1cf8,
0x442b1d,0x4f1d0c,
0x442b42,0x4f1d20,
0x442b66,0x52bae8,
0x442b75,0x52bae8,
0x442b7f,0x52bae8,
0x442b8f,0x52bae8,
0x442ba6,0x52bae8,
0x442bd2,0x4bd2c8,
0x442bed,0x52ba88,
0x442c01,0x52ba88,
0x442c15,0x52ba88,
0x442c29,0x52ba88,
0x442c44,0x5dd320,
0x442c8c,0x52ba88,
0x442ca8,0x4f1d08,
0x442cc4,0x4f1d30,
0x442cd6,0x4f1d1c,
0x442ce8,0x5dd320,
0x442d12,0x4bd2cc,
0x442d25,0x4bd2cc,
0x442d3f,0x4bd2cc,
0x442d58,0x4f1ce0,
0x442d82,0x4f1d34,
0x442d92,0x5dd320,
0x442db9,0x4f1cd4,
0x442dc5,0x4f1cd8,
0x442dce,0x4f1cdc,
0x442de0,0x5dd320,
0x442dff,0x4f1cb0,
0x442e0b,0x4f1cb4,
0x442e14,0x4f1cb8,
0x442e20,0x5dd320,
0x442e43,0x4f1cbc,
0x442e4f,0x4f1cc0,
0x442e58,0x4f1cc4,
0x442e67,0x5dd320,
0x442e89,0x4f1cc8,
0x442e95,0x4f1ccc,
0x442e9e,0x4f1cd0,
0x442eb7,0x4bd2c0,
0x442ee5,0x4f1cf8,
0x442f07,0x52bae8,
0x442f88,0x4f1edc,
0x442fa5,0x52bae8,
0x442fb6,0x52bae8,
0x442fbe,0x52bae8,
0x442fc7,0x4bc20c,
0x442fcd,0x52bae8,
0x442fdb,0x4bd2d0,
0x442fe4,0x52bae8,
0x442fec,0x52bae8,
0x442ff5,0x52bae8,
0x442ffe,0x52bae8,
0x443006,0x52bae8,
0x44300f,0x52bae8,
0x44301b,0x52bae8,
0x443026,0x52bae8,
0x443032,0x52bae8,
0x44303e,0x52bae8,
0x443049,0x52bae8,
0x443055,0x52bae8,
0x443061,0x52bae8,
0x44306c,0x52bae8,
0x443078,0x52bae8,
0x44307e,0x52ba50,
0x443087,0x52ba50,
0x44308e,0x52ba50,
0x443099,0x4bd2c8,
0x44309e,0x52bae8,
0x4430a8,0x4faed8,
0x4430c1,0x52bae8,
0x44310e,0x52bae8,
0x443126,0x4f1c88,
0x443134,0x52bae8,
0x44313f,0x52bae8,
0x443161,0x52bae8,
0x443213,0x4bd2d8,
0x443246,0x4bd2e0,
0x44325b,0x4bd2e8,
0x443266,0x4bd2d8,
0x443273,0x4bd2e8,
0x44327b,0x4bd2d8,
0x44336a,0x4bd2e8,
0x44337b,0x4bd2d8,
0x443388,0x4bd2e8,
0x443390,0x4bd2d8,
0x4433aa,0x4bd300,
0x44341f,0x4bd2f0,
0x443440,0x4bd2f8,
0x443471,0x4bd2f0,
0x443494,0x4bd2f8,
0x4434b5,0x4bd2f0,
0x4434c5,0x4bd2f8,
0x4435c3,0x4bd308,
0x4435d2,0x4bd308,
0x4435e6,0x4bd308,
0x4435fa,0x4bd2f0,
0x443617,0x4bd2f0,
0x44361f,0x4bd2f0,
0x44379e,0x4bd2e0,
0x4439b7,0x52ba88,
0x4439c8,0x52ba88,
0x4439d6,0x4bd2c8,
0x4439e6,0x4faed8,
0x4439f3,0x52ba5c,
0x4439ff,0x52ba58,
0x443a77,0x4f1c88,
0x443a96,0x4f1fe4,
0x443abd,0x4f22c0,
0x443af2,0x4f22a0,
0x443b2a,0x4f2280,
0x443b65,0x4f225c,
0x443ba3,0x4f2290,
0x443bd6,0x52bb90,
0x443bde,0x52bb90,
0x443be7,0x52bb90,
0x443c00,0x52bb40,
0x443c0b,0x52bb90,
0x443c14,0x52bb3c,
0x443c1f,0x52baf0,
0x443c2d,0x52bb40,
0x443c38,0x52baf0,
0x443c51,0x52bb90,
0x443c61,0x52bb90,
0x443c6b,0x52bb90,
0x443c79,0x52bb90,
0x443c92,0x52bb90,
0x443cd3,0x52bb90,
0x443cdd,0x52bb90,
0x443ceb,0x52bb90,
0x443cf6,0x52bb90,
0x443cfb,0x4f22e0,
0x443d0a,0x52bb90,
0x443d15,0x4f22e0,
0x443d36,0x4f22e0,
0x443d42,0x52bb90,
0x443d53,0x52bb90,
0x443d68,0x52bb90,
0x443d7d,0x52bb90,
0x443d8f,0x52bb90,
0x443d98,0x52bb90,
0x443da0,0x52bb90,
0x443da9,0x52bb90,
0x443db7,0x52bb90,
0x443dc0,0x52bb90,
0x443dd0,0x52bb90,
0x443ddc,0x52bb90,
0x443de8,0x52bb90,
0x443df5,0x52bb90,
0x443dfd,0x52bb90,
0x443e08,0x52bb90,
0x443e12,0x52bb90,
0x443e29,0x52bb40,
0x443e39,0x52bb40,
0x443e57,0x4f22e0,
0x443e70,0x4bd310,
0x443e93,0x52bb90,
0x443ec1,0x52baf0,
0x443edf,0x52baf0,
0x443f10,0x4bd310,
0x443f2a,0x4f22e0,
0x443f58,0x4f22e0,
0x443f69,0x4f22e0,
0x443f7a,0x4f22e0,
0x443fac,0x52bb90,
0x443fd5,0x52bb90,
0x444002,0x4f22e0,
0x444013,0x4f22e0,
0x444024,0x4f22e0,
0x44409b,0x4bd31c,
0x4440b5,0x4f1ee8,
0x444100,0x4bd320,
0x444134,0x4bd318,
0x4441be,0x4f1f10,
0x4441c5,0x4f1ee8,
0x4441e0,0x4bd324,
0x4441f9,0x4bd328,
0x4443a9,0x654b9c,
0x4443bf,0x4bd32c,
0x4443c7,0x4bd318,
0x4443cf,0x4bd330,
0x4444d9,0x4bd310,
0x44451e,0x4bd334,
0x444684,0x4bd318,
0x44468a,0x4bd338,
0x44469c,0x4bd33c,
0x4446b0,0x4bd33c,
0x4446c9,0x52bb90,
0x4446dd,0x4bd33c,
0x4447a1,0x52bb40,
0x444834,0x5dd320,
0x4448d4,0x4f1fe4,
0x4448f6,0x4f206c,
0x444904,0x4f2028,
0x44490f,0x52bb40,
0x444915,0x5dd320,
0x444954,0x4bd344,
0x44496f,0x4bd344,
0x444993,0x4bd344,
0x4449af,0x4f1f3c,
0x4449dc,0x4f2090,
0x4449f3,0x5dd320,
0x444a12,0x4f1f68,
0x444a1d,0x4f1f6c,
0x444a25,0x4f1f70,
0x444a37,0x5dd320,
0x444a53,0x4f1f74,
0x444a5f,0x4f1f78,
0x444a68,0x4f1f7c,
0x444a73,0x5dd320,
0x444a95,0x4f1f50,
0x444aa0,0x4f1f54,
0x444aa8,0x4f1f58,
0x444ab9,0x5dd320,
0x444ada,0x4f1f5c,
0x444ae6,0x4f1f60,
0x444aef,0x4f1f64,
0x444b06,0x4bd314,
0x444b52,0x4f2090,
0x444b6b,0x5dd320,
0x444b8a,0x4f1f68,
0x444b95,0x4f1f6c,
0x444b9d,0x4f1f70,
0x444baf,0x5dd320,
0x444bcb,0x4f1f74,
0x444bd7,0x4f1f78,
0x444be0,0x4f1f7c,
0x444beb,0x5dd320,
0x444c0d,0x4f1f50,
0x444c18,0x4f1f54,
0x444c20,0x4f1f58,
0x444c31,0x5dd320,
0x444c52,0x4f1f5c,
0x444c5e,0x4f1f60,
0x444c67,0x4f1f64,
0x444c7e,0x4bd314,
0x444cac,0x4f1f54,
0x444ccb,0x4f208c,
0x444cf2,0x4f2090,
0x444d05,0x5dd320,
0x444d23,0x4f1f50,
0x444d2f,0x4f1f54,
0x444d38,0x4f1f58,
0x444d41,0x5dd320,
0x444d60,0x4f1f5c,
0x444d6c,0x4f1f60,
0x444d75,0x4f1f64,
0x444d7e,0x5dd320,
0x444da0,0x4f1f68,
0x444dac,0x4f1f6c,
0x444db5,0x4f1f70,
0x444dd1,0x4bd314,
0x444e11,0x52bb90,
0x444e3c,0x52bb98,
0x444e63,0x52bb98,
0x444e6b,0x52bb98,
0x444e74,0x52bb98,
0x444e91,0x52bb98,
0x444ea1,0x52bb98,
0x444eab,0x52bb98,
0x444eb9,0x52bb98,
0x444ed1,0x52bb98,
0x444ee5,0x52bb98,
0x444eed,0x52bb98,
0x444ef3,0x52bb94,
0x444efb,0x52bb94,
0x444f01,0x52bb94,
0x444f0c,0x4bd348,
0x444f12,0x52bb98,
0x444f1f,0x52bb98,
0x444f38,0x52bb98,
0x444f40,0x52bb98,
0x444f5b,0x52bb98,
0x444fca,0x4bd34c,
0x444fd7,0x4bd34c,
0x445068,0x52bb98,
0x44509c,0x5dd320,
0x4450d0,0x5dd320,
0x4450d5,0x4f22e8,
0x4450db,0x4f22f0,
0x4450fb,0x4bd350,
0x44510d,0x4bd350,
0x44511f,0x4bd350,
0x445129,0x4bd354,
0x445159,0x4f22ec,
0x44515f,0x5dd320,
0x445164,0x4f22f4,
0x44522f,0x4bd358,
0x445262,0x5dd320,
0x445284,0x5dd320,
0x4452a2,0x5dd320,
0x4452c4,0x5dd320,
0x4452f9,0x4bd358,
0x445321,0x5dd320,
0x44533a,0x5dd320,
0x445354,0x52bb98,
0x445371,0x4f22f8,
0x44537a,0x608c00,
0x44538f,0x52bbc8,
0x44539c,0x608c80,
0x4453a2,0x4f22f8,
0x4453b8,0x4f22fc,
0x445461,0x52bbc0,
0x445473,0x52bba0,
0x4454d1,0x608c40,
0x4454e3,0x608c40,
0x445520,0x608c00,
0x445533,0x52bbc4,
0x445553,0x608c00,
0x445565,0x608c80,
0x445570,0x608c88,
0x445578,0x608c88,
0x44557e,0x608c8c,
0x445586,0x608c8c,
0x445591,0x654b8d,
0x44559b,0x5280d4,
0x4455a5,0x54ac68,
0x4455ba,0x4f22f8,
0x445611,0x52bbc0,
0x445618,0x52bba0,
0x44561f,0x4f22f8,
0x445630,0x608c40,
0x445641,0x5280d4,
0x44564e,0x54ac68,
0x44565e,0x654b8d,
0x445668,0x654b8d,
0x445673,0x654b8d,
0x44567d,0x5280d4,
0x445687,0x54ac68,
0x44569c,0x4f22f8,
0x4456d7,0x4f22f8,
0x4456e7,0x654b8d,
0x4456f1,0x5280d4,
0x4456fb,0x54ac68,
0x445710,0x4f22f8,
0x445756,0x4bd368,
0x44575b,0x4ba0d0,
0x44577c,0x654b8d,
0x44578c,0x4f22f8,
0x44579a,0x608cbc,
0x4457bb,0x52bbc8,
0x4457c9,0x52bbc8,
0x4457ce,0x4c2908,
0x4457dc,0x4c2908,
0x4457ea,0x4c2908,
0x445889,0x608c80,
0x4458b8,0x6543ac,
0x4458c2,0x6543a4,
0x4458d3,0x608c80,
0x4458e0,0x608c80,
0x4458ed,0x608c80,
0x4458fa,0x608c80,
0x445909,0x608c80,
0x445917,0x608cbc,
0x445934,0x608c80,
0x44594a,0x608c80,
0x445957,0x608c80,
0x445964,0x608c80,
0x445971,0x608c80,
0x44597e,0x608c80,
0x44598b,0x608c80,
0x44599d,0x608c80,
0x4459ab,0x608c80,
0x4459b8,0x608cbc,
0x4459c7,0x608c80,
0x4459fd,0x5dd328,
0x445a03,0x63b2bf,
0x445a0e,0x608c40,
0x445a20,0x63b2bf,
0x445a31,0x4edf74,
0x445a37,0x52bbc4,
0x445a61,0x5dcf7c,
0x445a6a,0x52bbd4,
0x445a74,0x4f2328,
0x445a81,0x52bbd0,
0x445a86,0x4f2490,
0x445a8c,0x4f248c,
0x445a90,0x5dcf3c,
0x445a96,0x4f2478,
0x445a9c,0x4f247c,
0x445aa2,0x4f2480,
0x445aa8,0x4f2484,
0x445aae,0x4f232c,
0x445ab4,0x4f2330,
0x445aba,0x4f2470,
0x445ac0,0x4f2474,
0x445ac6,0x4f2488,
0x445ad8,0x4f2318,
0x445adf,0x52bbd0,
0x445ae9,0x4bc234,
0x445af5,0x4bc110,
0x445afa,0x52bbcc,
0x445b00,0x4f2314,
0x445b11,0x52bbd0,
0x445b1f,0x52bbcc,
0x445b26,0x4bc10c,
0x445b2c,0x52bbcc,
0x445b41,0x52bbd0,
0x445b4f,0x52bbd8,
0x445b54,0x4f2330,
0x445b62,0x52bbd0,
0x445b6d,0x52bbd8,
0x445b72,0x4f2330,
0x445b81,0x52bbd0,
0x445b8f,0x52bbd8,
0x445b94,0x4f2330,
0x445ba1,0x52bbd0,
0x445bb7,0x5dcf7c,
0x445bbd,0x4f248c,
0x445bc1,0x5dcf3c,
0x445bc6,0x4f2490,
0x445bd5,0x4f2488,
0x445bfd,0x4f2348,
0x445c08,0x4f2344,
0x445c19,0x4f233c,
0x445c3b,0x4f2348,
0x445c53,0x4f2344,
0x445c6f,0x4f2338,
0x445c82,0x4f2314,
0x445c87,0x4f2334,
0x445c93,0x4f2314,
0x445c99,0x4f2340,
0x445ca5,0x4f2340,
0x445cd7,0x4bd388,
0x445cdd,0x4f2424,
0x445cee,0x4f2424,
0x445cf4,0x4bd390,
0x445cfa,0x4f2428,
0x445d0b,0x4f2428,
0x445d17,0x4bd380,
0x445d2e,0x4f2470,
0x445d36,0x4f2470,
0x445d3c,0x4bd398,
0x445d4b,0x4bd398,
0x445d5b,0x4f242c,
0x445d83,0x4f2400,
0x445d8d,0x4f2404,
0x445d97,0x4f2408,
0x445dab,0x4f240c,
0x445dbb,0x4f2410,
0x445dca,0x4f2414,
0x445dd4,0x4f2418,
0x445dda,0x4f241c,
0x445ddf,0x4f2420,
0x445dfd,0x4f2450,
0x445e0b,0x4f2458,
0x445e1d,0x4f2460,
0x445e2f,0x4f2468,
0x445e43,0x4f2430,
0x445e57,0x4f2434,
0x445e6b,0x4f2438,
0x445e7f,0x4f243c,
0x445e89,0x4f2478,
0x445ea2,0x4f2478,
0x445eb5,0x4f247c,
0x445ece,0x4f247c,
0x445ee1,0x4f2480,
0x445efa,0x4f2480,
0x445f0d,0x4f2484,
0x445f17,0x4bc104,
0x445f31,0x4f2484,
0x445f42,0x4f2484,
0x445f5a,0x52bbcc,
0x445f71,0x52bbd0,
0x445f81,0x52bbcc,
0x445f8b,0x4bc108,
0x446003,0x52bbcc,
0x44600c,0x4bc104,
0x446025,0x4f2504,
0x44602a,0x4f2500,
0x446030,0x4f2508,
0x44603e,0x4f250c,
0x446052,0x4bc0ec,
0x446063,0x4bc0b0,
0x446077,0x4bc0a0,
0x44607c,0x4f24f0,
0x446084,0x4f24e0,
0x44608a,0x52bbdc,
0x446091,0x4f24d0,
0x446097,0x52bbe0,
0x44609f,0x52bbdc,
0x4460a4,0x52bbe4,
0x4460ae,0x52bbe0,
0x4460c1,0x4f24b4,
0x4460c7,0x4bc0f4,
0x4460d4,0x52bbdc,
0x4460e2,0x4f2328,
0x4460e8,0x4f2328,
0x4460f9,0x4f2494,
0x4460ff,0x4bc0f4,
0x446111,0x52bbe4,
0x446120,0x4f2328,
0x446126,0x4f2328,
0x44613c,0x4f2510,
0x446143,0x4bc2fc,
0x446151,0x4bc0f4,
0x446171,0x52bbe0,
0x446185,0x4f253c,
0x44618b,0x4bc0f4,
0x4461a9,0x4bc110,
0x4461bc,0x52db9c,
0x4461c3,0x52dba0,
0x4461cf,0x52bbe8,
0x4461f7,0x52db9c,
0x4461fd,0x4bc108,
0x44624f,0x52bbe8,
0x446259,0x52bbe8,
0x446261,0x4f2560,
0x446271,0x52dba0,
0x4462b5,0x52bbe8,
0x4462e6,0x52dba0,
0x4462f1,0x4bc108,
0x446319,0x4bc28c,
0x446357,0x52bbe8,
0x446388,0x52db9c,
0x44638e,0x4bc108,
0x4463db,0x52bbe8,
0x4463e5,0x52bbe8,
0x4463ed,0x4f2560,
0x4463fe,0x52dba0,
0x44641b,0x4bc1f0,
0x44642b,0x52dba0,
0x446436,0x4bc108,
0x4464a6,0x4bc28c,
0x44650d,0x52bbe8,
0x446523,0x52bbe8,
0x446558,0x4bc104,
0x446576,0x52dba0,
0x446591,0x52db9c,
0x4465d6,0x52bbe8,
0x446647,0x4bc210,
0x446681,0x4bc28c,
0x4466e9,0x52bbe8,
0x44674e,0x4bc210,
0x446773,0x4bc1f0,
0x446780,0x4bc28c,
0x4467a7,0x4bc1f0,
0x446804,0x52bbe8,
0x446873,0x4bc104,
0x44687b,0x52bbe8,
0x44689b,0x52dba0,
0x4468b0,0x52db9c,
0x4468cf,0x52db9c,
0x4468d6,0x52db9c,
0x4468dc,0x4bc10c,
0x4468e5,0x52dba0,
0x446928,0x52dba8,
0x446937,0x52fb60,
0x44694b,0x4bc110,
0x446956,0x531b20,
0x446961,0x531b24,
0x446969,0x608e5c,
0x446972,0x531b18,
0x44698d,0x531b1c,
0x4469b2,0x4bc1e0,
0x446a12,0x52fb60,
0x446a33,0x504c04,
0x446a3a,0x504c04,
0x446a5a,0x531b1c,
0x446a6a,0x4bc108,
0x446aa6,0x52fb60,
0x446ab3,0x52fb60,
0x446ad8,0x52dba8,
0x446ae1,0x504c04,
0x446ae6,0x504c00,
0x446af0,0x52dba8,
0x446af6,0x504c04,
0x446b05,0x504c00,
0x446b0f,0x4f2588,
0x446b16,0x4bc298,
0x446b29,0x504c04,
0x446b2f,0x504c04,
0x446b4c,0x531b20,
0x446b62,0x531b20,
0x446b6b,0x531b20,
0x446b7c,0x531b24,
0x446b85,0x531b20,
0x446bba,0x531b24,
0x446bfb,0x52dba8,
0x446c15,0x4f2590,
0x446c2d,0x531b24,
0x446c37,0x531b24,
0x446c3d,0x531b20,
0x446c4e,0x531b24,
0x446c57,0x531b24,
0x446c71,0x531b18,
0x446c78,0x4bc10c,
0x446c81,0x531b1c,
0x446cf5,0x531b18,
0x446cfe,0x4bc108,
0x446d0e,0x4bc104,
0x446d14,0x531b20,
0x446d43,0x52dba8,
0x446d4c,0x52dba8,
0x446d97,0x52fb60,
0x446d9d,0x531b20,
0x446da6,0x52fb60,
0x446dbc,0x531b20,
0x446dce,0x531b24,
0x446dd4,0x531b20,
0x446dd9,0x531b18,
0x446de2,0x531b20,
0x446def,0x4bc0e8,
0x446df5,0x608e5c,
0x446dfb,0x531b18,
0x446e07,0x608e5c,
0x446e0f,0x531b1c,
0x446e1f,0x531b18,
0x446e29,0x4bc108,
0x446e39,0x531b18,
0x446e43,0x4bc0e8,
0x446e49,0x608e5c,
0x446f77,0x4bc26c,
0x446f99,0x531b28,
0x446fb8,0x4bc210,
0x446fc4,0x531b14,
0x446fcd,0x4f25f0,
0x446fd5,0x4f25f4,
0x446fe3,0x4f25e8,
0x446fea,0x4f25ec,
0x447001,0x531b28,
0x44700b,0x531b2c,
0x447010,0x531b30,
0x447015,0x4f25f0,
0x44701d,0x531b34,
0x447023,0x531b14,
0x44702f,0x4f25f4,
0x447048,0x4f25e8,
0x447050,0x4f25ec,
0x447059,0x531b14,
0x4470a5,0x4bd3a4,
0x4470ab,0x4bd3a4,
0x4470bb,0x4bd3a4,
0x4470d5,0x4f9d38,
0x4470e5,0x4bd3a8,
0x4471cf,0x4f25c4,
0x4471e3,0x4bc0e8,
0x4471eb,0x52dba8,
0x4471fa,0x531b18,
0x44722b,0x52fb5c,
0x447233,0x531b20,
0x44723f,0x531b18,
0x447274,0x4bc0e8,
0x44727b,0x531b20,
0x44728c,0x4bc104,
0x4472b5,0x52dba8,
0x4472be,0x52dba8,
0x447309,0x52fb60,
0x44730f,0x531b20,
0x447318,0x52fb60,
0x44732e,0x531b20,
0x447340,0x531b24,
0x447346,0x531b20,
0x44734b,0x531b18,
0x447354,0x531b20,
0x447363,0x608e5c,
0x44736e,0x608e5c,
0x447374,0x531b18,
0x44737d,0x531b1c,
0x447389,0x531b20,
0x447396,0x52dba8,
0x4473a4,0x531b18,
0x4473d2,0x531b20,
0x4473db,0x52fb5c,
0x4473eb,0x531b18,
0x447441,0x4bc110,
0x44744e,0x531cf4,
0x447477,0x600000,
0x447485,0x531cf8,
0x447491,0x531b40,
0x447499,0x608e58,
0x44749f,0x531b38,
0x4474a4,0x531b3c,
0x4474e9,0x4bc26c,
0x4474f8,0x4f2698,
0x447561,0x531b40,
0x44756b,0x4bc210,
0x447595,0x531b3c,
0x44759f,0x531b3c,
0x4475a5,0x531b38,
0x4475b0,0x531b38,
0x4475eb,0x609564,
0x44761b,0x504c04,
0x447627,0x504c04,
0x447650,0x4f2668,
0x447667,0x504c04,
0x447670,0x504c04,
0x447680,0x504c04,
0x447685,0x504c00,
0x44768e,0x504c04,
0x4476aa,0x504c00,
0x4476b1,0x4edf9c,
0x4476b8,0x4bc298,
0x4476c3,0x4bc108,
0x4476d5,0x531cf8,
0x4476ed,0x608e58,
0x4476f6,0x608e58,
0x447706,0x4f2648,
0x447754,0x4f2620,
0x447786,0x531cf4,
0x4477af,0x4bc28c,
0x4477f4,0x531b40,
0x4477fe,0x531b40,
0x44780c,0x4f25f8,
0x447882,0x609564,
0x4478e7,0x4bc26c,
0x4478f6,0x4f2698,
0x44791d,0x609564,
0x447952,0x4f26a0,
0x447a29,0x4f2668,
0x447a83,0x4f2620,
0x447b00,0x4f26a0,
0x447b57,0x4bc26c,
0x447b66,0x4f2698,
0x447bd0,0x531b40,
0x447bda,0x4bc210,
0x447c21,0x531b38,
0x447c29,0x531b38,
0x447c35,0x531b3c,
0x447c3b,0x531b38,
0x447c45,0x531b3c,
0x447c85,0x531b40,
0x447c9f,0x531b38,
0x447ca7,0x531b38,
0x447cb3,0x531b3c,
0x447cb9,0x531b38,
0x447cc3,0x531b3c,
0x447cea,0x531cf4,
0x447d04,0x531cf4,
0x447d0a,0x4bc10c,
0x447d12,0x531cf8,
0x447d23,0x531b40,
0x447d66,0x531cf4,
0x447d6e,0x531b3c,
0x447dd5,0x531b40,
0x447df0,0x531cf4,
0x447df7,0x531b3c,
0x447e13,0x531b3c,
0x447e2a,0x531b3c,
0x447e56,0x531b3c,
0x447e61,0x531b3c,
0x447e67,0x531b38,
0x447e72,0x531b38,
0x447ede,0x531b40,
0x447eec,0x531b40,
0x447f16,0x4f26c4,
0x447f27,0x608e58,
0x447f2d,0x4bc104,
0x447f46,0x531cf8,
0x447f4d,0x608e58,
0x447f54,0x531cf4,
0x447f71,0x531b3c,
0x447f98,0x4bc110,
0x447f9e,0x531d08,
0x447fa4,0x531d0c,
0x447faa,0x531d14,
0x447fb0,0x531d10,
0x447fb6,0x531e1c,
0x447fbb,0x531d04,
0x447fd1,0x531d04,
0x447fdf,0x4bc10c,
0x447fe5,0x531d04,
0x447feb,0x531d08,
0x447ff1,0x531d0c,
0x447ff7,0x531d14,
0x447ffd,0x531d10,
0x448003,0x531e1c,
0x448018,0x4f2718,
0x44801f,0x4f1508,
0x448024,0x4f2714,
0x448041,0x4f150a,
0x448053,0x4bc28c,
0x448061,0x4bc254,
0x448080,0x531e1c,
0x448091,0x4bc210,
0x448096,0x531d18,
0x4480af,0x531e1c,
0x4480c7,0x531d18,
0x4480eb,0x531e1c,
0x4480fb,0x531d00,
0x448103,0x4bc290,
0x448109,0x531d00,
0x448134,0x4bc28c,
0x44813f,0x531d00,
0x448177,0x531d00,
0x448198,0x4f2710,
0x44819f,0x4bc260,
0x4481b0,0x531d00,
0x4481c3,0x4bc290,
0x4481c9,0x531d00,
0x4481f7,0x4bc28c,
0x448205,0x4bc28c,
0x44820d,0x531d00,
0x448226,0x531d00,
0x448232,0x531d00,
0x448246,0x4bc28c,
0x448251,0x4f270c,
0x448258,0x4bc260,
0x448269,0x531d00,
0x44827c,0x4bc290,
0x448282,0x531d00,
0x4482bf,0x531d00,
0x4482d8,0x531d00,
0x4482e4,0x531d00,
0x448300,0x531d04,
0x44830b,0x4bc108,
0x448311,0x531d08,
0x448329,0x531d08,
0x448335,0x4bc254,
0x448341,0x531d14,
0x44834a,0x531d14,
0x448359,0x4f2708,
0x448360,0x4bc260,
0x448371,0x531d00,
0x448384,0x4bc290,
0x44838a,0x531d00,
0x4483c7,0x531d00,
0x4483e0,0x531d00,
0x4483ec,0x531d00,
0x448409,0x531d04,
0x448414,0x4bc108,
0x44841a,0x531d0c,
0x448432,0x531d0c,
0x44843e,0x4bc254,
0x44844a,0x531d10,
0x448453,0x531d10,
0x448462,0x4f2700,
0x448469,0x4bc260,
0x44847a,0x531d00,
0x44848d,0x4bc290,
0x448493,0x531d00,
0x4484ce,0x4bc28c,
0x4484db,0x531d00,
0x448514,0x531d00,
0x448523,0x4bc290,
0x448531,0x531d00,
0x448544,0x4bc290,
0x44856c,0x4bc28c,
0x44857b,0x531d00,
0x448594,0x531d00,
0x4485a0,0x531d00,
0x4485b2,0x531d00,
0x4485c7,0x531d00,
0x4485fa,0x4bc28c,
0x448609,0x531d00,
0x448622,0x531d00,
0x44862e,0x531d00,
0x448640,0x531d00,
0x448655,0x531d00,
0x448688,0x4bc28c,
0x448696,0x531d00,
0x4486af,0x531d00,
0x4486bb,0x531d00,
0x448748,0x531d04,
0x448752,0x4bc0e4,
0x44875e,0x531d0c,
0x448766,0x531d0c,
0x44876e,0x531d08,
0x448776,0x531d08,
0x448791,0x4bc28c,
0x44879b,0x4bc254,
0x4487a1,0x4bc1dc,
0x4488a0,0x531d00,
0x4488a7,0x531d00,
0x4488b7,0x4bc290,
0x4488be,0x531d00,
0x4488e3,0x531d00,
0x4488f0,0x4bc28c,
0x4488fd,0x531d00,
0x448931,0x531d00,
0x448953,0x4bc28c,
0x448960,0x4bc254,
0x4489ac,0x531d0c,
0x448a08,0x531d08,
0x448a12,0x4bc210,
0x448c03,0x4bc28c,
0x448c10,0x4bc254,
0x448c5c,0x531d0c,
0x448cb9,0x531d08,
0x448cc3,0x4bc210,
0x448e53,0x4bc28c,
0x448e60,0x4bc254,
0x448eca,0x531d0c,
0x448f26,0x531d0c,
0x448f9d,0x531d08,
0x448fa7,0x4bc210,
0x4490f7,0x4bd3b8,
0x449233,0x4bc28c,
0x449240,0x4bc254,
0x4492aa,0x531d0c,
0x449306,0x531d0c,
0x44937d,0x531d08,
0x449387,0x4bc210,
0x4494b9,0x4bd3b8,
0x449613,0x4bc110,
0x449627,0x535f54,
0x449634,0x535f58,
0x449641,0x535f60,
0x449648,0x535f5c,
0x449654,0x531e20,
0x449660,0x533fa0,
0x44966c,0x533dd8,
0x4496e5,0x533fa0,
0x4496f3,0x4bc210,
0x449712,0x4bc210,
0x44975e,0x531e20,
0x449785,0x4bc26c,
0x449791,0x4f25e8,
0x4497a9,0x535f54,
0x4497af,0x4bc108,
0x4497c5,0x4bc28c,
0x4497e1,0x535f5c,
0x449832,0x531e20,
0x44983c,0x531e20,
0x449865,0x4bc28c,
0x44986e,0x535f54,
0x44987c,0x4bc108,
0x4498e2,0x531e20,
0x4498ec,0x531e20,
0x44990a,0x4bc210,
0x449954,0x531e20,
0x44999c,0x4bd3bc,
0x4499c5,0x4bd3bc,
0x4499d0,0x44adc0,
0x449a4e,0x531e20,
0x449a58,0x4bc210,
0x449a72,0x4bc210,
0x449a78,0x4bc28c,
0x449a89,0x4bc26c,
0x449a95,0x4f25e8,
0x449aa9,0x535f54,
0x449ab3,0x4bc108,
0x449ad9,0x535f5c,
0x449ae4,0x4bc108,
0x449afd,0x531e20,
0x449b0a,0x531e20,
0x449b12,0x4bc210,
0x449b5a,0x531e20,
0x449b8a,0x535f58,
0x449b95,0x4bc108,
0x449c2a,0x533fa0,
0x449c3c,0x533fa0,
0x449c58,0x533dd8,
0x449c71,0x535f60,
0x449c7c,0x4bc108,
0x449c87,0x533dd8,
0x449c91,0x533dd8,
0x449cbf,0x4bd3bc,
0x449ce5,0x4bd3bc,
0x449cf0,0x44adc0,
0x449d36,0x533dd8,
0x449d97,0x4bd3bc,
0x449db9,0x4bd3bc,
0x449dc8,0x44adc0,
0x449e89,0x533dd8,
0x449ea1,0x533dd8,
0x449f30,0x533fa0,
0x449f49,0x4bc210,
0x449f5a,0x533fa0,
0x449f7a,0x4bc210,
0x449fa3,0x4bc28c,
0x449fd8,0x535f58,
0x449fe8,0x4bc104,
0x44a00b,0x531e20,
0x44a015,0x4bc210,
0x44a02a,0x531e20,
0x44a05a,0x535f5c,
0x44a060,0x4bc104,
0x44a06c,0x535f54,
0x44a088,0x535f60,
0x44a091,0x4bc104,
0x44a0d8,0x533dd8,
0x44a1a8,0x533fa0,
0x44a1b6,0x4bc210,
0x44a261,0x4bc28c,
0x44a2ec,0x533fa0,
0x44a2ff,0x4bc210,
0x44a355,0x531e20,
0x44a361,0x4bc210,
0x44a380,0x4bc26c,
0x44a38c,0x4f25e8,
0x44a393,0x4bc210,
0x44a3a8,0x535f54,
0x44a3ae,0x4bc108,
0x44a3c4,0x4bc28c,
0x44a3e0,0x535f5c,
0x44a431,0x531e20,
0x44a43b,0x531e20,
0x44a465,0x4bc28c,
0x44a46b,0x535f54,
0x44a479,0x4bc108,
0x44a489,0x4bc28c,
0x44a4e3,0x531e20,
0x44a4ed,0x531e20,
0x44a543,0x531e20,
0x44a553,0x4bc210,
0x44a599,0x4bd3bc,
0x44a5b7,0x4bd3bc,
0x44a5c2,0x44adc0,
0x44a634,0x4bc104,
0x44a63b,0x531e20,
0x44a64a,0x535f5c,
0x44a656,0x535f54,
0x44a674,0x533dd4,
0x44a67b,0x533fa0,
0x44a6b1,0x535f58,
0x44a6d2,0x535f54,
0x44a6d9,0x533dd8,
0x44a6e5,0x535f60,
0x44a703,0x533f9c,
0x44a70a,0x535f54,
0x44a710,0x4bc10c,
0x44a719,0x535f58,
0x44a722,0x535f5c,
0x44a72a,0x535f60,
0x44a781,0x4bc210,
0x44a7a1,0x533fa0,
0x44a80d,0x533fa0,
0x44a89e,0x4bc1f0,
0x44a988,0x533fa0,
0x44a996,0x4bc210,
0x44a9ea,0x4bc1f0,
0x44aa24,0x535f54,
0x44aa30,0x4bc108,
0x44aa57,0x4bc28c,
0x44aa9f,0x535f5c,
0x44aaae,0x4bc108,
0x44aadd,0x4bc1f0,
0x44aae2,0x4f25e8,
0x44ab6f,0x531e20,
0x44ab79,0x531e20,
0x44abdb,0x535f5c,
0x44abea,0x4bc108,
0x44ac19,0x4bc1f0,
0x44ac1e,0x4f25e8,
0x44ac81,0x535f58,
0x44ac8d,0x4bc108,
0x44aca6,0x4bc28c,
0x44ad35,0x533fa0,
0x44ad47,0x533fa0,
0x44ad63,0x533dd8,
0x44ad7c,0x535f60,
0x44ad86,0x4bc108,
0x44ad91,0x533dd8,
0x44ad9b,0x533dd8,
0x44addc,0x4f271c,
0x44ae38,0x4bc110,
0x44ae3d,0x535f68,
0x44ae43,0x535f64,
0x44ae59,0x535f64,
0x44ae80,0x4bc210,
0x44ae8e,0x4f2724,
0x44ae99,0x535f64,
0x44aea8,0x535f64,
0x44aed8,0x44b2d0,
0x44aeec,0x535f68,
0x44aef5,0x4bc104,
0x44af05,0x535f68,
0x44af0f,0x4bc108,
0x44af21,0x4f2724,
0x44af3d,0x4bc28c,
0x44af54,0x535f64,
0x44af5c,0x535f64,
0x44af6c,0x535f64,
0x44af84,0x535f64,
0x44af96,0x4bc104,
0x44af9d,0x4f2724,
0x44afb5,0x535f64,
0x44afbd,0x535f64,
0x44afed,0x44b2d0,
0x44b001,0x535f68,
0x44b035,0x535f64,
0x44b04c,0x4bc210,
0x44b073,0x4f2724,
0x44b07e,0x535f64,
0x44b090,0x535f64,
0x44b0cd,0x44b2d0,
0x44b0e1,0x535f68,
0x44b0ea,0x4bc104,
0x44b104,0x535f64,
0x44b116,0x4bc104,
0x44b120,0x4f2724,
0x44b12b,0x535f64,
0x44b13b,0x535f64,
0x44b16e,0x44b2d0,
0x44b181,0x535f68,
0x44b194,0x535f68,
0x44b19a,0x535f64,
0x44b1a1,0x4bc10c,
0x44b1eb,0x44b2d0,
0x44b277,0x44b2d0,
0x44b373,0x535f64,
0x44b381,0x4bc210,
0x44b3a6,0x4f2724,
0x44b3b1,0x535f64,
0x44b3c3,0x535f64,
0x44b400,0x44b2d0,
0x44b414,0x535f68,
0x44b41d,0x4bc104,
0x44b6f7,0x4f27d8,
0x44b70a,0x4bc2a8,
0x44b718,0x4bc2a8,
0x44b720,0x4f2730,
0x44b727,0x4f27bc,
0x44b733,0x4bc2a8,
0x44b73b,0x4f2734,
0x44b742,0x4f27b0,
0x44b74d,0x4f2740,
0x44b752,0x4bc2a8,
0x44b75c,0x4f27a0,
0x44b768,0x4bc2a8,
0x44b770,0x4f2744,
0x44b777,0x4f2790,
0x44b783,0x4bc234,
0x44b78b,0x4f2748,
0x44b790,0x4f2788,
0x44b799,0x4bc2a8,
0x44b7a3,0x4f2780,
0x44b7be,0x4f2788,
0x44b7cb,0x4f2730,
0x44b7d2,0x4f2738,
0x44b7d9,0x4f2740,
0x44b7e0,0x4f2750,
0x44b7f5,0x4bc2c4,
0x44b7fb,0x4bc2cc,
0x44b803,0x535f6c,
0x44b80f,0x535f74,
0x44b81b,0x535f74,
0x44b835,0x4bc2c8,
0x44b83b,0x5dcf7c,
0x44b849,0x4bc2d0,
0x44b84f,0x5dcf7c,
0x44b85b,0x4bc2c0,
0x44b868,0x5dcf30,
0x44b87b,0x5dcf7c,
0x44b887,0x4bc2f8,
0x44b897,0x4bc2bc,
0x44b89d,0x4bc2cc,
0x44b8a9,0x535f74,
0x44b8c6,0x4bc2c8,
0x44b8ce,0x5dcf7c,
0x44b8db,0x535f70,
0x44b8ee,0x535f6c,
0x44b8fa,0x4bc2f8,
0x44b904,0x609300,
0x44b90a,0x609304,
0x44b910,0x609308,
0x44b916,0x60930c,
0x44b92d,0x5dcf2c,
0x44b93c,0x609300,
0x44b942,0x5dcf30,
0x44b948,0x609304,
0x44b951,0x5dcf7c,
0x44b96c,0x609308,
0x44b972,0x60930c,
0x44b977,0x609300,
0x44b97d,0x4bc2c4,
0x44b985,0x5dcf7c,
0x44b98b,0x4bc2bc,
0x44b991,0x4bc2cc,
0x44b9a0,0x4bc2d0,
0x44b9a6,0x5dcf7c,
0x44b9b2,0x4bc2c0,
0x44b9b7,0x5dcf30,
0x44b9ca,0x5dcf7c,
0x44b9ea,0x535f74,
0x44b9f4,0x5dcf7c,
0x44ba01,0x4bc2d0,
0x44ba06,0x5dcf7c,
0x44ba12,0x4bc2c0,
0x44ba18,0x5dcf7c,
0x44ba38,0x535f74,
0x44ba40,0x535f6c,
0x44ba4a,0x535f70,
0x44ba5e,0x4bc2dc,
0x44baab,0x4bc2d0,
0x44bab5,0x5dcf7c,
0x44bac1,0x4bc2c0,
0x44bacf,0x5dcf2c,
0x44badf,0x5dcf30,
0x44baf5,0x5dcf2c,
0x44bb32,0x535f70,
0x44bb41,0x5dcf7c,
0x44bb50,0x4bc2f8,
0x44bb5a,0x609300,
0x44bb60,0x609304,
0x44bb66,0x609308,
0x44bb6c,0x60930c,
0x44bb84,0x5dcf2c,
0x44bb93,0x609300,
0x44bb99,0x5dcf30,
0x44bb9e,0x609304,
0x44bba8,0x5dcf7c,
0x44bbc3,0x609308,
0x44bbc8,0x60930c,
0x44bbce,0x4bc2c8,
0x44bbd4,0x5dcf7c,
0x44bbda,0x4bc2cc,
0x44bbe0,0x4bc2d0,
0x44bbe6,0x4bc2bc,
0x44bbf6,0x5dcf7c,
0x44bc02,0x4bc2c0,
0x44bc07,0x5dcf30,
0x44bc1a,0x5dcf7c,
0x44bc3a,0x535f74,
0x44bc42,0x4bc2c8,
0x44bc48,0x5dcf7c,
0x44bc57,0x5dcf7c,
0x44bc63,0x4bc2c0,
0x44bc68,0x5dcf7c,
0x44bc88,0x535f74,
0x44bc92,0x535f6c,
0x44bcda,0x4bc344,
0x44bce1,0x4bc320,
0x44bce9,0x4bc2c4,
0x44bcef,0x535f6c,
0x44bcf9,0x4bc2c8,
0x44bcff,0x5dcf7c,
0x44bd05,0x4bc2cc,
0x44bd0b,0x4bc2d0,
0x44bd11,0x4bc2f8,
0x44bd17,0x4bc2bc,
0x44bd28,0x5dcf7c,
0x44bd34,0x4bc2c0,
0x44bd39,0x5dcf30,
0x44bd4c,0x5dcf7c,
0x44bd6c,0x535f74,
0x44bd74,0x4bc2c8,
0x44bd7a,0x5dcf7c,
0x44bd88,0x5dcf7c,
0x44bd94,0x4bc2c0,
0x44bd9a,0x5dcf7c,
0x44bdba,0x535f74,
0x44bdff,0x6092f1,
0x44be04,0x6092f0,
0x44be0a,0x4bc1f0,
0x44be0f,0x4f2834,
0x44be22,0x6092fe,
0x44be27,0x6092fe,
0x44be2d,0x4f2833,
0x44be4d,0x4f2828,
0x44be57,0x6092fe,
0x44be62,0x4f2827,
0x44be82,0x4f2820,
0x44be8c,0x6092fe,
0x44be97,0x4f281f,
0x44beb7,0x4f2818,
0x44bec1,0x6092fe,
0x44becc,0x4f2817,
0x44bf15,0x4f2810,
0x44bf1f,0x6092fe,
0x44bf2a,0x4f280f,
0x44bf6f,0x4f2808,
0x44bf79,0x6092fe,
0x44bf84,0x4f2807,
0x44bfc2,0x4f2800,
0x44bfcc,0x6092fe,
0x44bfd7,0x4f27ff,
0x44c029,0x4f27f0,
0x44c033,0x6092fe,
0x44c03e,0x4f27ef,
0x44c070,0x4f2850,
0x44c08b,0x53da48,
0x44c0a9,0x536380,
0x44c0c1,0x4bc210,
0x44c0ec,0x4f285c,
0x44c0fb,0x53da48,
0x44c107,0x53da48,
0x44c117,0x53da68,
0x44c125,0x4f4764,
0x44c13d,0x4bc2a8,
0x44c144,0x53da50,
0x44c159,0x535f80,
0x44c15f,0x4bc234,
0x44c16c,0x535f80,
0x44c184,0x4f4740,
0x44c1b0,0x53da68,
0x44c1d3,0x53da48,
0x44c1de,0x4f2850,
0x44c1e4,0x53da48,
0x44c1ee,0x536758,
0x44c1f4,0x536380,
0x44c205,0x4bc2a8,
0x44c20b,0x53638c,
0x44c214,0x4f45e0,
0x44c223,0x535f80,
0x44c229,0x4bc234,
0x44c236,0x535f80,
0x44c245,0x53da50,
0x44c25d,0x53da50,
0x44c271,0x4bc288,
0x44c28c,0x4bc284,
0x44c29a,0x4bc280,
0x44c2b0,0x4bc1d8,
0x44c2d8,0x5363e4,
0x44c2e1,0x536834,
0x44c2e6,0x4f49d4,
0x44c2ed,0x4f49a0,
0x44c303,0x5363d8,
0x44c30f,0x4bc210,
0x44c315,0x5363e4,
0x44c32d,0x5363d8,
0x44c338,0x4bc2a8,
0x44c33e,0x53638c,
0x44c347,0x4f48a0,
0x44c356,0x535f80,
0x44c35c,0x4bc234,
0x44c369,0x535f80,
0x44c391,0x4bc288,
0x44c3ac,0x4bc284,
0x44c3ba,0x4bc280,
0x44c3d0,0x4bc1d8,
0x44c3f8,0x5363ec,
0x44c401,0x536834,
0x44c408,0x4f49e0,
0x44c41e,0x5363dc,
0x44c42a,0x4bc210,
0x44c430,0x5363ec,
0x44c448,0x5363dc,
0x44c453,0x4bc2a8,
0x44c459,0x53638c,
0x44c462,0x4f48a0,
0x44c471,0x535f80,
0x44c477,0x4bc234,
0x44c484,0x535f80,
0x44c4a2,0x536824,
0x44c4bb,0x539a38,
0x44c4d7,0x536824,
0x44c4de,0x536834,
0x44c4e4,0x4f4a38,
0x44c4fd,0x4f4a30,
0x44c504,0x4bc1d4,
0x44c51a,0x539a54,
0x44c520,0x539a3c,
0x44c531,0x539a50,
0x44c537,0x539a3c,
0x44c540,0x539a38,
0x44c549,0x4f4a30,
0x44c557,0x539a40,
0x44c563,0x539a44,
0x44c56c,0x539a4c,
0x44c578,0x539a48,
0x44c57e,0x539a44,
0x44c58b,0x539a48,
0x44c592,0x539a40,
0x44c59d,0x539a48,
0x44c5a6,0x539a58,
0x44c5ac,0x539a48,
0x44c5b2,0x539a54,
0x44c5dd,0x4bc1d4,
0x44c5ec,0x4f4a28,
0x44c61c,0x4f2860,
0x44c62a,0x4bc210,
0x44c63b,0x4f3320,
0x44c648,0x4f2860,
0x44c659,0x539a5c,
0x44c661,0x539a5c,
0x44c67b,0x4f4a30,
0x44c698,0x4bc1d4,
0x44c6a7,0x4f4a20,
0x44c6d7,0x4f2860,
0x44c6e5,0x4bc210,
0x44c6f6,0x4f3320,
0x44c703,0x4f2860,
0x44c714,0x539a60,
0x44c71c,0x539a60,
0x44c74e,0x4f4a18,
0x44c778,0x4f2860,
0x44c786,0x4bc210,
0x44c797,0x4f3320,
0x44c7a4,0x4f2860,
0x44c7b5,0x539a68,
0x44c7bd,0x539a68,
0x44c7ef,0x4f4a10,
0x44c819,0x4f2860,
0x44c827,0x4bc210,
0x44c838,0x4f3320,
0x44c845,0x4f2860,
0x44c85a,0x539a64,
0x44c868,0x539a64,
0x44c889,0x539a38,
0x44c8a3,0x536820,
0x44c8b2,0x53684c,
0x44c8f3,0x536820,
0x44c8fa,0x536834,
0x44c900,0x4f4a60,
0x44c91e,0x53da48,
0x44c92a,0x4bc210,
0x44c92f,0x53da68,
0x44c93f,0x53da48,
0x44c95b,0x53da50,
0x44c978,0x536838,
0x44c97e,0x53683c,
0x44c98c,0x53684c,
0x44c9a1,0x5365c8,
0x44c9a7,0x536840,
0x44c9b1,0x4f4a58,
0x44c9b8,0x4bc29c,
0x44c9c6,0x5368b4,
0x44c9d5,0x53da48,
0x44c9e1,0x4bc210,
0x44c9e6,0x53da68,
0x44c9fa,0x53da48,
0x44ca25,0x5365c8,
0x44ca2b,0x536840,
0x44ca31,0x536838,
0x44ca37,0x53683c,
0x44ca46,0x53da50,
0x44ca69,0x4bc284,
0x44ca98,0x4bc200,
0x44caa9,0x536834,
0x44caba,0x536834,
0x44cacc,0x4bc288,
0x44cae4,0x4bc280,
0x44cb3a,0x4f4ad4,
0x44cb41,0x4bc1d0,
0x44cb5c,0x53da48,
0x44cb67,0x53da68,
0x44cb73,0x4bc210,
0x44cb83,0x53da48,
0x44cbec,0x536608,
0x44cc11,0x536834,
0x44cc1c,0x4f49d4,
0x44cc21,0x4f4aac,
0x44cc3c,0x536834,
0x44cc47,0x4f49d4,
0x44cc4c,0x4f4a84,
0x44cc7b,0x53da50,
0x44cc99,0x4bc284,
0x44cca2,0x4bc200,
0x44ccc9,0x536834,
0x44ccda,0x536834,
0x44ccec,0x4bc288,
0x44cd04,0x4bc280,
0x44cd3b,0x4f4ba4,
0x44cd42,0x4bc1d0,
0x44cd54,0x4bc210,
0x44cd5b,0x4f2860,
0x44cd7a,0x4f3320,
0x44cdab,0x4bc200,
0x44cdb1,0x536834,
0x44cdc9,0x536834,
0x44cddf,0x4bc288,
0x44cdf7,0x4bc280,
0x44ce3b,0x4f4ad4,
0x44ce42,0x4bc1d0,
0x44ce53,0x53da48,
0x44ce5e,0x53da68,
0x44ce6a,0x4bc210,
0x44ce76,0x53da48,
0x44ce87,0x53da50,
0x44cedf,0x536854,
0x44ceea,0x536848,
0x44cef7,0x536850,
0x44cf28,0x4bc200,
0x44cf39,0x536834,
0x44cf4a,0x536834,
0x44cf5c,0x4bc288,
0x44cf74,0x4bc280,
0x44cfb5,0x536828,
0x44cfd2,0x53ae98,
0x44cfd8,0x53ae90,
0x44cff0,0x536828,
0x44cff9,0x536828,
0x44d00b,0x4f4a58,
0x44d011,0x53ae88,
0x44d018,0x53ae8c,
0x44d01f,0x4bc29c,
0x44d02f,0x4f4a28,
0x44d037,0x53ae94,
0x44d03d,0x4bc1d4,
0x44d04f,0x4f4a20,
0x44d067,0x4f2860,
0x44d082,0x4f3320,
0x44d08f,0x4f2860,
0x44d09c,0x4f4a30,
0x44d0cc,0x4f2860,
0x44d0e7,0x4f3320,
0x44d0f4,0x4f2860,
0x44d12f,0x53ae98,
0x44d135,0x53ae90,
0x44d14e,0x536828,
0x44d159,0x536828,
0x44d161,0x4f4a58,
0x44d167,0x53ae88,
0x44d16e,0x53ae8c,
0x44d175,0x4bc29c,
0x44d183,0x53ae94,
0x44d18e,0x536834,
0x44d194,0x4f49d4,
0x44d199,0x4f4b84,
0x44d1b3,0x536834,
0x44d1be,0x4f49d4,
0x44d1c3,0x4f4b60,
0x44d1de,0x4f49d4,
0x44d1e3,0x4f4b3c,
0x44d1fd,0x536834,
0x44d208,0x4f49d4,
0x44d20d,0x4f4b14,
0x44d228,0x536834,
0x44d22e,0x4f49d4,
0x44d233,0x4f4ae4,
0x44d26e,0x4f2860,
0x44d288,0x4ede60,
0x44d28d,0x4f49d4,
0x44d293,0x4bc23c,
0x44d2a1,0x4f49d4,
0x44d2a6,0x4f4bc0,
0x44d2c9,0x4bc264,
0x44d2ce,0x53da48,
0x44d2e3,0x4bc284,
0x44d2eb,0x53da68,
0x44d2f3,0x53da50,
0x44d306,0x4f4bb8,
0x44d30b,0x4f4bb4,
0x44d31b,0x4f4bbc,
0x44d374,0x4bc288,
0x44d3a6,0x4bc280,
0x44d3d3,0x4f4bac,
0x44d3e7,0x4ede60,
0x44d40c,0x4bc23c,
0x44d425,0x4bc264,
0x44d435,0x53da48,
0x44d467,0x4ede60,
0x44d46c,0x4f4c88,
0x44d472,0x53db4b,
0x44d479,0x53dca1,
0x44d480,0x53dca9,
0x44d487,0x53dc9e,
0x44d48e,0x53dc98,
0x44d495,0x53dc61,
0x44d49c,0x53dc62,
0x44d4a3,0x53dc63,
0x44d4aa,0x53dc64,
0x44d4b1,0x53dc65,
0x44d4b8,0x53dc66,
0x44d4bf,0x53dc67,
0x44d4c6,0x53db38,
0x44d4cd,0x53dca4,
0x44d4d4,0x53db50,
0x44d4db,0x536834,
0x44d4e5,0x4bc23c,
0x44d4f5,0x4f4c88,
0x44d4fa,0x4f4bc0,
0x44d526,0x4bc200,
0x44d537,0x536834,
0x44d548,0x536834,
0x44d55a,0x4bc288,
0x44d56b,0x4bc284,
0x44d576,0x4bc280,
0x44d5b2,0x4f4c80,
0x44d5b9,0x4bc1d0,
0x44d5c6,0x536834,
0x44d5cc,0x4f4c88,
0x44d5d1,0x4f4b84,
0x44d5e7,0x4f4c7c,
0x44d5ee,0x4bc204,
0x44d5fd,0x536834,
0x44d603,0x4f4c88,
0x44d608,0x4f4c58,
0x44d626,0x4f35a0,
0x44d630,0x4bc210,
0x44d641,0x4f3838,
0x44d64d,0x4f35a4,
0x44d66e,0x536834,
0x44d674,0x4f4c88,
0x44d679,0x4f4c2c,
0x44d68d,0x4bc1cc,
0x44d69f,0x4f4c7c,
0x44d6a7,0x4bc204,
0x44d6bb,0x4f3320,
0x44d6c9,0x4bc210,
0x44d6da,0x4f35a0,
0x44d6e6,0x536834,
0x44d6f1,0x4f4c88,
0x44d6f6,0x4f4c08,
0x44d710,0x53db30,
0x44d71b,0x4f3324,
0x44d723,0x536834,
0x44d72e,0x4f4c88,
0x44d733,0x4f4bdc,
0x44d752,0x4f3324,
0x44d758,0x53db30,
0x44d764,0x4bc264,
0x44d7ac,0x536758,
0x44d7bb,0x5363f0,
0x44d81c,0x4bd478,
0x44d845,0x4bd480,
0x44d95e,0x53da48,
0x44d96a,0x4bc210,
0x44d96f,0x53da68,
0x44d974,0x4f4c94,
0x44d983,0x53da48,
0x44d990,0x4f4c94,
0x44d99d,0x53682c,
0x44d9a4,0x536758,
0x44d9af,0x536818,
0x44d9b9,0x53681c,
0x44d9c6,0x53da50,
0x44d9e1,0x536820,
0x44d9f9,0x536840,
0x44da18,0x53da50,
0x44da21,0x536758,
0x44da33,0x5363f0,
0x44da83,0x4bd478,
0x44da93,0x536820,
0x44daa7,0x4f2864,
0x44dab8,0x4f3324,
0x44dac0,0x53681c,
0x44dacb,0x53da48,
0x44dad6,0x5363f0,
0x44dadb,0x5365c8,
0x44dae2,0x53da50,
0x44daea,0x53682c,
0x44daff,0x536758,
0x44db10,0x53da48,
0x44db20,0x536828,
0x44db30,0x53ae90,
0x44db36,0x4f2848,
0x44db8b,0x536828,
0x44db98,0x536820,
0x44dba7,0x5368b4,
0x44dbac,0x4f2848,
0x44dc5e,0x536820,
0x44dc79,0x53682c,
0x44dc80,0x53da50,
0x44dc8b,0x536758,
0x44dca5,0x5367c8,
0x44dcc1,0x53da48,
0x44dcde,0x536380,
0x44dce5,0x53da50,
0x44dcee,0x536758,
0x44dd0b,0x536770,
0x44dd19,0x5367c8,
0x44dd22,0x5365c8,
0x44dd28,0x536808,
0x44dd2e,0x53da50,
0x44dd34,0x53680c,
0x44dd3a,0x53da54,
0x44dd40,0x536810,
0x44dd46,0x53da58,
0x44dd4c,0x536814,
0x44dd5d,0x536838,
0x44dd69,0x539a38,
0x44dd75,0x53ae88,
0x44dd81,0x53da68,
0x44dd88,0x536758,
0x44dd92,0x53675c,
0x44dd97,0x536380,
0x44dd9c,0x536760,
0x44dda2,0x53da5c,
0x44dda7,0x536764,
0x44ddad,0x536820,
0x44ddb6,0x536824,
0x44ddbc,0x536828,
0x44ddc2,0x53682c,
0x44ddc8,0x536830,
0x44ddce,0x536834,
0x44ddd4,0x53da48,
0x44dddb,0x4f2848,
0x44dde5,0x53da60,
0x44ddea,0x536768,
0x44ddf0,0x4f2850,
0x44ddf4,0x4f5208,
0x44ddfa,0x4f2854,
0x44ddfe,0x4f2760,
0x44de04,0x4f2858,
0x44de08,0x4f53f8,
0x44de12,0x4f2848,
0x44de22,0x4f2848,
0x44de39,0x53db30,
0x44de41,0x4fe534,
0x44de4e,0x53681c,
0x44de56,0x536818,
0x44de5f,0x536818,
0x44de66,0x5367c8,
0x44de76,0x53db30,
0x44de83,0x536818,
0x44de8d,0x536818,
0x44de94,0x5367c8,
0x44dead,0x5367c8,
0x44deb4,0x536818,
0x44dec1,0x5dd360,
0x44dec7,0x4f4ca4,
0x44decc,0x53681c,
0x44dee8,0x5367c8,
0x44df68,0x536818,
0x44df76,0x53681c,
0x44df82,0x53eb30,
0x44df8c,0x53eb34,
0x44dfa1,0x53eb30,
0x44dfba,0x53eb30,
0x44dfc5,0x53eb34,
0x44dfd9,0x53eb30,
0x44dff5,0x53eb30,
0x44e00a,0x53eb34,
0x44e012,0x4f4ca4,
0x44e018,0x5dd360,
0x44e07d,0x44e414,
0x44e084,0x44e3f0,
0x44e09f,0x504bf0,
0x44e0aa,0x5dcec0,
0x44e0ba,0x4fe534,
0x44e0f6,0x654b8e,
0x44e132,0x44e4a8,
0x44e139,0x44e474,
0x44e141,0x53eb30,
0x44e153,0x53eb38,
0x44e169,0x53eb30,
0x44e173,0x53eb34,
0x44e181,0x53eb38,
0x44e193,0x54ac68,
0x44e1a0,0x54ac68,
0x44e1a6,0x53eb38,
0x44e1b0,0x54ac68,
0x44e1ba,0x53eb38,
0x44e1d0,0x53eb38,
0x44e1da,0x5367f9,
0x44e1e1,0x53eb38,
0x44e202,0x53eb38,
0x44e21e,0x53eb38,
0x44e250,0x53eb38,
0x44e26c,0x53eb38,
0x44e29e,0x53eb38,
0x44e2ba,0x53eb38,
0x44e2fd,0x53eb38,
0x44e32d,0x53eb38,
0x44e337,0x5dd360,
0x44e33d,0x4f4ca4,
0x44e35f,0x4f9e08,
0x44e369,0x5dcec0,
0x44e36f,0x5dd360,
0x44e375,0x5dd2cc,
0x44e382,0x4f4ca4,
0x44e389,0x5dd360,
0x44e397,0x5dd360,
0x44e39d,0x654b80,
0x44e3e8,0x53eb38,
0x44e3f0,0x44e0ff,
0x44e3f4,0x44e094,
0x44e3f8,0x44e0b8,
0x44e3fc,0x44e0cf,
0x44e400,0x44e0ed,
0x44e404,0x44e088,
0x44e408,0x44e0ff,
0x44e40c,0x44e0f4,
0x44e410,0x44e0fd,
0x44e474,0x44e1c2,
0x44e478,0x44e189,
0x44e47c,0x44e13d,
0x44e480,0x44e15b,
0x44e484,0x44e1d8,
0x44e488,0x44e1e9,
0x44e48c,0x44e20a,
0x44e490,0x44e226,
0x44e494,0x44e274,
0x44e498,0x44e2c2,
0x44e49c,0x44e305,
0x44e4a0,0x44e335,
0x44e4a4,0x44e3e6,
0x44e501,0x4fe194,
0x44e50f,0x53eb48,
0x44e521,0x53eb48,
0x44e52c,0x4f4ca8,
0x44e53b,0x4f4e9c,
0x44e546,0x4f56f0,
0x44e54b,0x608ee0,
0x44e553,0x4bc2a8,
0x44e56d,0x6090d4,
0x44e574,0x4fe194,
0x44e598,0x4f5014,
0x44e5a1,0x4f5016,
0x44e5aa,0x4f501a,
0x44e5b2,0x4f501e,
0x44e5b9,0x4f5020,
0x44e5c2,0x4f5056,
0x44e5cb,0x4f5058,
0x44e5d4,0x4f505a,
0x44e5dc,0x4f505c,
0x44e5e3,0x4f5064,
0x44e5ef,0x4bc234,
0x44e5f4,0x4f4c94,
0x44e607,0x4bc2a8,
0x44e611,0x4f5228,
0x44e62c,0x4f4c94,
0x44e63f,0x608ee0,
0x44e646,0x4f4ca8,
0x44e671,0x6092dc,
0x44e680,0x6092ec,
0x44e698,0x6092dc,
0x44e69e,0x6092ec,
0x44e6b5,0x6092d0,
0x44e6bd,0x6092d0,
0x44e6c4,0x6092d0,
0x44e6ca,0x6092e0,
0x44e6d0,0x6092d0,
0x44e6d6,0x6092e0,
0x44e6e0,0x6092d0,
0x44e701,0x53eb40,
0x44e707,0x53eb44,
0x44e723,0x608e60,
0x44e72b,0x53eb40,
0x44e734,0x53eb40,
0x44e73c,0x53eb40,
0x44e768,0x4bc350,
0x44e79e,0x44e900,
0x44e7a6,0x4f4ea0,
0x44e7b4,0x4bc2d8,
0x44e7c4,0x4bc1cc,
0x44e7da,0x4bc2d4,
0x44e7f2,0x4bc2d4,
0x44e80a,0x4bc2d4,
0x44e81f,0x53eb44,
0x44e827,0x608e60,
0x44e830,0x53eb44,
0x44e838,0x53eb44,
0x44e846,0x53eb40,
0x44e854,0x53eb40,
0x44e85c,0x53eb40,
0x44e892,0x4bc338,
0x44e8ab,0x4bc350,
0x44e8ba,0x4bc34c,
0x44e8e6,0x53eb44,
0x44e8f0,0x53eb40,
0x44e900,0x44e7a2,
0x44e904,0x44e868,
0x44e908,0x44e874,
0x44e90c,0x44e874,
0x44e910,0x44e7a2,
0x44e914,0x44e868,
0x44e94d,0x44ea98,
0x44e955,0x4f4ea0,
0x44e963,0x4bc2d8,
0x44e973,0x4bc1cc,
0x44e989,0x4bc2d4,
0x44e9a1,0x4bc2d4,
0x44e9b9,0x4bc2d4,
0x44e9ce,0x53eb44,
0x44e9d6,0x608e60,
0x44e9df,0x53eb44,
0x44e9e7,0x53eb44,
0x44e9f5,0x53eb40,
0x44ea03,0x53eb40,
0x44ea0b,0x53eb40,
0x44ea41,0x4bc338,
0x44ea5a,0x4bc350,
0x44ea69,0x4bc34c,
0x44ea98,0x44e951,
0x44ea9c,0x44ea17,
0x44eaa0,0x44ea23,
0x44eaa4,0x44ea23,
0x44eaa8,0x44e951,
0x44eaac,0x44ea17,
0x44ead7,0x4f50a0,
0x44eb08,0x6092e0,
0x44eb18,0x6092e0,
0x44eb1e,0x6092d0,
0x44eb3e,0x6092e0,
0x44eb45,0x6092e0,
0x44eb5d,0x44ec40,
0x44eb64,0x44ec24,
0x44eb6e,0x6092ec,
0x44eb87,0x6092ec,
0x44eb8d,0x6092dc,
0x44eb95,0x6092dc,
0x44eb9f,0x6092ec,
0x44ebb1,0x6092ec,
0x44ebc6,0x6092ec,
0x44ebcc,0x6092dc,
0x44ebd4,0x6092dc,
0x44ebde,0x6092ec,
0x44ebf0,0x6092ec,
0x44ec05,0x6092ec,
0x44ec0b,0x6092dc,
0x44ec15,0x6092ec,
0x44ec24,0x44ebab,
0x44ec28,0x44eb68,
0x44ec2c,0x44eb68,
0x44ec30,0x44ebea,
0x44ec34,0x44ebab,
0x44ec38,0x44ebea,
0x44ec3c,0x44ec1d,
0x44eca5,0x6092e0,
0x44ecab,0x6092d0,
0x44ecb0,0x6092e4,
0x44ecb6,0x6092d4,
0x44ecbb,0x6092e8,
0x44ecc1,0x6092d8,
0x44ecc6,0x6092ec,
0x44eccc,0x6092dc,
0x44ece8,0x5dcf7c,
0x44ecf5,0x53eb4c,
0x44ecfb,0x53eb4c,
0x44ed05,0x5dcf7c,
0x44ed12,0x53eb4c,
0x44ed24,0x4f5238,
0x44ed2d,0x53eb50,
0x44ed32,0x53eb54,
0x44ed37,0x53eb58,
0x44ed3c,0x53eb5c,
0x44ed41,0x53eb60,
0x44ed46,0x53eb64,
0x44ed4b,0x53eb68,
0x44ed6a,0x4c2728,
0x44ed8e,0x4c2728,
0x44ed9d,0x4c2908,
0x44edaa,0x4f5344,
0x44edb9,0x4c2908,
0x44edc1,0x4f5344,
0x44edce,0x53eb54,
0x44edd3,0x53eb54,
0x44ede6,0x53eb54,
0x44edeb,0x4c2728,
0x44ee02,0x53eb58,
0x44ee0b,0x536770,
0x44ee11,0x536780,
0x44ee17,0x536778,
0x44ee1d,0x53eb50,
0x44ee23,0x4c296c,
0x44ee2d,0x4c2964,
0x44ee37,0x4c2974,
0x44ee41,0x4c2970,
0x44ee4b,0x4c2968,
0x44ee55,0x4c2978,
0x44ee60,0x536787,
0x44ee67,0x536788,
0x44ee6e,0x536789,
0x44ee75,0x53678a,
0x44ee7c,0x53678b,
0x44ef64,0x4bd8bc,
0x44ef73,0x4bd8c0,
0x44ef7b,0x4bd8c4,
0x44ef88,0x4bd8c8,
0x44ef93,0x4bd8cc,
0x44efa3,0x4bd8d0,
0x44efb3,0x4bd8d4,
0x44efbd,0x536770,
0x44f01f,0x4bd8d8,
0x44f036,0x4bd8dc,
0x44f04a,0x4bd8d4,
0x44f054,0x536778,
0x44f066,0x53eb50,
0x44f096,0x53eb50,
0x44f0bd,0x53eb50,
0x44f0c2,0x536770,
0x44f0cf,0x536787,
0x44f0dd,0x536788,
0x44f0eb,0x536789,
0x44f0f6,0x4c2728,
0x44f0fc,0x53678a,
0x44f103,0x53eb58,
0x44f110,0x53eb58,
0x44f118,0x536770,
0x44f11e,0x536780,
0x44f124,0x536778,
0x44f12e,0x4c296c,
0x44f138,0x4c2964,
0x44f142,0x4c2974,
0x44f14c,0x4c2970,
0x44f156,0x4c2968,
0x44f160,0x4c2978,
0x44f16f,0x4c2728,
0x44f176,0x53eb58,
0x44f18a,0x4bd8bc,
0x44f199,0x4bd8c0,
0x44f1a0,0x4bd8c4,
0x44f1ad,0x4bd8c8,
0x44f21f,0x4f5340,
0x44f225,0x4f5340,
0x44f22b,0x4bd8b8,
0x44f238,0x4f5340,
0x44f241,0x5367d1,
0x44f24a,0x5367d0,
0x44f256,0x5367d9,
0x44f260,0x5367da,
0x44f26a,0x5367cc,
0x44f270,0x4bd8b8,
0x44f276,0x4bd8b8,
0x44f27e,0x4bd8e4,
0x44f284,0x4bd8b8,
0x44f28a,0x4bd8b8,
0x44f298,0x5367d4,
0x44f29e,0x4bd8e4,
0x44f2ac,0x53eb5c,
0x44f2b4,0x53eb60,
0x44f2ba,0x53eb64,
0x44f2c0,0x53eb68,
0x44f2d3,0x53eb5c,
0x44f2d9,0x53eb5c,
0x44f2df,0x4bd8e8,
0x44f2ec,0x53eb5c,
0x44f2f6,0x53eb5c,
0x44f2fc,0x4bd8ec,
0x44f302,0x4bd8f0,
0x44f308,0x4bd8f4,
0x44f31c,0x53eb5c,
0x44f325,0x5367d1,
0x44f333,0x53eb60,
0x44f339,0x53eb60,
0x44f33f,0x4bd8e8,
0x44f34c,0x53eb60,
0x44f356,0x53eb60,
0x44f35c,0x4bd8ec,
0x44f362,0x4bd8f0,
0x44f368,0x4bd8f8,
0x44f37c,0x53eb60,
0x44f385,0x5367d9,
0x44f393,0x53eb64,
0x44f399,0x53eb64,
0x44f39f,0x4bd8e8,
0x44f3ac,0x53eb64,
0x44f3b6,0x53eb64,
0x44f3bc,0x4bd8ec,
0x44f3c4,0x4bd8fc,
0x44f3d2,0x53eb64,
0x44f3db,0x5367da,
0x44f3e9,0x53eb68,
0x44f3ef,0x53eb68,
0x44f3f5,0x4bd8e8,
0x44f402,0x53eb68,
0x44f40c,0x53eb68,
0x44f412,0x4bd8ec,
0x44f422,0x53eb68,
0x44f42b,0x5367d1,
0x44f434,0x5367d0,
0x44f443,0x5367da,
0x44f44c,0x5367d9,
0x44f462,0x4bd900,
0x44f480,0x4bd904,
0x44f49e,0x4bd900,
0x44f4b7,0x4bd904,
0x44f4cb,0x5367e6,
0x44f4d8,0x5367e7,
0x44f4e5,0x5367e9,
0x44f4fd,0x5367ea,
0x44f50f,0x5367eb,
0x44f549,0x5367e8,
0x44f55b,0x4bd8fc,
0x44f581,0x5367f9,
0x44f596,0x5367f9,
0x44f5a5,0x5367e3,
0x44f5ab,0x5367e4,
0x44f5c3,0x5367e5,
0x44f646,0x5367ec,
0x44f654,0x5367ed,
0x44f66b,0x5367ee,
0x44f6af,0x5367ef,
0x44f6c3,0x5367f0,
0x44f6eb,0x5367f1,
0x44f6ff,0x5367f2,
0x44f713,0x5367f3,
0x44f727,0x5367f4,
0x44f747,0x5367f5,
0x44f751,0x4f5340,
0x44f757,0x4bd8b8,
0x44f77a,0x4f5340,
0x44f783,0x5367f6,
0x44f78d,0x4f5340,
0x44f793,0x4bd8b8,
0x44f7b6,0x4f5340,
0x44f7bf,0x5367f7,
0x44f7d5,0x5367f8,
0x44f7e9,0x5367fa,
0x44f7fd,0x5367fb,
0x44f808,0x5367fb,
0x44f816,0x5367fc,
0x44f839,0x536788,
0x44f840,0x536789,
0x44f847,0x53678a,
0x44f854,0x536787,
0x44f85b,0x53678b,
0x44f89d,0x4f5238,
0x44f8ab,0x4f5248,
0x44f8c0,0x44ff40,
0x44f8ce,0x4f5258,
0x44f8df,0x4f524c,
0x44f8f0,0x4f5240,
0x44f901,0x4f5244,
0x44f912,0x4f5250,
0x44f927,0x4f5254,
0x44f93d,0x4f5278,
0x44f94e,0x4f526c,
0x44f95f,0x4f5260,
0x44f970,0x4f5264,
0x44f981,0x4f5270,
0x44f996,0x4f5274,
0x44f9ac,0x4f5298,
0x44f9bd,0x4f528c,
0x44f9ce,0x4f5280,
0x44f9df,0x4f5284,
0x44f9f0,0x4f5290,
0x44fa05,0x4f5294,
0x44fa1b,0x4f52b8,
0x44fa2c,0x4f52ac,
0x44fa3d,0x4f52a0,
0x44fa4e,0x4f52a4,
0x44fa5f,0x4f52b0,
0x44fa74,0x4f52b4,
0x44fa8a,0x4f52d8,
0x44fa9b,0x4f52cc,
0x44faac,0x4f52c0,
0x44fabd,0x4f52c4,
0x44facb,0x4f52d0,
0x44fad9,0x4f52d4,
0x44faec,0x4f52f8,
0x44fafa,0x4f52ec,
0x44fb08,0x4f52e0,
0x44fb16,0x4f52e4,
0x44fb24,0x4f52f0,
0x44fb32,0x4f52f4,
0x44fc05,0x4bd8bc,
0x44fc14,0x4bd8c0,
0x44fc1c,0x4bd8c4,
0x44fc29,0x4bd8c8,
0x44fc34,0x4bd8cc,
0x44fc44,0x4bd8d0,
0x44fc54,0x4bd8d4,
0x44fc5e,0x536770,
0x44fcb6,0x4bd8bc,
0x44fcc5,0x4bd8c0,
0x44fccd,0x4bd8c4,
0x44fcda,0x4bd8c8,
0x44fce0,0x4bd8d8,
0x44fcf1,0x4bd8dc,
0x44fd02,0x4bd8d4,
0x44fd0c,0x536778,
0x44fd1a,0x4f5238,
0x44fd27,0x44ff60,
0x44fd2d,0x536770,
0x44fd37,0x536780,
0x44fd41,0x536778,
0x44fd50,0x536770,
0x44fd5a,0x536780,
0x44fd64,0x536778,
0x44fd75,0x536778,
0x44fd7e,0x536770,
0x44fd83,0x536780,
0x44fd90,0x536778,
0x44fd99,0x536770,
0x44fd9e,0x536780,
0x44fda9,0x536770,
0x44fdb3,0x536780,
0x44fdbd,0x536778,
0x44fdc9,0x536770,
0x44fdd3,0x536780,
0x44fddd,0x536778,
0x44fde9,0x536770,
0x44fdf3,0x536780,
0x44fdfd,0x536778,
0x44fe09,0x536770,
0x44fe13,0x536780,
0x44fe1d,0x536778,
0x44fe2a,0x4f5238,
0x44fe30,0x5367a4,
0x44fe56,0x4f5238,
0x44feaa,0x4f5238,
0x44ff08,0x536787,
0x44ff16,0x536788,
0x44ff24,0x536789,
0x44ff32,0x53678a,
0x44ff40,0x44f8c4,
0x44ff44,0x44f930,
0x44ff48,0x44f99f,
0x44ff4c,0x44fa0e,
0x44ff50,0x44fa7d,
0x44ff54,0x44fadf,
0x44ff58,0x44fb38,
0x44ff5c,0x44fb38,
0x44ff60,0x44fd2b,
0x44ff64,0x44fd4e,
0x44ff68,0x44fd71,
0x44ff6c,0x44fd8c,
0x44ff70,0x44fda7,
0x44ff74,0x44fdc7,
0x44ff78,0x44fde7,
0x44ff7c,0x44fe07,
0x44ff82,0x4bc378,
0x44ffab,0x4bc37c,
0x44ffb9,0x4bc2a8,
0x44ffbe,0x4f54bc,
0x44ffcc,0x4bc2a8,
0x44ffd4,0x4f5350,
0x44ffdb,0x4f54a8,
0x44ffe6,0x4f5354,
0x44ffeb,0x4bc2a8,
0x44fff5,0x4f5494,
0x450001,0x4bc2a8,
0x450009,0x4f5358,
0x450010,0x4f5484,
0x45001c,0x4bc2a8,
0x450024,0x4f535c,
0x45002b,0x4f5470,
0x450036,0x4f5360,
0x45003b,0x4bc2a8,
0x450045,0x4f545c,
0x450051,0x4bc2a8,
0x450059,0x4f5364,
0x450060,0x4f5444,
0x45006c,0x4bc2a8,
0x450074,0x4f53a8,
0x45007b,0x4f543c,
0x450086,0x4f53bc,
0x45008b,0x4bc2a8,
0x450095,0x4f5430,
0x4500a1,0x4bc2a8,
0x4500a9,0x4f53c0,
0x4500b0,0x4f5424,
0x4500bc,0x4bc2a8,
0x4500c4,0x4f53c4,
0x4500cb,0x4f5418,
0x4500d9,0x4f53c8,
0x450195,0x4bc2a8,
0x45019e,0x4f54fc,
0x4501b2,0x4bc234,
0x4501c3,0x4f54f0,
0x4501ca,0x4bc234,
0x4501dd,0x4f5350,
0x4501e8,0x4f5368,
0x4501ee,0x4f5354,
0x4501fd,0x4f5370,
0x45020c,0x4f54e8,
0x450213,0x4bc210,
0x45021f,0x4f53a8,
0x450229,0x4f53b0,
0x450231,0x4f5358,
0x45023b,0x4f5380,
0x45024d,0x4f535c,
0x450257,0x4f5390,
0x450265,0x4f5360,
0x45026f,0x4f5398,
0x45027d,0x4f5364,
0x450287,0x4f53a0,
0x4502d3,0x4bc2a8,
0x4502d9,0x4f54dc,
0x4502ef,0x4bc234,
0x4502fa,0x4f54d0,
0x450301,0x4bc234,
0x45033a,0x4f53bc,
0x45034c,0x4f53d0,
0x450352,0x4f53c0,
0x45035c,0x4f53d8,
0x450362,0x4f53c4,
0x45036d,0x4f53e8,
0x450373,0x4f53c8,
0x45037e,0x4f53f0,
0x4504c2,0x4bc37c,
0x4504f0,0x4bc384,
0x45051e,0x4bd910,
0x45052b,0x4bd918,
0x45053b,0x4bd920,
0x450564,0x4bd910,
0x450571,0x4bd918,
0x450581,0x4bd920,
0x4505be,0x4bd910,
0x4505cb,0x4bd918,
0x4505db,0x4bd920,
0x45061d,0x4bd910,
0x45062a,0x4bd928,
0x45063a,0x4bd920,
0x45067c,0x4bd910,
0x450689,0x4bd918,
0x450699,0x4bd920,
0x4506db,0x4bd910,
0x4506e8,0x4bd918,
0x4506f8,0x4bd920,
0x4508a1,0x4bc2c8,
0x4508a7,0x5dcf7c,
0x4508e1,0x4bc384,
0x4508f4,0x450be8,
0x4508fb,0x450bd0,
0x450900,0x4f557c,
0x450917,0x4f5554,
0x45092e,0x4f553c,
0x450945,0x4f5520,
0x4509d3,0x4bd930,
0x450a1a,0x4bd930,
0x450a6f,0x4bd930,
0x450ac3,0x4bd930,
0x450b14,0x4bd930,
0x450b65,0x4bd930,
0x450bac,0x4f5508,
0x450bd0,0x45095b,
0x450bd4,0x45092d,
0x450bd8,0x4508ff,
0x450bdc,0x450916,
0x450be0,0x450944,
0x450be4,0x450bab,
0x450cab,0x4bc234,
0x450cb1,0x4f5638,
0x450cb6,0x53ebb0,
0x450cbe,0x4bc000,
0x450ccf,0x53ebb0,
0x450ce0,0x4f5600,
0x450cfd,0x4f55ec,
0x450d02,0x53ebb0,
0x450d11,0x4bc008,
0x450d1f,0x53eb70,
0x450d27,0x53ebb0,
0x450d4b,0x4bc004,
0x450d50,0x53eb70,
0x450d55,0x4f5598,
0x450d5a,0x53ebb0,
0x450d6c,0x53ebb0,
0x450d8b,0x53eb70,
0x450d92,0x4f5590,
0x450db1,0x53eb70,
0x450db8,0x4bc28c,
0x450dc6,0x4bc004,
0x450de8,0x4bc1d4,
0x450df7,0x4f56e4,
0x450e0a,0x4f54e8,
0x450e13,0x4f54ec,
0x450e20,0x4f56d8,
0x450e5a,0x4f56c8,
0x450e86,0x4f56b8,
0x450eb3,0x4f56ac,
0x450ebe,0x4f56b0,
0x450ec7,0x4f56b4,
0x450ed9,0x4f56a4,
0x450ee2,0x4f56a8,
0x450ef3,0x4f5698,
0x450efe,0x4f569c,
0x450f06,0x4f56a0,
0x450f18,0x4f568c,
0x450f24,0x4f5690,
0x450f2c,0x4f5694,
0x450f49,0x53fcb0,
0x450f50,0x451a10,
0x450f58,0x540d98,
0x450f5e,0x540d9c,
0x450f64,0x540d8c,
0x450f6a,0x53fd78,
0x450f77,0x451a70,
0x450fa2,0x540d9c,
0x450fb5,0x53ecb0,
0x450fbc,0x540d9c,
0x450fc4,0x540d98,
0x450fd7,0x53fd88,
0x450fde,0x540d98,
0x451037,0x540d98,
0x451047,0x4f58e4,
0x451055,0x4bc20c,
0x45105b,0x540d98,
0x451077,0x53fd78,
0x451084,0x53fd88,
0x4510a2,0x53fcb0,
0x4510f5,0x4bdf28,
0x451135,0x540d98,
0x4511d0,0x4f5978,
0x451213,0x4f5970,
0x45124a,0x4bc28c,
0x451269,0x53ecb0,
0x451278,0x53fd88,
0x451290,0x541028,
0x4512b7,0x4c2020,
0x4512f7,0x4f5948,
0x451342,0x4f590c,
0x451387,0x53fd84,
0x45138d,0x540d94,
0x4513a4,0x540d8c,
0x4513e2,0x4f5970,
0x451419,0x4bc28c,
0x451435,0x53ecb0,
0x451444,0x53fd88,
0x45145b,0x4c2020,
0x45149d,0x4f5948,
0x4514ea,0x4f590c,
0x451515,0x53fd84,
0x45151b,0x540d94,
0x45154f,0x53fd88,
0x451567,0x53fd7c,
0x45157a,0x540d8c,
0x451591,0x53fd7c,
0x451597,0x4bdf30,
0x4515ae,0x540d8c,
0x4515b8,0x540d90,
0x4515cd,0x540d88,
0x451606,0x540d9c,
0x451629,0x53ece0,
0x45167f,0x4bdf38,
0x4516a1,0x540d94,
0x4516ba,0x53fd84,
0x4516c0,0x4bdf40,
0x4516cd,0x540d94,
0x4516da,0x53fd84,
0x4516ef,0x53fd84,
0x4516f5,0x540d94,
0x451788,0x540d8c,
0x45178d,0x540d90,
0x45179f,0x540d88,
0x4517c2,0x540d98,
0x4517cf,0x4f58e4,
0x4517dd,0x4bc20c,
0x4517e3,0x540d98,
0x4517f9,0x53fd78,
0x451805,0x53fd88,
0x451823,0x53fcb0,
0x451876,0x4bdf28,
0x451901,0x540d8c,
0x451911,0x540d88,
0x451918,0x540d90,
0x451951,0x540d8c,
0x451962,0x540d98,
0x451972,0x53fd78,
0x45197d,0x53fcb0,
0x451992,0x53fd80,
0x45199d,0x53fd80,
0x4519b2,0x53fd80,
0x4519c1,0x53fcb0,
0x4519c8,0x53fd78,
0x4519d2,0x53fd80,
0x4519e4,0x53fcb0,
0x4519f9,0x53fd80,
0x451a05,0x53fd80,
0x451a26,0x53fd78,
0x451a31,0x53fcb0,
0x451a4a,0x53fcb0,
0x451a51,0x53fd78,
0x451a58,0x4f5998,
0x451a69,0x53fcb0,
0x451a86,0x53fd78,
0x451a91,0x53fcb0,
0x451aa9,0x53fcb0,
0x451ab7,0x53fd78,
0x451ac7,0x4f5a94,
0x451acd,0x4f5a98,
0x451b33,0x609324,
0x451b38,0x4f59c8,
0x451b45,0x609324,
0x451b50,0x540da0,
0x451b5b,0x540fe8,
0x451b75,0x540da8,
0x451b82,0x540dc0,
0x451b87,0x540dc4,
0x451b92,0x4bc234,
0x451ba0,0x540dc2,
0x451ba5,0x4f5a6c,
0x451bad,0x609324,
0x451bc1,0x540dc0,
0x451bc6,0x540dc4,
0x451bd2,0x540dc2,
0x451be0,0x540da8,
0x451be9,0x4f5a58,
0x451bf1,0x609324,
0x451c2d,0x540da0,
0x451c3f,0x4c2130,
0x451c44,0x540dc0,
0x451d32,0x4c2150,
0x451d49,0x4529f0,
0x451d51,0x540da8,
0x451d57,0x4bc1e8,
0x451d6c,0x540dc2,
0x451de0,0x540da0,
0x451ded,0x4f5a30,
0x451df9,0x4f5a08,
0x451e00,0x4bc234,
0x451e07,0x609324,
0x451e2f,0x540dc0,
0x451e3d,0x540da0,
0x451e73,0x4f59f0,
0x451e89,0x540da0,
0x451ead,0x4f59d8,
0x451ed0,0x4f59d8,
0x451edb,0x609324,
0x451f11,0x609324,
0x451f33,0x540da8,
0x451f40,0x540dc0,
0x451f45,0x540dc4,
0x451f50,0x4bc234,
0x451f5e,0x540dc2,
0x451f65,0x4f5a6c,
0x451f6d,0x609324,
0x451f81,0x540dc0,
0x451f86,0x540dc4,
0x451f92,0x540dc2,
0x451fa0,0x540da8,
0x451fa9,0x4f5a58,
0x451fb1,0x609324,
0x451fee,0x540da0,
0x452000,0x4c2130,
0x452005,0x540dc0,
0x4520f3,0x4c2150,
0x45210a,0x4529f0,
0x452112,0x540da8,
0x452118,0x4bc1e8,
0x45212b,0x540dc2,
0x45219f,0x540da0,
0x4521ac,0x4f5a30,
0x4521b8,0x4f5a08,
0x4521bf,0x4bc234,
0x4521c6,0x609324,
0x4521ee,0x540dc0,
0x4521fc,0x540da0,
0x452232,0x4f59f0,
0x452248,0x540da0,
0x45226c,0x4f59d8,
0x45228f,0x4f59d8,
0x45229a,0x609324,
0x4522d3,0x540fec,
0x4522e5,0x540fe8,
0x4522ef,0x540da0,
0x4522f9,0x609324,
0x45230d,0x540fe8,
0x452317,0x540fec,
0x452322,0x540fe8,
0x452328,0x540da0,
0x452333,0x609324,
0x452346,0x540fe8,
0x45234c,0x540fec,
0x452376,0x540ff0,
0x4523a3,0x540fe8,
0x4523a9,0x540da0,
0x4523b3,0x609324,
0x4523c3,0x609324,
0x4523cc,0x540fe8,
0x4523e7,0x540da8,
0x4523f4,0x540dc0,
0x4523f9,0x540dc4,
0x452404,0x4bc234,
0x452412,0x540dc2,
0x452417,0x4f5a6c,
0x452420,0x609324,
0x452433,0x540dc0,
0x452439,0x540dc4,
0x452445,0x540dc2,
0x452452,0x540da8,
0x45245b,0x4f5a58,
0x452464,0x609324,
0x45247b,0x540ff0,
0x45248e,0x540ff0,
0x45249c,0x540fe8,
0x4524a2,0x540da0,
0x4524ad,0x609324,
0x4524c0,0x540fe8,
0x4524c6,0x540ff0,
0x4524e9,0x4f5a9c,
0x4524ef,0x4bc270,
0x4524f7,0x4edf28,
0x4524fc,0x4f5a9c,
0x452502,0x4bc23c,
0x45252a,0x4bc1ec,
0x452617,0x4bc1ec,
0x452703,0x541024,
0x452722,0x4bc3ac,
0x45273e,0x4bc1c8,
0x45274e,0x504c28,
0x452762,0x4bc1ec,
0x4527a6,0x4bc1ec,
0x4527cb,0x4bc3ac,
0x45286e,0x541024,
0x4528a5,0x4bc1c8,
0x4528b4,0x504c28,
0x4528cc,0x4bc1ec,
0x4528f5,0x4bc264,
0x452911,0x609324,
0x452920,0x609324,
0x452a0b,0x4bc1c4,
0x452a47,0x540da0,
0x452a59,0x4c2130,
0x452a5e,0x540dc0,
0x452b4c,0x4c2150,
0x452b63,0x4529f0,
0x452b6b,0x540da8,
0x452b71,0x4bc1e8,
0x452b84,0x540dc2,
0x452bf8,0x540da0,
0x452c05,0x4f5a30,
0x452c11,0x4f5a08,
0x452c18,0x4bc234,
0x452c1f,0x609324,
0x452c47,0x540dc0,
0x452c55,0x540da0,
0x452c8b,0x4f59f0,
0x452ca1,0x540da0,
0x452cc5,0x4f59d8,
0x452ce8,0x4f59d8,
0x452cf3,0x609324,
0x452d21,0x541030,
0x452d35,0x541030,
0x452d4d,0x541030,
0x452d56,0x541034,
0x452d5c,0x4f5aa8,
0x452d66,0x541014,
0x452d6f,0x609320,
0x452d75,0x541024,
0x452d7c,0x541028,
0x452d82,0x541000,
0x452dbc,0x540ff4,
0x452dc8,0x540ff8,
0x452dd6,0x541018,
0x452de4,0x541010,
0x452df1,0x540ff8,
0x452e01,0x541018,
0x452e11,0x541010,
0x452e21,0x609320,
0x452e33,0x541028,
0x452e42,0x541028,
0x452e66,0x541028,
0x452e74,0x4c2020,
0x452e93,0x4c2020,
0x452eaf,0x541028,
0x452eb5,0x541024,
0x452ec6,0x4bc3b0,
0x452ece,0x4c2020,
0x452ef6,0x540ffc,
0x452f01,0x541004,
0x452f0b,0x54102c,
0x452f27,0x609320,
0x452f42,0x4bc39c,
0x452f5d,0x541024,
0x452ffa,0x541028,
0x453002,0x609320,
0x4530f1,0x541028,
0x45311b,0x541028,
0x45313f,0x54102c,
0x453148,0x54102c,
0x45317b,0x540ffc,
0x453180,0x609320,
0x453193,0x540ffc,
0x453199,0x4bdf48,
0x4531aa,0x541028,
0x4531b1,0x54102c,
0x4531ce,0x541028,
0x4531e0,0x541028,
0x4531f9,0x541028,
0x45320f,0x541028,
0x45321e,0x541024,
0x453226,0x4bc3a0,
0x453244,0x540ffc,
0x45324a,0x4bdf4c,
0x45325c,0x541004,
0x453262,0x4bdf50,
0x453279,0x541004,
0x453291,0x54102c,
0x4532a0,0x54102c,
0x4532ab,0x541028,
0x4532c7,0x541034,
0x4532eb,0x4f5aa8,
0x4532f1,0x4bdf44,
0x4532fe,0x4f5aa8,
0x453304,0x541038,
0x45330a,0x4f5aa8,
0x453310,0x4bdf54,
0x453326,0x541034,
0x45332b,0x609320,
0x453339,0x4bc39c,
0x45333f,0x4bc234,
0x453358,0x541024,
0x453416,0x4bc2a8,
0x453425,0x4f5ac8,
0x453458,0x541028,
0x453460,0x609320,
0x4534a2,0x4bc2a8,
0x4534ac,0x4f5aac,
0x453696,0x4bdf58,
0x4536c5,0x54102c,
0x4536e4,0x54102c,
0x4536fa,0x609320,
0x453707,0x541034,
0x453715,0x541014,
0x45371b,0x4bdf44,
0x45372d,0x541014,
0x453771,0x4bdf4c,
0x45377f,0x4bdf50,
0x453798,0x4bdf58,
0x4537b2,0x541014,
0x4537cc,0x541014,
0x4537d7,0x541014,
0x4537fd,0x54101c,
0x45380b,0x541020,
0x453811,0x541008,
0x45382d,0x541018,
0x453864,0x4f5aa8,
0x45386d,0x541030,
0x453872,0x541034,
0x4538ac,0x54101c,
0x45390a,0x54101c,
0x45391a,0x54101c,
0x453937,0x54101c,
0x453953,0x54101c,
0x453961,0x54101c,
0x453974,0x54101c,
0x45398f,0x541008,
0x45399b,0x54100c,
0x4539a2,0x541020,
0x4539da,0x541020,
0x4539f1,0x541020,
0x4539fb,0x54101c,
0x453a04,0x541008,
0x453a10,0x4f5c38,
0x453a5b,0x4f5c48,
0x453a61,0x54101c,
0x453a69,0x54101c,
0x453a75,0x54100e,
0x453a93,0x541000,
0x453aa1,0x541000,
0x453ab2,0x541000,
0x453ad2,0x541040,
0x453ad9,0x541040,
0x453adf,0x541048,
0x453aee,0x541054,
0x453b01,0x609314,
0x453b20,0x541040,
0x453b2e,0x541054,
0x453b38,0x541058,
0x453b4b,0x541040,
0x453b54,0x541048,
0x453b60,0x4bc2a8,
0x453b65,0x4f5ae4,
0x453b7c,0x4bc234,
0x453b8a,0x504c28,
0x453b91,0x4bc234,
0x453ba1,0x609314,
0x453bc7,0x4f5a94,
0x453bcd,0x4f5a98,
0x453c1f,0x4f5a98,
0x453c27,0x60931c,
0x453c2c,0x4f5a94,
0x453c71,0x4f5a98,
0x453c79,0x609314,
0x453c7e,0x4f5a94,
0x453cc0,0x453f50,
0x453ccd,0x609318,
0x453cd5,0x541050,
0x453cdb,0x54104c,
0x453ce0,0x541054,
0x453ce5,0x541058,
0x453cea,0x541040,
0x453d22,0x4bc2a8,
0x453d2c,0x4f5afc,
0x453d43,0x4bc234,
0x453d4e,0x4bc2a8,
0x453d53,0x4f5af4,
0x453d89,0x609318,
0x453d99,0x609318,
0x453da1,0x504c28,
0x453dad,0x609314,
0x453dbe,0x609318,
0x453dce,0x609318,
0x453de3,0x54104c,
0x453e13,0x4bc2a8,
0x453e18,0x4f5b10,
0x453e51,0x4bc2a8,
0x453e5b,0x4f5b04,
0x453e72,0x4bc234,
0x453ea2,0x4bc1c0,
0x453ea8,0x60931c,
0x453ebb,0x60931c,
0x453ec3,0x504c28,
0x453ee1,0x60931c,
0x453ef1,0x60931c,
0x453f06,0x541050,
0x453f11,0x60931c,
0x453f1d,0x609314,
0x453f2c,0x609318,
0x453f3f,0x541040,
0x453f44,0x60931c,
0x453f49,0x609318,
0x453f51,0x609318,
0x453f66,0x609314,
0x453f77,0x609318,
0x453f8f,0x54104c,
0x453fa3,0x54104c,
0x453fc9,0x4bc2a8,
0x453fce,0x4f5b10,
0x454007,0x4bc2a8,
0x454011,0x4f5b04,
0x454028,0x4bc234,
0x454054,0x4bc1c0,
0x45405a,0x60931c,
0x45406e,0x60931c,
0x454076,0x504c28,
0x454097,0x541070,
0x4540a3,0x541068,
0x4540ae,0x5414f0,
0x4540b5,0x541024,
0x4540bb,0x4bc390,
0x4540c2,0x4554e0,
0x4540cb,0x541064,
0x4540d1,0x54106c,
0x4540dc,0x541060,
0x4540f1,0x4bc224,
0x4540fb,0x541060,
0x454103,0x4bc39c,
0x454118,0x541024,
0x454139,0x4bc224,
0x45413e,0x541024,
0x45414a,0x4554e0,
0x454159,0x541060,
0x454164,0x541024,
0x45416b,0x455500,
0x454173,0x4bc394,
0x45417a,0x541060,
0x45417f,0x541024,
0x45418d,0x455590,
0x454196,0x4bc3a4,
0x4541b4,0x541070,
0x4541ce,0x5414f0,
0x4541e8,0x541070,
0x4541f6,0x5414f0,
0x45421c,0x541024,
0x454229,0x4bc398,
0x45424d,0x541072,
0x454254,0x541070,
0x45425b,0x4bc1c8,
0x454261,0x541090,
0x454267,0x541094,
0x454270,0x541098,
0x454276,0x5410a0,
0x454285,0x4bdf68,
0x45428b,0x54109c,
0x454291,0x5410a4,
0x454297,0x5410a8,
0x45429e,0x5410ac,
0x4542a5,0x5410ae,
0x4542ab,0x5410b0,
0x4542b1,0x54108c,
0x4542b7,0x5410b4,
0x4542c9,0x541024,
0x4542e9,0x4bc3ac,
0x4542fc,0x54108c,
0x454312,0x54108c,
0x45431b,0x541028,
0x454329,0x54108c,
0x45432f,0x541068,
0x454347,0x541070,
0x454365,0x5414f0,
0x45438b,0x5dd330,
0x454393,0x5dd330,
0x4543a2,0x541064,
0x4543b3,0x541070,
0x4543be,0x541070,
0x4543e4,0x5414f0,
0x4543ed,0x541028,
0x4543f3,0x4bc398,
0x4543fc,0x4bc3b0,
0x454413,0x541024,
0x454423,0x541028,
0x454428,0x541024,
0x45443e,0x541028,
0x454444,0x541024,
0x45445a,0x541028,
0x45446b,0x541064,
0x454486,0x541024,
0x4544a3,0x541028,
0x4544a9,0x541024,
0x4544d2,0x541028,
0x4544d7,0x541024,
0x454502,0x541028,
0x45450a,0x4bc2a8,
0x45450f,0x4f5b38,
0x454529,0x4bc234,
0x454535,0x541070,
0x454543,0x5414f0,
0x45456a,0x541072,
0x454572,0x4bc1c8,
0x45457b,0x4bc2a8,
0x454585,0x4f5b20,
0x45459f,0x4bc234,
0x4545b7,0x541090,
0x4545bd,0x541094,
0x4545d3,0x541098,
0x4545f1,0x541068,
0x4545f9,0x541068,
0x454611,0x541068,
0x454628,0x541070,
0x454636,0x5414f0,
0x45465c,0x541072,
0x454664,0x4bc1c8,
0x45468e,0x541070,
0x4546a4,0x541072,
0x4546ae,0x4bc1c8,
0x4546b8,0x541070,
0x4546c8,0x541070,
0x4546d6,0x5414f0,
0x4546f6,0x54108c,
0x454708,0x541070,
0x454716,0x5414f0,
0x454736,0x54108c,
0x454758,0x541070,
0x454766,0x5414f0,
0x454788,0x541090,
0x454792,0x541094,
0x45479e,0x541098,
0x4547c8,0x541070,
0x4547d6,0x5414f0,
0x4547f2,0x541098,
0x454808,0x541070,
0x454816,0x5414f0,
0x454834,0x541090,
0x45483b,0x541094,
0x454849,0x541070,
0x454857,0x5414f0,
0x454879,0x54109c,
0x454887,0x54109c,
0x4548a9,0x541070,
0x4548b7,0x5414f0,
0x4548db,0x541070,
0x4548e2,0x541070,
0x4548f0,0x5414f0,
0x454905,0x4bdf6c,
0x454911,0x5410a0,
0x45491d,0x4bdf64,
0x454926,0x5410a0,
0x454930,0x5410a4,
0x454943,0x5410a4,
0x454949,0x5410a8,
0x454969,0x541070,
0x454983,0x5414f0,
0x4549a0,0x5410a0,
0x4549b6,0x5410a0,
0x4549c3,0x4bdf70,
0x4549cb,0x4bdf74,
0x4549d4,0x5410a0,
0x4549da,0x541064,
0x4549ef,0x541028,
0x4549f5,0x4bc398,
0x4549fb,0x4bc3b0,
0x454a15,0x541024,
0x454a25,0x541028,
0x454a2a,0x541024,
0x454a40,0x541028,
0x454a46,0x541024,
0x454a5c,0x541028,
0x454a69,0x541064,
0x454a84,0x541024,
0x454aa1,0x541028,
0x454aa7,0x541024,
0x454ad0,0x541028,
0x454ad5,0x541024,
0x454afc,0x541028,
0x454b04,0x4bc2a8,
0x454b09,0x4f5b38,
0x454b20,0x4bc234,
0x454b2c,0x541070,
0x454b3a,0x5414f0,
0x454b61,0x541072,
0x454b69,0x4bc1c8,
0x454b72,0x4bc2a8,
0x454b7c,0x4f5b20,
0x454b96,0x4bc234,
0x454bc8,0x541070,
0x454bd6,0x5414f0,
0x454beb,0x4bdf6c,
0x454bf8,0x5410a0,
0x454c04,0x4bdf64,
0x454c0b,0x5410a0,
0x454c13,0x541028,
0x454c20,0x541064,
0x454c27,0x4bc398,
0x454c2f,0x4bc3b0,
0x454c47,0x541024,
0x454c57,0x541028,
0x454c5c,0x541024,
0x454c72,0x541028,
0x454c78,0x541024,
0x454c8e,0x541028,
0x454ca3,0x541064,
0x454cbe,0x541024,
0x454cdb,0x541028,
0x454ce1,0x541024,
0x454d0a,0x541028,
0x454d0f,0x541024,
0x454d36,0x541028,
0x454d3e,0x4bc2a8,
0x454d43,0x4f5b38,
0x454d5a,0x4bc234,
0x454d66,0x541070,
0x454d74,0x5414f0,
0x454d9b,0x541072,
0x454da3,0x4bc1c8,
0x454dac,0x4bc2a8,
0x454db6,0x4f5b20,
0x454dd0,0x4bc234,
0x454e02,0x541064,
0x454e12,0x541060,
0x454e27,0x541060,
0x454e32,0x541028,
0x454e43,0x541064,
0x454e4c,0x541028,
0x454e63,0x541028,
0x454e69,0x541070,
0x454e88,0x5414f0,
0x454eab,0x541070,
0x454eb9,0x5414f0,
0x454ee8,0x5410b0,
0x454eef,0x5410ac,
0x454ef6,0x5410ae,
0x454f10,0x54108c,
0x454f29,0x5410b0,
0x454f3d,0x541070,
0x454f4c,0x5dd330,
0x454f68,0x541070,
0x454f76,0x5414f0,
0x454fb4,0x5410b0,
0x454fc9,0x5410ac,
0x454fdf,0x5410ae,
0x454ff6,0x541070,
0x454ffe,0x541028,
0x45500e,0x5414f0,
0x455037,0x5410ac,
0x45503d,0x541098,
0x455047,0x541070,
0x455055,0x5414f0,
0x455072,0x541098,
0x455087,0x4bdf78,
0x455092,0x5410b0,
0x455098,0x541024,
0x4550a5,0x5410b0,
0x4550c5,0x4bc398,
0x4550e4,0x54108c,
0x4550fd,0x5410b0,
0x455111,0x541070,
0x455120,0x5dd330,
0x455136,0x541070,
0x45513e,0x541028,
0x45514e,0x5414f0,
0x45516f,0x5410ae,
0x455175,0x5410b0,
0x455181,0x541070,
0x45518f,0x5414f0,
0x4551b6,0x5410b0,
0x4551c6,0x541024,
0x4551d3,0x4bc398,
0x45524b,0x54106c,
0x455257,0x4bdf7c,
0x455271,0x54106c,
0x455276,0x541098,
0x45528a,0x541028,
0x4552c5,0x4bdf80,
0x455363,0x4bdf64,
0x4553a2,0x4bdf64,
0x4553fc,0x541024,
0x45540f,0x4bc3ac,
0x45544f,0x541518,
0x455471,0x5414a8,
0x455481,0x541070,
0x45549a,0x54108c,
0x4554d7,0x54150c,
0x4554ef,0x541060,
0x45551e,0x541070,
0x45552c,0x5414f0,
0x455545,0x54108c,
0x455556,0x541070,
0x455564,0x5414f0,
0x45557d,0x54108c,
0x4555ae,0x541070,
0x4555bc,0x5414f0,
0x4555d5,0x54108c,
0x4555e6,0x541070,
0x4555f4,0x5414f0,
0x45560d,0x54108c,
0x455625,0x4f5a98,
0x45562d,0x5414f0,
0x455632,0x5414f8,
0x455637,0x5414f4,
0x45563c,0x4f5a94,
0x455686,0x5414fc,
0x455692,0x5414f8,
0x4556a1,0x5414f8,
0x4556b3,0x541500,
0x4556b9,0x5414f8,
0x4556c1,0x5414f8,
0x4556d9,0x541500,
0x4556f4,0x609310,
0x4556fc,0x541500,
0x455706,0x5414f0,
0x45570c,0x5414f4,
0x45571b,0x4bc2a8,
0x45572a,0x4f5b54,
0x45573f,0x4bc234,
0x455745,0x5414fc,
0x455755,0x5414fc,
0x455764,0x5414fc,
0x455782,0x5414f0,
0x455787,0x5414f4,
0x45578d,0x5414fc,
0x4557a2,0x5414f0,
0x4557ad,0x541024,
0x4557b4,0x4bc3a8,
0x4557bd,0x5414fc,
0x4557c7,0x5414f0,
0x4557cf,0x5414f4,
0x4557e4,0x5414f0,
0x4557e9,0x5414f4,
0x4557ef,0x5414fc,
0x455801,0x5414f4,
0x455811,0x5414fc,
0x45582c,0x541528,
0x45583a,0x541830,
0x455840,0x5419b4,
0x455846,0x541520,
0x45584c,0x541828,
0x455853,0x4f5a94,
0x455859,0x4f5a98,
0x45585f,0x5419b0,
0x4558a9,0x609310,
0x4558cd,0x5419b4,
0x4558d4,0x541520,
0x4558eb,0x541528,
0x4558f3,0x54152c,
0x455918,0x5419b4,
0x455927,0x541528,
0x45592d,0x54152c,
0x455933,0x541530,
0x455943,0x541520,
0x455949,0x541828,
0x455952,0x5419b0,
0x45595e,0x541828,
0x45596b,0x541830,
0x455971,0x541834,
0x45597b,0x541828,
0x455985,0x541838,
0x455995,0x541528,
0x4559b9,0x5419b0,
0x4559d1,0x541838,
0x4559d7,0x4bdf84,
0x4559e8,0x5419b4,
0x4559ee,0x541828,
0x4559fe,0x5419b0,
0x455a10,0x541834,
0x455a17,0x541830,
0x455a1c,0x541520,
0x455a33,0x541528,
0x455a3b,0x54152c,
0x455a5d,0x5419b0,
0x455a63,0x5419b4,
0x455a71,0x541838,
0x455a77,0x4bdf84,
0x455a8c,0x541828,
0x455ab2,0x541024,
0x455ac1,0x541830,
0x455ac9,0x4bc398,
0x455ad6,0x5419b0,
0x455adc,0x5419b4,
0x455ae6,0x5419b0,
0x455af2,0x541834,
0x455af9,0x541830,
0x455afe,0x541520,
0x455b13,0x541528,
0x455b1b,0x54152c,
0x455b2d,0x541528,
0x455b51,0x5419b0,
0x455b6b,0x4bc2a8,
0x455b71,0x4f5b80,
0x455b8b,0x4bc234,
0x455b91,0x609310,
0x455ba1,0x609310,
0x455bb0,0x609310,
0x455bd4,0x609310,
0x455bf4,0x541528,
0x455c01,0x5419b0,
0x455c07,0x541828,
0x455c1e,0x5419b4,
0x455c2a,0x5419b0,
0x455c30,0x541834,
0x455c37,0x541830,
0x455c3c,0x541520,
0x455c51,0x541528,
0x455c59,0x54152c,
0x455c77,0x5419b0,
0x455c83,0x541834,
0x455c8a,0x541830,
0x455c96,0x5419b0,
0x455ca4,0x541830,
0x455cbb,0x541528,
0x455cd1,0x5419b0,
0x455cd7,0x541828,
0x455cee,0x5419b4,
0x455cfa,0x5419b0,
0x455d00,0x541834,
0x455d07,0x541830,
0x455d0c,0x541520,
0x455d21,0x541528,
0x455d29,0x54152c,
0x455d47,0x5419b0,
0x455d55,0x541834,
0x455d5c,0x541830,
0x455d74,0x541528,
0x455d81,0x5419b0,
0x455d87,0x541828,
0x455d95,0x5419b0,
0x455da1,0x541828,
0x455da8,0x541830,
0x455db2,0x541830,
0x455dd1,0x609310,
0x455de8,0x4c20a8,
0x455dee,0x4bc278,
0x455dfa,0x4c20a8,
0x455e00,0x4bc274,
0x455e07,0x4c209c,
0x455e0d,0x4bc270,
0x455e13,0x4bc234,
0x455e22,0x4c2038,
0x455e31,0x4c20a8,
0x455e47,0x5419b8,
0x455e61,0x5419b8,
0x455e88,0x4f5bac,
0x455e9f,0x4c20a8,
0x455ea8,0x4c2028,
0x455eaf,0x4bc234,
0x455ebe,0x5419b8,
0x455eca,0x4edf28,
0x455ed3,0x5419b8,
0x455ed9,0x4bc23c,
0x455ef1,0x4bc1ec,
0x455efb,0x4bc264,
0x455f1b,0x4bc238,
0x455f2b,0x4c2020,
0x455f5b,0x4c2038,
0x455f62,0x4bc1d0,
0x455f72,0x5419b8,
0x455f82,0x5419b8,
0x455f91,0x4c209c,
0x455f97,0x4bc270,
0x455ff8,0x4f5be0,
0x456009,0x4f5bd4,
0x456010,0x4bc234,
0x456026,0x4f5bcc,
0x45602b,0x4f5bd0,
0x45604d,0x4bc0d8,
0x45605f,0x4bc0dc,
0x456066,0x4bc0e0,
0x456074,0x541028,
0x456080,0x541024,
0x45608b,0x4bc38c,
0x4560d1,0x541028,
0x4560d7,0x541024,
0x4560ee,0x4bc38c,
0x456127,0x5419c0,
0x45612e,0x541028,
0x456134,0x5419c4,
0x4561b0,0x4f5bec,
0x4561f2,0x541028,
0x456201,0x541024,
0x456209,0x4bc38c,
0x456278,0x4c2020,
0x456294,0x4c2020,
0x4562c2,0x4c2020,
0x4562f2,0x541028,
0x4562f9,0x541024,
0x456304,0x4bc38c,
0x456380,0x541028,
0x456386,0x541024,
0x45638f,0x4bc38c,
0x4563f6,0x541028,
0x4563fc,0x541024,
0x456405,0x4bc38c,
0x456460,0x541028,
0x45646c,0x541024,
0x456477,0x4bc38c,
0x4564c0,0x541028,
0x4564c7,0x541024,
0x4564d2,0x4bc38c,
0x456511,0x541028,
0x456517,0x541024,
0x45651f,0x4bc38c,
0x45658b,0x541028,
0x456592,0x541024,
0x45659d,0x4bc38c,
0x456610,0x541028,
0x45661a,0x541024,
0x456622,0x4bc38c,
0x456669,0x541028,
0x456670,0x541024,
0x456687,0x4bc38c,
0x4566a9,0x5419d0,
0x4566b5,0x5423d0,
0x4566bf,0x542420,
0x4566c5,0x5419c8,
0x4566d2,0x542420,
0x4566e9,0x5419d0,
0x4566f2,0x542420,
0x456707,0x5419d0,
0x45671c,0x5419d0,
0x456729,0x5419d0,
0x45673f,0x5423d0,
0x456745,0x5419c8,
0x456761,0x542420,
0x45676a,0x5423d0,
0x456772,0x5419c8,
0x456796,0x542420,
0x4567be,0x4f5c14,
0x4567c9,0x542420,
0x4567e7,0x5423d0,
0x45682a,0x5419d0,
0x456836,0x5419d0,
0x45685b,0x542420,
0x4568a1,0x5419c8,
0x456a20,0x541024,
0x456a36,0x4bc3ac,
0x456ade,0x4f5c54,
0x456b1e,0x541028,
0x456b5b,0x541028,
0x456c9b,0x541024,
0x456cb9,0x4bc3ac,
0x456db8,0x4f5c38,
0x456dc3,0x4f5c48,
0x456de4,0x4f5c38,
0x456ecd,0x4bc2a8,
0x456ed2,0x4f5c78,
0x456ee9,0x4bc234,
0x456f0b,0x541028,
0x456f7c,0x53679c,
0x456f8f,0x541028,
0x456f95,0x541024,
0x456fa0,0x4bc3a8,
0x456fb7,0x504c18,
0x456fd3,0x541024,
0x456fe9,0x4bc3ac,
0x45702a,0x504c18,
0x457063,0x4c2020,
0x4570a2,0x4bc2a8,
0x4570b1,0x4f5ca4,
0x4570c6,0x4bc234,
0x4570da,0x541024,
0x4570e5,0x4bc3a8,
0x457109,0x542428,
0x45710e,0x542830,
0x45712d,0x54a030,
0x457137,0x542828,
0x457148,0x54a0a8,
0x45714d,0x54a178,
0x457159,0x54a188,
0x457161,0x54a25c,
0x457167,0x54a260,
0x45716d,0x54a264,
0x457173,0x54a254,
0x457179,0x54a258,
0x45718a,0x4f5cd4,
0x4571a6,0x54a178,
0x4571b3,0x542844,
0x4571c7,0x54a258,
0x4571d2,0x54a0a8,
0x4571da,0x54a258,
0x4571ee,0x4f5d04,
0x457205,0x4f5d04,
0x457218,0x4f5d04,
0x457253,0x54a044,
0x457261,0x54a25c,
0x457271,0x54a254,
0x45727c,0x54a188,
0x457282,0x54a254,
0x457291,0x54a258,
0x45729c,0x54a0a8,
0x4572a2,0x54a258,
0x4572b2,0x54a25c,
0x4572c6,0x542830,
0x4572e2,0x542830,
0x4572f4,0x4f5d08,
0x4572ff,0x54a25c,
0x45730c,0x54a25c,
0x457316,0x542830,
0x45731f,0x4f5d04,
0x457382,0x4bdf88,
0x45739a,0x4bdf88,
0x4573b3,0x4bdf88,
0x4573e1,0x54a264,
0x4573e6,0x54a254,
0x4573f1,0x54a188,
0x4573f9,0x54a254,
0x45742b,0x542830,
0x45743c,0x54a030,
0x457445,0x54a258,
0x457450,0x54a0a8,
0x457458,0x54a258,
0x457478,0x54a264,
0x457483,0x4f5d04,
0x4574b8,0x54a25c,
0x4574c4,0x54a25c,
0x4574e3,0x54a25c,
0x4574f0,0x54a260,
0x4574f7,0x542428,
0x457504,0x542830,
0x45750b,0x542830,
0x457520,0x54a260,
0x457531,0x54a264,
0x457541,0x54a264,
0x457562,0x54a260,
0x4575e0,0x542830,
0x4575ee,0x54a030,
0x457600,0x542830,
0x457620,0x54a178,
0x45763b,0x54a178,
0x4576bc,0x542830,
0x4576ce,0x54a030,
0x457795,0x542830,
0x4577f2,0x54a264,
0x4577fc,0x54a25c,
0x45780a,0x542830,
0x457850,0x54a25c,
0x457872,0x654b84,
0x45788a,0x654b85,
0x457898,0x54a25c,
0x4578ad,0x542830,
0x4578d9,0x457980,
0x4578e0,0x45796c,
0x45791a,0x4579c4,
0x457921,0x4579b0,
0x457951,0x54a25c,
0x45796c,0x4578e4,
0x457970,0x4578e4,
0x457974,0x4578e4,
0x457978,0x4578e4,
0x45797c,0x4578fb,
0x4579b0,0x457925,
0x4579b4,0x457925,
0x4579b8,0x457925,
0x4579bc,0x457925,
0x4579c0,0x45792e,
0x457a21,0x457a60,
0x457a28,0x457a4c,
0x457a4c,0x457a2c,
0x457a50,0x457a2c,
0x457a54,0x457a2c,
0x457a58,0x457a2c,
0x457a5c,0x457a31,
0x457aad,0x4c2724,
0x457ac8,0x4c2908,
0x457ad1,0x54a264,
0x457ad6,0x4c2908,
0x457ae0,0x4bdf94,
0x457ae8,0x54a25c,
0x457b0c,0x542830,
0x457bb4,0x4bdfbc,
0x457ced,0x4bdfbc,
0x457db4,0x54a25c,
0x457f51,0x654b89,
0x457fa3,0x4bdfc0,
0x45800d,0x4c2724,
0x458028,0x4c2908,
0x458031,0x54a264,
0x458036,0x4c2908,
0x458040,0x4bdf94,
0x458049,0x54a25c,
0x458068,0x542830,
0x458117,0x4bdfbc,
0x45827d,0x4bdfbc,
0x45833d,0x6543b4,
0x458343,0x6543a0,
0x458374,0x54a25c,
0x4583c9,0x654b86,
0x4583d8,0x4bdfa0,
0x458410,0x654b86,
0x458494,0x654b86,
0x4584a3,0x4bdfa0,
0x4584db,0x654b86,
0x4588df,0x4bc260,
0x458a49,0x4bdfc8,
0x458a4f,0x4bdfcc,
0x458a5c,0x4bdfcc,
0x458a64,0x4bdfd0,
0x458a6a,0x4bdfd4,
0x458a76,0x4bc21c,
0x458ad3,0x458af8,
0x458ada,0x458ae8,
0x458ae8,0x458ade,
0x458aec,0x458ade,
0x458af0,0x458ade,
0x458af4,0x458ae4,
0x458b70,0x458b94,
0x458b77,0x458b84,
0x458b84,0x458b7b,
0x458b88,0x458b7b,
0x458b8c,0x458b7b,
0x458b90,0x458b81,
0x458cd9,0x4faed8,
0x458d76,0x4faed8,
0x458e4e,0x4faed8,
0x458fdd,0x4faed8,
0x45934b,0x4bdfd8,
0x459351,0x4bdfdc,
0x459357,0x54a328,
0x459363,0x4bdfd8,
0x459369,0x4bdfdc,
0x45936f,0x54a32c,
0x45937b,0x4bdfd8,
0x459381,0x4bdfdc,
0x459387,0x54a330,
0x459393,0x4bdfd8,
0x459399,0x4bdfdc,
0x45939f,0x54a334,
0x4593ab,0x4bdfd8,
0x4593b1,0x4bdfdc,
0x4593b7,0x54a3b0,
0x4593c3,0x4bdfd8,
0x4593c9,0x4bdfdc,
0x4593cf,0x54a3b4,
0x4593db,0x4bdfd8,
0x4593e1,0x4bdfdc,
0x4593e7,0x54a3b8,
0x4593f3,0x4bdfd8,
0x4593f9,0x4bdfdc,
0x4593ff,0x54a3bc,
0x459420,0x4bdfd8,
0x459428,0x4bdfdc,
0x45942e,0x54a2a8,
0x45944f,0x4bdfd8,
0x459457,0x4bdfdc,
0x45945d,0x54ab8c,
0x459476,0x4bdfd8,
0x45947c,0x4bdfdc,
0x459482,0x54a404,
0x4594ad,0x4bdfd8,
0x4594b5,0x4bdfdc,
0x4594bb,0x54a268,
0x4594dc,0x4bdfd8,
0x4594e4,0x4bdfdc,
0x4594ea,0x54a408,
0x45950b,0x4bdfd8,
0x459513,0x4bdfdc,
0x459519,0x54a2a4,
0x459532,0x4bdfd8,
0x459539,0x4bdfdc,
0x45953f,0x54a410,
0x459559,0x54abf0,
0x459571,0x609504,
0x459577,0x609500,
0x45957d,0x609508,
0x459583,0x54a3c8,
0x459589,0x54ab90,
0x45958f,0x54a2e4,
0x459595,0x4f67ec,
0x45959b,0x54a3c4,
0x4595a1,0x54a414,
0x4595b5,0x54ab98,
0x4595d4,0x54a3d0,
0x4595f3,0x54ac30,
0x459612,0x54a340,
0x459631,0x54a2f0,
0x45963e,0x54ac64,
0x459644,0x4f67f0,
0x45964e,0x54a3c0,
0x459659,0x54a3c0,
0x459671,0x54a3c0,
0x4596a0,0x54a378,
0x4596aa,0x54a378,
0x4596b2,0x54a450,
0x4596c3,0x4f6528,
0x4596c8,0x54aad8,
0x4596cd,0x54a458,
0x459735,0x54aad8,
0x459741,0x54a40c,
0x459746,0x54a2e8,
0x45974b,0x54a438,
0x459761,0x609504,
0x459779,0x609504,
0x45977e,0x609500,
0x459791,0x609500,
0x459796,0x609508,
0x4597a9,0x609508,
0x4597ae,0x54ab98,
0x4597bb,0x54a3d0,
0x4597c8,0x54ac30,
0x4597d5,0x54a340,
0x4597e2,0x54a2f0,
0x4597f0,0x54ac64,
0x4597f5,0x54a378,
0x4597ff,0x54a3c0,
0x459810,0x4f6528,
0x459815,0x54a458,
0x45983b,0x54aad8,
0x459868,0x4faed8,
0x459898,0x4faed8,
0x45992d,0x654b80,
0x45993d,0x4f64cd,
0x459944,0x4f67ec,
0x45995c,0x4f6501,
0x459970,0x54ab94,
0x45997c,0x4f66d5,
0x459985,0x4f64c0,
0x45998c,0x4f67ec,
0x4599a8,0x4f64f4,
0x4599bc,0x54ab94,
0x4599ca,0x4f66c8,
0x4599d7,0x4f67ec,
0x4599dd,0x54ab94,
0x4599e7,0x4f64c0,
0x4599f9,0x4f67ec,
0x459a06,0x4f64f4,
0x459a18,0x4f67ec,
0x459a25,0x4f650e,
0x459a61,0x54a418,
0x459a73,0x54abd0,
0x459a79,0x54a338,
0x459a84,0x54ab94,
0x459a8a,0x54abf0,
0x459a97,0x4f67ec,
0x459aa1,0x4f66c8,
0x459ab1,0x54ab94,
0x459ab8,0x54a2b0,
0x459ac2,0x54ab94,
0x459aed,0x54a2b0,
0x459af8,0x54a3c8,
0x459aff,0x4f67ec,
0x459b09,0x4f66e8,
0x459b19,0x54a3c8,
0x459b20,0x54a270,
0x459b2a,0x54a3c8,
0x459b55,0x54a270,
0x459b60,0x54ab90,
0x459b67,0x4f67ec,
0x459b71,0x4f6708,
0x459b81,0x54ab90,
0x459b88,0x54ab58,
0x459b92,0x54ab90,
0x459bbd,0x54ab58,
0x459bc7,0x609504,
0x459bda,0x609504,
0x459bdf,0x609500,
0x459bf2,0x609500,
0x459bf7,0x609508,
0x459c0a,0x609508,
0x459c15,0x4f67ec,
0x459c23,0x4f6728,
0x459c2e,0x609508,
0x459c33,0x4f67ec,
0x459c40,0x4f67b0,
0x459c4b,0x609504,
0x459c50,0x4f67ec,
0x459c5d,0x4f67d0,
0x459c6b,0x609500,
0x459c71,0x54ac64,
0x459c77,0x4f67f0,
0x459c97,0x54a44c,
0x459cb3,0x54a448,
0x459ccf,0x54a444,
0x459ce7,0x54a440,
0x459ced,0x54ac6c,
0x459cf6,0x54a340,
0x459d03,0x54a2f0,
0x459d28,0x54a340,
0x459d44,0x54a2f0,
0x459d62,0x54a414,
0x459d71,0x54a414,
0x459d79,0x54a3c4,
0x459d91,0x54a414,
0x459da2,0x54a414,
0x459da7,0x54a3c4,
0x459df0,0x54a3c4,
0x459e09,0x4f67ec,
0x459e17,0x4f6728,
0x459e1c,0x609508,
0x459e3c,0x4f67ec,
0x459e46,0x609508,
0x459e50,0x4f6728,
0x459e5f,0x54a2e4,
0x459e8c,0x54abf8,
0x459e96,0x54a3c4,
0x459ea5,0x54a3c4,
0x459eb0,0x54a3c4,
0x459ec2,0x54a3c4,
0x459ed8,0x4f67ec,
0x459ee2,0x609508,
0x459eec,0x4f6728,
0x459f0c,0x4f67ec,
0x459f1a,0x4f6728,
0x459f1f,0x609508,
0x459f2e,0x54a2e4,
0x459f55,0x54abf8,
0x459f67,0x54a2e4,
0x459f85,0x54abf8,
0x459fa1,0x654b80,
0x459fa7,0x5dd360,
0x459fc6,0x5dd360,
0x459fdd,0x54a40c,
0x459ff0,0x54a40c,
0x459ff9,0x4c2724,
0x45a002,0x654b8e,
0x45a03f,0x4bdfe4,
0x45a05b,0x4bdfe8,
0x45a074,0x4bdfec,
0x45a07a,0x4bdff0,
0x45a087,0x4bdff4,
0x45a08d,0x4bdff8,
0x45a097,0x4faed8,
0x45a0f6,0x654b88,
0x45a11e,0x4bdffc,
0x45a14f,0x54ac6c,
0x45a15d,0x4f7124,
0x45a164,0x4bc234,
0x45a169,0x4f67ec,
0x45a178,0x4f67d0,
0x45a17d,0x609500,
0x45a189,0x4f67ec,
0x45a19a,0x54a340,
0x45a1a1,0x609500,
0x45a1a8,0x4f67d0,
0x45a1ad,0x4f7114,
0x45a20c,0x4be000,
0x45a225,0x4be004,
0x45a22b,0x4bdff0,
0x45a238,0x4bdff4,
0x45a23e,0x4bdff8,
0x45a248,0x4faed8,
0x45a2a3,0x654b88,
0x45a2cb,0x4be008,
0x45a2d7,0x4be00c,
0x45a2fb,0x54ac6c,
0x45a309,0x4f7124,
0x45a310,0x4bc234,
0x45a315,0x4f67ec,
0x45a324,0x4f67b0,
0x45a329,0x609504,
0x45a335,0x4f67ec,
0x45a346,0x54a2f0,
0x45a34d,0x609504,
0x45a354,0x4f67b0,
0x45a359,0x4f7104,
0x45a36f,0x4f67ec,
0x45a379,0x4f64f4,
0x45a396,0x4bdfe8,
0x45a3a6,0x4be010,
0x45a3ac,0x4be014,
0x45a3b6,0x54abf0,
0x45a3c7,0x4be018,
0x45a3cc,0x4f67ec,
0x45a3d3,0x4f5f10,
0x45a3d9,0x4f5f00,
0x45a3e3,0x4f5e90,
0x45a401,0x54a3d0,
0x45a413,0x54abf0,
0x45a45f,0x4f67ec,
0x45a475,0x4f64da,
0x45a4a2,0x54a2a8,
0x45a4a8,0x4be01c,
0x45a4d4,0x54ab8c,
0x45a4da,0x4be01c,
0x45a506,0x54a404,
0x45a50c,0x4be01c,
0x45a538,0x54a268,
0x45a53e,0x4be01c,
0x45a56a,0x54a408,
0x45a570,0x4be01c,
0x45a59c,0x54a2a4,
0x45a5a2,0x4be01c,
0x45a5ce,0x54a410,
0x45a5d4,0x4be01c,
0x45a5f1,0x4f62f0,
0x45a5f9,0x4f62f4,
0x45a601,0x54a418,
0x45a608,0x4f67ec,
0x45a60f,0x54ab98,
0x45a616,0x4f62e0,
0x45a61c,0x4f5e20,
0x45a63a,0x54a418,
0x45a644,0x4f7138,
0x45a656,0x4f6368,
0x45a660,0x4f636c,
0x45a668,0x54a41c,
0x45a66f,0x4f67ec,
0x45a676,0x54ab98,
0x45a67d,0x4f6358,
0x45a683,0x4f5e30,
0x45a6a1,0x54a41c,
0x45a6ab,0x4f7138,
0x45a6bd,0x4f63e0,
0x45a6c7,0x4f63e4,
0x45a6cf,0x54a420,
0x45a6d6,0x4f67ec,
0x45a6dd,0x54ab98,
0x45a6e4,0x4f63d0,
0x45a6ea,0x4f5e40,
0x45a708,0x54a420,
0x45a712,0x4f7138,
0x45a724,0x4f6458,
0x45a72e,0x4f645c,
0x45a736,0x54a424,
0x45a73d,0x4f67ec,
0x45a744,0x54ab98,
0x45a74b,0x4f6448,
0x45a751,0x4f5e50,
0x45a76f,0x54a424,
0x45a779,0x4f7138,
0x45a78b,0x4f6458,
0x45a795,0x4f645c,
0x45a79d,0x54a428,
0x45a7a4,0x4f67ec,
0x45a7ab,0x54ab98,
0x45a7b2,0x4f6448,
0x45a7b8,0x4f5e60,
0x45a7d6,0x54a428,
0x45a7e0,0x4f7138,
0x45a7f2,0x4f6458,
0x45a7fc,0x4f645c,
0x45a804,0x54a42c,
0x45a80b,0x4f67ec,
0x45a812,0x54ab98,
0x45a819,0x4f6448,
0x45a81f,0x4f5e70,
0x45a83d,0x54a42c,
0x45a847,0x4f7138,
0x45a859,0x4f6458,
0x45a863,0x4f645c,
0x45a86b,0x54a430,
0x45a872,0x4f67ec,
0x45a879,0x54ab98,
0x45a880,0x4f6448,
0x45a886,0x4f5e80,
0x45a8a4,0x54a430,
0x45a8ae,0x4f7138,
0x45a8d0,0x54a328,
0x45a8d6,0x4be01c,
0x45a8eb,0x54a32c,
0x45a8f1,0x4be01c,
0x45a906,0x54a330,
0x45a90c,0x4be01c,
0x45a921,0x54a334,
0x45a927,0x4be01c,
0x45a93c,0x54a3b0,
0x45a942,0x4be01c,
0x45a957,0x54a3b4,
0x45a95d,0x4be01c,
0x45a972,0x54a3b8,
0x45a978,0x4be01c,
0x45a98d,0x54a3bc,
0x45a993,0x4be01c,
0x45a9ae,0x4f5f30,
0x45a9b6,0x4f5f34,
0x45a9c2,0x54abd0,
0x45a9c9,0x4f67ec,
0x45a9d0,0x54ab98,
0x45a9d7,0x4f5f20,
0x45a9dd,0x4f5da0,
0x45a9fb,0x54abd0,
0x45aa05,0x4f7138,
0x45aa17,0x4f5fa8,
0x45aa21,0x4f5fac,
0x45aa2d,0x54abd8,
0x45aa34,0x4f67ec,
0x45aa3b,0x54ab98,
0x45aa42,0x4f5f98,
0x45aa48,0x4f5dc0,
0x45aa66,0x54abd8,
0x45aa70,0x4f7138,
0x45aa82,0x4f6020,
0x45aa8c,0x4f6024,
0x45aa98,0x54abdc,
0x45aa9f,0x4f67ec,
0x45aaa6,0x54ab98,
0x45aaad,0x4f6010,
0x45aab3,0x4f5dd0,
0x45aad1,0x54abdc,
0x45aadb,0x4f7138,
0x45aaed,0x4f6098,
0x45aaf7,0x4f609c,
0x45ab03,0x54abd4,
0x45ab0a,0x4f67ec,
0x45ab11,0x54ab98,
0x45ab18,0x4f6088,
0x45ab1e,0x4f5db0,
0x45ab3c,0x54abd4,
0x45ab46,0x4f7138,
0x45ab58,0x4f6110,
0x45ab62,0x4f6114,
0x45ab6e,0x54abe0,
0x45ab75,0x4f67ec,
0x45ab7c,0x54ab98,
0x45ab83,0x4f6100,
0x45ab89,0x4f5de0,
0x45aba7,0x54abe0,
0x45abb1,0x4f7138,
0x45abc3,0x4f6188,
0x45abcd,0x4f618c,
0x45abd9,0x54abe8,
0x45abe0,0x4f67ec,
0x45abe7,0x54ab98,
0x45abee,0x4f6178,
0x45abf4,0x4f5e00,
0x45ac12,0x54abe8,
0x45ac1c,0x4f7138,
0x45ac2e,0x4f6200,
0x45ac38,0x4f6204,
0x45ac44,0x54abec,
0x45ac4b,0x4f67ec,
0x45ac52,0x54ab98,
0x45ac59,0x4f61f0,
0x45ac5f,0x4f5e10,
0x45ac7d,0x54abec,
0x45ac87,0x4f7138,
0x45ac99,0x4f6278,
0x45aca3,0x4f627c,
0x45acaf,0x54abe4,
0x45acb6,0x4f67ec,
0x45acbd,0x54ab98,
0x45acc4,0x4f6268,
0x45acca,0x4f5df0,
0x45ace8,0x54abe4,
0x45acf2,0x4f7138,
0x45ad12,0x4f7130,
0x45ad41,0x4f67ec,
0x45ad4e,0x4f650e,
0x45ad6c,0x54a338,
0x45ad7b,0x4f7160,
0x45ad89,0x54a338,
0x45ad90,0x54ac30,
0x45ad95,0x4f7154,
0x45ad9a,0x4f714c,
0x45adae,0x54ac30,
0x45adb4,0x4f5ea0,
0x45adb9,0x4f7144,
0x45add2,0x54ac64,
0x45ade2,0x54ac64,
0x45ae00,0x54ac68,
0x45ae27,0x4fe534,
0x45ae33,0x4c2908,
0x45ae41,0x4c2908,
0x45ae84,0x4f70f8,
0x45ae95,0x4f70f8,
0x45aec8,0x4bc260,
0x45aed6,0x4f716c,
0x45afc4,0x4bdfd8,
0x45b040,0x54ab94,
0x45b082,0x54a2b0,
0x45b0a2,0x54aad8,
0x45b0b4,0x54aadc,
0x45b0c2,0x54aae0,
0x45b0d0,0x54aae4,
0x45b0e8,0x4be020,
0x45b0f3,0x4be024,
0x45b108,0x4be028,
0x45b17a,0x54a458,
0x45b192,0x54a48c,
0x45b1ae,0x54a4c0,
0x45b1d1,0x54a4f4,
0x45b1f0,0x4bdfdc,
0x45b20c,0x4be02c,
0x45b212,0x4bdfe8,
0x45b22b,0x4bdfdc,
0x45b245,0x4be030,
0x45b259,0x4be034,
0x45b265,0x4be034,
0x45b280,0x4be038,
0x45b293,0x4be040,
0x45b29b,0x4be048,
0x45b2a6,0x4be048,
0x45b2bc,0x4f70fc,
0x45b2c6,0x4f7100,
0x45b2ce,0x4f67f0,
0x45b2d5,0x54a440,
0x45b2e4,0x54a440,
0x45b2ee,0x54a378,
0x45b2f4,0x4f70fc,
0x45b2fa,0x4f7100,
0x45b2ff,0x4f67f0,
0x45b315,0x54a378,
0x45b320,0x54a450,
0x45b329,0x54a378,
0x45b340,0x54a378,
0x45b34c,0x54a440,
0x45b355,0x54a378,
0x45b36a,0x54a378,
0x45b378,0x54a3c0,
0x45b397,0x54aadc,
0x45b3ca,0x54a378,
0x45b3e1,0x4be050,
0x45b3e7,0x4be048,
0x45b404,0x54a450,
0x45b425,0x54a440,
0x45b563,0x4bdfd8,
0x45b569,0x4bdfd8,
0x45b59d,0x4bdfd8,
0x45b5b9,0x4bdfd8,
0x45b626,0x4bdfd8,
0x45b62e,0x4bdfd8,
0x45b634,0x4bdfd8,
0x45b63a,0x4bdfd8,
0x45b670,0x4bdfd8,
0x45b6a8,0x4bdfd8,
0x45b75e,0x4bdfd8,
0x45b766,0x4bdfd8,
0x45b76c,0x4bdfd8,
0x45b772,0x4bdfd8,
0x45b7aa,0x4bdfd8,
0x45b7de,0x4bdfd8,
0x45b8f6,0x4fa8ec,
0x45b903,0x4fa8e8,
0x45b91e,0x4bdfd8,
0x45b924,0x4bdfd8,
0x45b967,0x4bdfd8,
0x45b986,0x4bdfd8,
0x45b992,0x4fa8f0,
0x45b99e,0x4fa8f4,
0x45b9bc,0x4fa8f8,
0x45b9d3,0x4fa8fc,
0x45b9ea,0x4fa914,
0x45b9fb,0x4fa900,
0x45ba15,0x4fa90c,
0x45ba1f,0x4fa910,
0x45ba2c,0x4fa904,
0x45ba36,0x4fa908,
0x45badf,0x4bdfe8,
0x45baee,0x4bdfe8,
0x45bb07,0x4bdfe8,
0x45bb81,0x54a438,
0x45bcc0,0x54a2e8,
0x45bcce,0x4bdfd8,
0x45bd3d,0x4be058,
0x45bd7c,0x504c0c,
0x45bdba,0x54a46c,
0x45bdc0,0x504c0c,
0x45bde5,0x504c0c,
0x45be02,0x54a438,
0x45be0e,0x54a438,
0x45be32,0x4fe534,
0x45be4b,0x4c2908,
0x45be59,0x4c2908,
0x45bea8,0x4c2728,
0x45bebd,0x54ac64,
0x45bed9,0x5dd360,
0x45bee7,0x4f67d8,
0x45beec,0x54abac,
0x45bef5,0x4f67ec,
0x45bf0f,0x54ab98,
0x45bf1a,0x5dd360,
0x45bf22,0x54ab98,
0x45bf2f,0x4f68d8,
0x45bf35,0x4f69d8,
0x45bf39,0x54a3d0,
0x45bf47,0x54ac68,
0x45bf63,0x5dd360,
0x45bf6e,0x4f6fd8,
0x45bf73,0x54a354,
0x45bf7c,0x4f67ec,
0x45bf93,0x54a340,
0x45bf9e,0x5dd360,
0x45bfa6,0x54a340,
0x45bfb5,0x4f6ad8,
0x45bfba,0x54a304,
0x45bfc3,0x4f67ec,
0x45bfda,0x54a2f0,
0x45bfe5,0x5dd360,
0x45bfed,0x54a2f0,
0x45bffc,0x4f6bd8,
0x45c001,0x54ac44,
0x45c015,0x54ac30,
0x45c020,0x5dd360,
0x45c028,0x54ac30,
0x45c035,0x4f6cd8,
0x45c03a,0x4c2724,
0x45c049,0x5dd360,
0x45c052,0x4f6ed8,
0x45c05a,0x4f6ed8,
0x45c069,0x5dd360,
0x45c072,0x4f6dd8,
0x45c081,0x5dd360,
0x45c08d,0x4f67d8,
0x45c093,0x4f67d8,
0x45c0ec,0x54ac68,
0x45c0f5,0x5dd360,
0x45c0ff,0x4f67e4,
0x45c108,0x4f67e0,
0x45c126,0x54a270,
0x45c167,0x54a270,
0x45c17b,0x4be05c,
0x45c18b,0x4be060,
0x45c196,0x54a270,
0x45c1d8,0x54a270,
0x45c1ec,0x4be05c,
0x45c1fc,0x4be060,
0x45c207,0x54a270,
0x45c21d,0x54ab58,
0x45c227,0x4c2724,
0x45c281,0x4f67ec,
0x45c28f,0x4be064,
0x45c297,0x4be06c,
0x45c2a8,0x4be068,
0x45c2b2,0x54ab58,
0x45c2cd,0x54a2e4,
0x45c2d3,0x4c2724,
0x45c2dc,0x54abf8,
0x45c31e,0x54ac6c,
0x45c341,0x54ac70,
0x45c372,0x54ac70,
0x45c38a,0x654b82,
0x45c39e,0x4f7180,
0x45c3aa,0x4be0b0,
0x45c3b7,0x4f7180,
0x45c3bd,0x4be0b8,
0x45c3c9,0x4be0b0,
0x45c3d6,0x4f7188,
0x45c3e2,0x4be0b0,
0x45c3ef,0x4f7188,
0x45c3f5,0x4be0b8,
0x45c401,0x4be0b0,
0x45c436,0x4be0c0,
0x45c448,0x4be0b8,
0x45c45d,0x4f7180,
0x45c482,0x4be0c0,
0x45c494,0x4be0b8,
0x45c4a2,0x4f7188,
0x45c4a9,0x4f7180,
0x45c4af,0x4f7184,
0x45c4b5,0x4f7188,
0x45c4e5,0x54ac70,
0x45c4fb,0x4f7194,
0x45c508,0x4f7194,
0x45c51f,0x5dd3a8,
0x45c529,0x5dd3ac,
0x45c532,0x5dd3b8,
0x45c538,0x5dd3bc,
0x45c53e,0x5dd3b8,
0x45c545,0x5dd3a8,
0x45c559,0x4be074,
0x45c588,0x4be070,
0x45c595,0x5dd3bc,
0x45c59b,0x5dd3b8,
0x45c5a1,0x5dd3ac,
0x45c5a7,0x5dd3a8,
0x45c5b5,0x5dd3b0,
0x45c5c1,0x4be0c8,
0x45c5d2,0x5dd3bc,
0x45c5d8,0x5dd3b8,
0x45c5dd,0x5dd3b4,
0x45c5e4,0x5dd3b0,
0x45c5eb,0x5dd3ac,
0x45c5f1,0x5dd3a8,
0x45c61b,0x4be0d0,
0x45c652,0x5dd380,
0x45c677,0x5dd320,
0x45c6a2,0x5dd380,
0x45c6d3,0x5dd320,
0x45c6dc,0x5dd380,
0x45c74c,0x5dd320,
0x45c78c,0x4be0c0,
0x45c7b7,0x4f71b8,
0x45c826,0x4f71dc,
0x45c875,0x54acc8,
0x45c87e,0x5dd320,
0x45c887,0x54ace0,
0x45c890,0x5dd324,
0x45c895,0x54acdc,
0x45c89b,0x54acb8,
0x45c8a1,0x54acbc,
0x45c8a7,0x54ad28,
0x45c8b5,0x54ace0,
0x45c8e5,0x54acc8,
0x45c900,0x54acbc,
0x45c922,0x54acbc,
0x45c92b,0x54acbc,
0x45c934,0x54acbc,
0x45c967,0x54acbc,
0x45c992,0x54acbc,
0x45c9bb,0x54acbc,
0x45c9dd,0x54acbc,
0x45c9e5,0x54acbc,
0x45c9eb,0x54ad28,
0x45c9f7,0x54ad28,
0x45ca09,0x54acbc,
0x45ca4b,0x54ace0,
0x45ca6d,0x54acc8,
0x45ca9e,0x54ad28,
0x45cab8,0x4be0d8,
0x45cb0b,0x54acc8,
0x45cb26,0x54acc8,
0x45cb52,0x4be0d8,
0x45cb82,0x54ad28,
0x45cbad,0x4be0e0,
0x45cc05,0x54acb8,
0x45cc2c,0x5dd3a8,
0x45cc32,0x5dd3ac,
0x45cc3e,0x5dd3b4,
0x45cc4a,0x5dd3b0,
0x45cc59,0x5dd3b8,
0x45cc63,0x5dd380,
0x45cc68,0x5dd3bc,
0x45cca7,0x54acb8,
0x45ccc8,0x54acb8,
0x45ccdb,0x54acbc,
0x45ccf8,0x54acbc,
0x45cd00,0x54acbc,
0x45cd3c,0x54acbc,
0x45cd73,0x54acbc,
0x45cda0,0x54acbc,
0x45cdb4,0x54acbc,
0x45cdd6,0x54acbc,
0x45cddf,0x4be0d8,
0x45cdf4,0x54acbc,
0x45cdfd,0x54acbc,
0x45ce05,0x54acbc,
0x45ce0e,0x54acbc,
0x45ce17,0x54acbc,
0x45ce1f,0x54acbc,
0x45ce28,0x54acbc,
0x45ce31,0x54acbc,
0x45ce42,0x54acbc,
0x45ce50,0x4bc28c,
0x45ce56,0x54acbc,
0x45ce7f,0x54acbc,
0x45ce86,0x4f71b8,
0x45ce95,0x54acbc,
0x45cea3,0x54acbc,
0x45ceb3,0x54acbc,
0x45ceb9,0x54acdc,
0x45cec6,0x54acbc,
0x45cee1,0x54acbc,
0x45cf04,0x54acbc,
0x45cf11,0x54acbc,
0x45cf1b,0x4be0e8,
0x45cf2d,0x54acbc,
0x45cf3b,0x4be0ec,
0x45cf4b,0x54acbc,
0x45cf55,0x4be0e8,
0x45cf65,0x54acbc,
0x45cf6f,0x4be0ec,
0x45cf7f,0x54acbc,
0x45cf94,0x54acb8,
0x45cf9f,0x54acbc,
0x45cfcc,0x54acbc,
0x45cfdb,0x54ad28,
0x45cfe5,0x54ad28,
0x45d00e,0x4be0e0,
0x45d03a,0x54acbc,
0x45d0a0,0x54ace0,
0x45d0c2,0x54acc8,
0x45d102,0x5dd324,
0x45d10d,0x5dd320,
0x45d123,0x54acc8,
0x45d12d,0x54acbc,
0x45d138,0x54ace0,
0x45d13d,0x54acb8,
0x45d143,0x54ad28,
0x45d18a,0x54ace0,
0x45d193,0x54acdc,
0x45d1bc,0x54acc8,
0x45d1da,0x54acbc,
0x45d203,0x54acbc,
0x45d20b,0x54acbc,
0x45d214,0x54acbc,
0x45d248,0x54acbc,
0x45d272,0x54acbc,
0x45d298,0x54acbc,
0x45d2ba,0x54acbc,
0x45d2c2,0x54acbc,
0x45d2c8,0x54ad28,
0x45d2d4,0x54ad28,
0x45d2e6,0x54acbc,
0x45d32f,0x54ace0,
0x45d351,0x54acc8,
0x45d3b2,0x54ace0,
0x45d3ba,0x54acdc,
0x45d3ea,0x54acc8,
0x45d3fb,0x54ad28,
0x45d415,0x4be0d8,
0x45d469,0x54acc8,
0x45d48a,0x54acc8,
0x45d4b6,0x4be0d8,
0x45d551,0x54acc8,
0x45d55e,0x54ace0,
0x45d567,0x5dd320,
0x45d56d,0x54acdc,
0x45d573,0x5dd324,
0x45d57a,0x54acb8,
0x45d580,0x54acbc,
0x45d586,0x54ad28,
0x45d599,0x54ace0,
0x45d5c1,0x54acc8,
0x45d601,0x54ad28,
0x45d60e,0x54acbc,
0x45d614,0x54ad28,
0x45d61b,0x54acbc,
0x45d62a,0x54acbc,
0x45d69b,0x54ace0,
0x45d6be,0x54acc8,
0x45d733,0x54ace0,
0x45d756,0x54acc8,
0x45d7ca,0x54ace0,
0x45d7d6,0x54acdc,
0x45d800,0x54acc8,
0x45d846,0x54ad28,
0x45d853,0x54acbc,
0x45d859,0x54ad28,
0x45d861,0x54acbc,
0x45d870,0x54acbc,
0x45d8b7,0x54ace0,
0x45d8d9,0x54acc8,
0x45d931,0x54ad28,
0x45d94b,0x4be0d8,
0x45d99f,0x54acc8,
0x45d9c0,0x54acc8,
0x45d9ec,0x4be0d8,
0x45da71,0x54acbc,
0x45da80,0x54acbc,
0x45da8d,0x54acbc,
0x45dabc,0x54acbc,
0x45daef,0x54acbc,
0x45db1d,0x54acbc,
0x45db31,0x54acbc,
0x45db53,0x54acbc,
0x45db5c,0x54acbc,
0x45dbab,0x54ace0,
0x45dbce,0x54acc8,
0x45dc76,0x54acc8,
0x45dce5,0x54acc8,
0x45dcee,0x5dd320,
0x45dcf7,0x54ace0,
0x45dd00,0x5dd324,
0x45dd05,0x54acdc,
0x45dd0b,0x54acb8,
0x45dd11,0x54acbc,
0x45dd17,0x54ad28,
0x45dd59,0x54ace0,
0x45dd7b,0x54acc8,
0x45ddac,0x54ad28,
0x45ddc6,0x4be0d8,
0x45de19,0x54acc8,
0x45de3a,0x54acc8,
0x45de66,0x4be0d8,
0x45deb2,0x6093c0,
0x45debb,0x6093c8,
0x45dec1,0x609438,
0x45decf,0x609420,
0x45ded9,0x6093c4,
0x45dedf,0x6093c0,
0x45deea,0x609420,
0x45def7,0x6094f0,
0x45df07,0x6094f0,
0x45df1a,0x6094f0,
0x45df21,0x4f7330,
0x45df56,0x6093c8,
0x45df5b,0x6093c0,
0x45df97,0x4bc184,
0x45dfa2,0x4f7324,
0x45dfbf,0x4bc1bc,
0x45e05d,0x6094f0,
0x45e080,0x4f72f0,
0x45e09b,0x6093c0,
0x45e0c7,0x4f72e4,
0x45e0da,0x6093e0,
0x45e0f3,0x6093c4,
0x45e111,0x6093c0,
0x45e11c,0x6093c8,
0x45e147,0x6093e0,
0x45e179,0x6093c0,
0x45e194,0x5dcec0,
0x45e19a,0x5dd2bc,
0x45e1ab,0x5dcedc,
0x45e1b0,0x5dcee4,
0x45e1b6,0x5dcee8,
0x45e1be,0x5dcee0,
0x45e1eb,0x5dcec0,
0x45e1fe,0x5dd2a8,
0x45e251,0x5dcec0,
0x45e276,0x5dcec0,
0x45e283,0x5dcec0,
0x45e289,0x5dd2c0,
0x45e291,0x5dcec0,
0x45e297,0x5dd2e0,
0x45e2b1,0x4fe534,
0x45e2c6,0x4f749c,
0x45e2dc,0x609478,
0x45e2e9,0x609444,
0x45e2f3,0x6094dc,
0x45e300,0x4bc068,
0x45e30a,0x4bc040,
0x45e310,0x6094dc,
0x45e31d,0x6094dc,
0x45e327,0x6094dc,
0x45e32e,0x4bc03c,
0x45e333,0x6094ac,
0x45e345,0x6094c0,
0x45e34b,0x4bc038,
0x45e357,0x6094e0,
0x45e36a,0x609440,
0x45e38b,0x6093c0,
0x45e394,0x4f7478,
0x45e3a8,0x609440,
0x45e3b5,0x4f72c0,
0x45e3ba,0x6094b0,
0x45e3c0,0x4bc234,
0x45e3c8,0x5dcec0,
0x45e3ce,0x5dd2d0,
0x45e3d8,0x4bc034,
0x45e3df,0x6094dc,
0x45e3e6,0x4f7454,
0x45e3ed,0x4f7298,
0x45e3fa,0x6094e0,
0x45e407,0x4f7438,
0x45e414,0x609478,
0x45e421,0x609444,
0x45e42b,0x6094dc,
0x45e43c,0x4bc068,
0x45e446,0x4bc040,
0x45e44c,0x6094dc,
0x45e459,0x6094dc,
0x45e463,0x6094dc,
0x45e46a,0x4bc03c,
0x45e46f,0x6094ac,
0x45e482,0x6094c0,
0x45e488,0x4bc038,
0x45e49b,0x6094e0,
0x45e4b2,0x609440,
0x45e4b7,0x5dcec0,
0x45e4bf,0x5dd2d4,
0x45e4cd,0x654b80,
0x45e4d3,0x6094c8,
0x45e4df,0x6094c4,
0x45e4f4,0x6094cc,
0x45e505,0x6094cc,
0x45e50a,0x6094c0,
0x45e511,0x6094dc,
0x45e517,0x6094d0,
0x45e52e,0x609478,
0x45e538,0x6094c0,
0x45e545,0x4f7410,
0x45e552,0x609478,
0x45e55f,0x609444,
0x45e569,0x6094dc,
0x45e576,0x4bc068,
0x45e580,0x6094dc,
0x45e586,0x4bc040,
0x45e594,0x6094dc,
0x45e59d,0x6094dc,
0x45e5a4,0x4bc03c,
0x45e5a9,0x6094ac,
0x45e5bb,0x6094c0,
0x45e5c1,0x4bc038,
0x45e5cd,0x6094e0,
0x45e5e0,0x609440,
0x45e5e5,0x5dcec0,
0x45e5ed,0x5dd2d4,
0x45e60e,0x6094b0,
0x45e628,0x6094ac,
0x45e631,0x6094b0,
0x45e636,0x4f73e8,
0x45e652,0x6094b0,
0x45e663,0x6094b0,
0x45e668,0x4f73c4,
0x45e67a,0x6094ac,
0x45e6a3,0x609444,
0x45e6ad,0x609458,
0x45e6b6,0x4f739c,
0x45e6be,0x654b80,
0x45e6c7,0x6094d8,
0x45e6d1,0x6094d4,
0x45e6dd,0x6094d8,
0x45e6e7,0x6094d4,
0x45e6f6,0x6094d8,
0x45e6fc,0x6094d4,
0x45e705,0x609478,
0x45e70a,0x609444,
0x45e717,0x609444,
0x45e728,0x4f7374,
0x45e73a,0x5dcec0,
0x45e740,0x5dd2d4,
0x45e74e,0x5dcec0,
0x45e754,0x5dd2d4,
0x45e783,0x609478,
0x45e790,0x609444,
0x45e79a,0x6094dc,
0x45e7a7,0x4bc068,
0x45e7b1,0x4bc040,
0x45e7b7,0x6094dc,
0x45e7c4,0x6094dc,
0x45e7ce,0x6094dc,
0x45e7d5,0x4bc03c,
0x45e7da,0x6094ac,
0x45e7ec,0x6094c0,
0x45e7f2,0x4bc038,
0x45e7fe,0x6094e0,
0x45e811,0x609440,
0x45e82c,0x609478,
0x45e83c,0x4bc068,
0x45e842,0x4bc040,
0x45e848,0x6094dc,
0x45e851,0x6094c0,
0x45e857,0x6094dc,
0x45e864,0x6094dc,
0x45e86b,0x4bc090,
0x45e871,0x6094dc,
0x45e87d,0x4bc06c,
0x45e883,0x6094dc,
0x45e88f,0x4bc070,
0x45e894,0x6094dc,
0x45e89d,0x4bc048,
0x45e8a3,0x6094e0,
0x45e8a9,0x6094dc,
0x45e8b3,0x654b80,
0x45e8b9,0x6094c8,
0x45e8be,0x6094c4,
0x45e8c4,0x6094cc,
0x45e8d1,0x6093c0,
0x45e8da,0x6094d0,
0x45e8fa,0x609420,
0x45e912,0x609478,
0x45e918,0x6094dc,
0x45e938,0x6093c0,
0x45e947,0x4bc044,
0x45e951,0x6094dc,
0x45e966,0x6093c0,
0x45e96e,0x6093c8,
0x45e97f,0x4c2f8c,
0x45e98b,0x4f74d4,
0x45e99c,0x609420,
0x45e9a8,0x4f74a8,
0x45e9b7,0x609420,
0x45e9c5,0x4f749c,
0x45e9cc,0x609420,
0x45e9e6,0x6093c0,
0x45e9ee,0x6093c8,
0x45e9ff,0x4f7580,
0x45ea0b,0x4f74d4,
0x45ea1c,0x609420,
0x45ea27,0x4f755c,
0x45ea3c,0x4f752c,
0x45ea53,0x4f7500,
0x45ea62,0x609420,
0x45ea70,0x4f749c,
0x45ea77,0x609420,
0x45ea96,0x6093c0,
0x45ea9e,0x6093c8,
0x45eaaf,0x4c3210,
0x45eabb,0x4f74d4,
0x45eacc,0x609420,
0x45ead7,0x4f75e4,
0x45eaec,0x4f75b4,
0x45eb03,0x4f7588,
0x45eb12,0x609420,
0x45eb1b,0x609420,
0x45eb36,0x609438,
0x45eb41,0x609438,
0x45eb47,0x6093c4,
0x45eb4e,0x6093e0,
0x45eb73,0x4bc110,
0x45eb86,0x54ad34,
0x45eb8d,0x54ad38,
0x45eba1,0x54ad34,
0x45eba8,0x4bc10c,
0x45ebb4,0x54ad38,
0x45ebd1,0x54ad34,
0x45ebe2,0x4bc108,
0x45ec9d,0x4faed8,
0x45ece4,0x54ad30,
0x45ece9,0x54ad2c,
0x45ed0b,0x54ad3c,
0x45ed43,0x54ad3c,
0x45ed59,0x54ad3c,
0x45ee69,0x54ad34,
0x45ee72,0x4bc104,
0x45ef5d,0x54ad34,
0x45ef66,0x4bc104,
0x45f079,0x54ad34,
0x45f082,0x4bc104,
0x45f206,0x54ad34,
0x45f20f,0x4bc104,
0x45f3b1,0x54ad38,
0x45f3c3,0x4bc108,
0x45f3d6,0x54ad38,
0x45f3e0,0x4bc104,
0x45f3f7,0x4bc110,
0x45f403,0x54b16c,
0x45f40d,0x54b1f0,
0x45f417,0x54b1f4,
0x45f41e,0x45f6d0,
0x45f423,0x54b1f8,
0x45f429,0x54b1ec,
0x45f436,0x45f720,
0x45f443,0x4f7684,
0x45f454,0x4f7650,
0x45f45a,0x54b200,
0x45f46a,0x54b200,
0x45f496,0x54b030,
0x45f4a1,0x54b1fc,
0x45f4a8,0x54b170,
0x45f4b3,0x54b1e4,
0x45f4bd,0x54b16c,
0x45f4d1,0x54b200,
0x45f4dc,0x54b030,
0x45f4e9,0x4f7684,
0x45f4f6,0x54b1f0,
0x45f4fc,0x4bc10c,
0x45f505,0x54b1f4,
0x45f50e,0x54b1f8,
0x45f560,0x4be110,
0x45f571,0x54b068,
0x45f584,0x4be114,
0x45f595,0x4be110,
0x45f5a8,0x4be118,
0x45f5b2,0x4be11c,
0x45f5cb,0x4be120,
0x45f5f2,0x54b1e8,
0x45f612,0x54b168,
0x45f633,0x4be118,
0x45f63d,0x4be11c,
0x45f65a,0x4be120,
0x45f691,0x54b068,
0x45f697,0x54ad48,
0x45f6bd,0x54b167,
0x45f6f3,0x54b1ec,
0x45f704,0x54b1ec,
0x45f709,0x4f7694,
0x45f723,0x54b1ec,
0x45f741,0x4f7694,
0x45f755,0x4f7694,
0x45f764,0x54b1ec,
0x45f781,0x54b1f0,
0x45f797,0x4bc108,
0x45f7a0,0x4faed8,
0x45f820,0x54b16c,
0x45f85c,0x54b1f4,
0x45f866,0x4bc108,
0x45f890,0x460310,
0x45f8ca,0x54b1f4,
0x45f8d4,0x4bc108,
0x45f8f2,0x54b1f4,
0x45f8fe,0x4bc104,
0x45f91c,0x54b1f0,
0x45f9ce,0x609380,
0x45f9da,0x609380,
0x45f9e3,0x609380,
0x45f9ec,0x609380,
0x45f9f5,0x609380,
0x45f9fe,0x609380,
0x45fa07,0x609380,
0x45fa13,0x609380,
0x45fa2a,0x609340,
0x45fa6c,0x4c2a10,
0x45fa97,0x609340,
0x45fb8c,0x54b1ec,
0x45fbbf,0x4f7694,
0x45fc30,0x4be128,
0x45fc44,0x4be12c,
0x45fce9,0x4be130,
0x45fd38,0x4f760c,
0x45fe8a,0x4bc104,
0x45fe97,0x54b1f8,
0x45fec8,0x4faed8,
0x45ff07,0x4faed8,
0x45ff2a,0x4bc104,
0x45ff37,0x54b1f8,
0x45ff62,0x4faed8,
0x45ffad,0x4faed8,
0x45fffa,0x54b1f8,
0x460003,0x4bc104,
0x460057,0x4f760c,
0x4600e0,0x54b1f8,
0x4600f1,0x4bc108,
0x460175,0x54b1ec,
0x4601a5,0x54ad40,
0x4601b8,0x54ae54,
0x4601c8,0x4be134,
0x4601d0,0x4be13c,
0x4601df,0x4be148,
0x4601f0,0x4be138,
0x4601f6,0x4be148,
0x4601fe,0x4be140,
0x460204,0x4be148,
0x460218,0x4be144,
0x460220,0x4be144,
0x46022c,0x4be148,
0x46024c,0x4be148,
0x460266,0x4be148,
0x460286,0x4be148,
0x460292,0x4be148,
0x4602eb,0x54ad40,
0x460303,0x54ad40,
0x46036d,0x54b200,
0x4603af,0x4c2728,
0x4603b8,0x654b8e,
0x4603f5,0x4be128,
0x460402,0x4be12c,
0x460408,0x4be158,
0x460471,0x4f7610,
0x460477,0x4f76c8,
0x46047c,0x4f76bc,
0x46048e,0x4be15c,
0x46049d,0x4be160,
0x4604ae,0x4be15c,
0x4604bc,0x4be128,
0x4604d8,0x4be160,
0x4604e9,0x4be15c,
0x4604f5,0x4be15c,
0x46053c,0x4f7608,
0x460565,0x4f7608,
0x460581,0x4be148,
0x460597,0x4be150,
0x4605a9,0x4be150,
0x4605b6,0x4be128,
0x4605ea,0x4f76b0,
0x460605,0x4be164,
0x46060d,0x4be168,
0x46061c,0x4be164,
0x460624,0x4be16c,
0x4606fb,0x4be170,
0x46070c,0x54b170,
0x46076e,0x4f7610,
0x460774,0x4f76c8,
0x460779,0x4f76bc,
0x4607a9,0x4be15c,
0x4607b3,0x4be160,
0x4607c4,0x4be15c,
0x4607ce,0x4be128,
0x4607ea,0x4be160,
0x4607fb,0x4be15c,
0x460807,0x4be15c,
0x46085a,0x4f7608,
0x460868,0x4f7608,
0x460884,0x4be148,
0x46089a,0x4be150,
0x4608ac,0x4be150,
0x4608b9,0x4be128,
0x4608ed,0x4f76b0,
0x460908,0x4be164,
0x460910,0x4be168,
0x46091f,0x4be164,
0x460927,0x4be16c,
0x4609be,0x4f7638,
0x4609c3,0x4f76a8,
0x4609c8,0x4f76bc,
0x4609d3,0x54b1fc,
0x4609e2,0x4f769c,
0x4609f0,0x54b1fc,
0x460a04,0x4f7644,
0x460a09,0x4f76a8,
0x460a0e,0x4f76bc,
0x460a1d,0x54b1fc,
0x460a76,0x4be180,
0x460a7b,0x4ba0d0,
0x460ac6,0x54b168,
0x460af4,0x54b1e8,
0x460b7b,0x6543ac,
0x460b85,0x6543a4,
0x460c0c,0x54ad48,
0x460c30,0x5dd328,
0x460c36,0x63b2bf,
0x460c41,0x54b030,
0x460c50,0x63b2bf,
0x460cd2,0x4be128,
0x460ce6,0x4be12c,
0x460d88,0x4be130,
0x460e90,0x4faed8,
0x460f07,0x4faed8,
0x460f8d,0x4faed8,
0x4610ae,0x4faed8,
0x461206,0x4faed8,
0x461255,0x4faed8,
0x4612b3,0x4bc104,
0x4612c0,0x54b1f8,
0x4612d8,0x54b1f8,
0x4612e6,0x4bc108,
0x461390,0x4faed8,
0x4613cc,0x4faed8,
0x46150d,0x4f7694,
0x461523,0x4f7694,
0x461539,0x4f7694,
0x46154f,0x4f7694,
0x461599,0x4f7694,
0x4615b0,0x4f7694,
0x4615c7,0x4f7694,
0x4615de,0x4f7694,
0x46171f,0x4be17c,
0x4617a2,0x4f1edc,
0x4617bb,0x4f76d4,
0x461803,0x54b204,
0x461808,0x54b208,
0x461813,0x54b204,
0x461827,0x4f7c5c,
0x46183b,0x54b208,
0x461852,0x54b208,
0x46185c,0x54b20c,
0x461865,0x54b20c,
0x46186b,0x54b204,
0x461875,0x54b210,
0x46187e,0x54b210,
0x4618a1,0x4f76e0,
0x4618ae,0x4f7c5c,
0x4618bf,0x4f770c,
0x4618e1,0x54b208,
0x4618eb,0x54b208,
0x4618f6,0x54b20c,
0x4618fb,0x54b208,
0x461907,0x54b20c,
0x46190e,0x54b204,
0x46191a,0x4f7c5c,
0x46192c,0x4f7c5c,
0x46193b,0x54b204,
0x461941,0x54b204,
0x46194c,0x54b210,
0x461951,0x54b204,
0x46195d,0x54b210,
0x461997,0x4f76e0,
0x4619a4,0x4f7c5c,
0x4619b9,0x4f76e4,
0x4619c7,0x4f7c5c,
0x4619d3,0x54b204,
0x4619e7,0x54b204,
0x4619ed,0x54b208,
0x4619fb,0x54b20c,
0x461a00,0x54b208,
0x461a05,0x54b210,
0x461a10,0x54b20c,
0x461a15,0x54b210,
0x461a29,0x4f7c5c,
0x461a62,0x4f76e0,
0x461a6f,0x4f7c5c,
0x461a80,0x4f7710,
0x461a9e,0x54b204,
0x461abb,0x4f7c5c,
0x461ac9,0x54b208,
0x461ae0,0x54b208,
0x461aea,0x54b20c,
0x461af3,0x54b20c,
0x461af9,0x54b204,
0x461b03,0x54b210,
0x461b0c,0x54b210,
0x461b48,0x4f76e0,
0x461b55,0x4f7c5c,
0x461b66,0x4f7710,
0x461b82,0x54b208,
0x461b9b,0x4f7c5c,
0x461bd2,0x4f76e0,
0x461be3,0x4f7c5c,
0x461bf6,0x4f76e8,
0x461c06,0x4f76ec,
0x461c10,0x4f76f0,
0x461c1c,0x4f7c5c,
0x461c2b,0x54b204,
0x461c35,0x54b210,
0x461c3e,0x54b210,
0x461c44,0x54b208,
0x461c4f,0x54b20c,
0x461c5f,0x54b20c,
0x461c83,0x54b204,
0x461c97,0x4f7c5c,
0x461cab,0x54b208,
0x461cc2,0x54b208,
0x461ccc,0x54b20c,
0x461cd5,0x54b20c,
0x461cdb,0x54b204,
0x461ce5,0x54b210,
0x461cee,0x54b210,
0x461d11,0x4f76e0,
0x461d1e,0x4f7c5c,
0x461d2f,0x4f76ec,
0x461d53,0x54b204,
0x461d67,0x4f7c5c,
0x461d7b,0x54b208,
0x461d92,0x54b208,
0x461d9c,0x54b20c,
0x461da5,0x54b20c,
0x461dab,0x54b204,
0x461db5,0x54b210,
0x461dbe,0x54b210,
0x461de1,0x4f76e0,
0x461dee,0x4f7c5c,
0x461dff,0x4f76f0,
0x461e46,0x4f76e0,
0x461e53,0x4f7c5c,
0x461e64,0x4f76fc,
0x461ef9,0x4f76e0,
0x461f06,0x4f7c5c,
0x461f17,0x4f7700,
0x461f95,0x4f76e0,
0x461fa6,0x4f7c5c,
0x461fc3,0x4f7704,
0x461ff5,0x4f76e0,
0x462002,0x4f7c5c,
0x462013,0x4f7704,
0x462063,0x4f76e0,
0x462070,0x4f7c5c,
0x462083,0x4f7708,
0x4620c9,0x4f7c85,
0x4620cf,0x54b67c,
0x4620d4,0x54b680,
0x4620d9,0x54b684,
0x4620e6,0x54b680,
0x4620eb,0x4f7c78,
0x4620f9,0x54b684,
0x462106,0x54b680,
0x46211d,0x54b648,
0x462132,0x4fe534,
0x46213b,0x54b67c,
0x462149,0x54b67c,
0x462152,0x54b684,
0x46215e,0x54b680,
0x46216e,0x54b67c,
0x462178,0x54b684,
0x462183,0x54b680,
0x462196,0x54b67c,
0x4621a1,0x54b67c,
0x4621b1,0x54b684,
0x4621ba,0x54b67c,
0x4621c9,0x54b680,
0x4621e1,0x4fe534,
0x4621f9,0x54b67c,
0x46221e,0x54b648,
0x462237,0x54b64c,
0x46224e,0x54b648,
0x462259,0x5dd360,
0x46226f,0x4f9e14,
0x462275,0x4f9e18,
0x46227c,0x4f7c98,
0x462420,0x4bc1f0,
0x46242e,0x54b648,
0x462442,0x5dd360,
0x46244f,0x4f7c98,
0x462465,0x54b65c,
0x462488,0x60865e,
0x4625de,0x609340,
0x4625e7,0x609380,
0x462726,0x4f7d34,
0x462738,0x4bc28c,
0x462770,0x4f7d10,
0x4627a1,0x4f7d24,
0x462807,0x4bc20c,
0x46286e,0x4f7d30,
0x462874,0x4f7d2c,
0x46287d,0x4f7d28,
0x462883,0x4f7d24,
0x4628ed,0x54b9a8,
0x4628fb,0x54b688,
0x462901,0x54b9a8,
0x46290c,0x4f7d40,
0x462937,0x54b9ac,
0x462949,0x54b9a8,
0x462954,0x54b688,
0x46296d,0x54b688,
0x462981,0x54b9a8,
0x462991,0x4628e0,
0x46299e,0x462920,
0x4629ac,0x54b9a8,
0x4629c1,0x54b9a8,
0x4629d4,0x54b688,
0x4629f8,0x4f7d94,
0x462a1a,0x4f7d6c,
0x462a47,0x4c3450,
0x462a54,0x54b9a8,
0x462a69,0x54b9ac,
0x462a82,0x54b9ac,
0x462ab9,0x54b9ac,
0x462ac5,0x54b9a8,
0x462ad0,0x54b688,
0x462af4,0x4f7d94,
0x462b16,0x4f7d6c,
0x462b43,0x4c3450,
0x462b50,0x54b9a8,
0x462b68,0x54b9ac,
0x462b6f,0x54b9a8,
0x462b80,0x54b688,
0x462bbb,0x4c3450,
0x462c11,0x4bc20c,
0x462c5e,0x54b9a8,
0x462cf6,0x54b9a8,
0x462d03,0x54b688,
0x462da1,0x4f8124,
0x462dc1,0x4f8124,
0x462de1,0x4f8124,
0x462e01,0x4f8124,
0x463176,0x4f8124,
0x463422,0x4be1b8,
0x46343c,0x4be1b8,
0x46346e,0x4637bc,
0x463478,0x4be1b8,
0x463495,0x4be1b8,
0x4634b7,0x4be1b8,
0x4634cf,0x4be1b8,
0x46354d,0x4bc20c,
0x4636f8,0x4637cc,
0x463704,0x4be1c0,
0x463718,0x4be1c0,
0x46372d,0x4be1c0,
0x463740,0x4be1c0,
0x463756,0x4be1c0,
0x46376a,0x4be1c0,
0x4637bc,0x463472,
0x4637c0,0x4634a7,
0x4637c4,0x4634e1,
0x4637c8,0x4634e8,
0x4637cc,0x463726,
0x4637d0,0x463726,
0x4637d4,0x4636fc,
0x4637d8,0x463726,
0x4637dc,0x46374e,
0x4637e0,0x463776,
0x4637e4,0x463776,
0x4637e8,0x463776,
0x4637ec,0x463776,
0x4637f0,0x463776,
0x4637f4,0x4636fc,
0x46389c,0x4be1b0,
0x4638d5,0x4be1b0,
0x4638f8,0x54b9b0,
0x463921,0x4c2720,
0x463927,0x4c2728,
0x46392d,0x54b9b0,
0x4639c8,0x4f8124,
0x4639ec,0x4f8124,
0x463a0f,0x4f8124,
0x463a32,0x4f8124,
0x463a55,0x4f8124,
0x463b2c,0x4f8164,
0x463b33,0x4f8160,
0x463ba0,0x4be1c8,
0x463c0c,0x4be1cc,
0x463c29,0x4be1d0,
0x463c42,0x4be1cc,
0x463c63,0x4be1c8,
0x463cb8,0x4be1cc,
0x463ccf,0x4be1d0,
0x463ce9,0x4be1b0,
0x463cf1,0x4be1b0,
0x463d50,0x4be1d4,
0x463d82,0x4be1d4,
0x463db6,0x4be1d8,
0x463e4a,0x4be1d4,
0x463e6e,0x4be1d4,
0x463e85,0x4be1dc,
0x463e96,0x4be1e0,
0x463ef4,0x4be1e8,
0x463f0a,0x4be1dc,
0x463f20,0x4be1ec,
0x463f5a,0x4be1d4,
0x463f67,0x4be1a4,
0x464076,0x4f8144,
0x464087,0x4bc2a8,
0x464091,0x4f812c,
0x4640ab,0x4bc234,
0x464176,0x53679c,
0x46425a,0x4bc20c,
0x464270,0x46433c,
0x46430e,0x4be1d4,
0x46431b,0x4be1a4,
0x46433c,0x464274,
0x464340,0x464290,
0x464344,0x464290,
0x464348,0x4642ac,
0x46434c,0x4642ac,
0x464350,0x4642c8,
0x464682,0x4be1f0,
0x46469e,0x4be1f4,
0x46474e,0x4be1d4,
0x46477a,0x4be1d4,
0x464791,0x4be1e8,
0x4647a4,0x4be1dc,
0x4647ba,0x4be1ec,
0x46481d,0x4be1ec,
0x46484d,0x4be1f8,
0x4649be,0x4be1fc,
0x4649d1,0x4be1a4,
0x4649db,0x4be200,
0x464a05,0x4be1a0,
0x464a0d,0x4be1a4,
0x464c2a,0x53679c,
0x464ce8,0x4f8144,
0x464cf8,0x4bc2a8,
0x464d02,0x4f812c,
0x464d19,0x4bc234,
0x464d68,0x4be1b0,
0x464d93,0x4be1b0,
0x464eaf,0x4f7e08,
0x464eea,0x4f8092,
0x464f0d,0x4f8010,
0x464f21,0x4be1d4,
0x464f36,0x4f8010,
0x464f4c,0x4be1d4,
0x464f63,0x4be1e8,
0x464f76,0x4be1dc,
0x464f8c,0x4be1ec,
0x464fb0,0x4f7dc0,
0x464fce,0x46527c,
0x464ffb,0x4f7df0,
0x465020,0x4f7df0,
0x465046,0x4f8092,
0x465066,0x4f8092,
0x4650cc,0x4be1b0,
0x4650dc,0x4be1e8,
0x4650ef,0x4be1dc,
0x465105,0x4be1ec,
0x46512b,0x4f7dd4,
0x46514a,0x465290,
0x465176,0x4f7e04,
0x465196,0x4f7e04,
0x4651e9,0x4be204,
0x4651f3,0x4be1a4,
0x46527c,0x464fd2,
0x465280,0x464fdc,
0x465284,0x464fdc,
0x465288,0x464fe6,
0x46528c,0x464ff0,
0x465290,0x46514e,
0x465294,0x465158,
0x465298,0x465158,
0x46529c,0x465162,
0x4652a0,0x46516c,
0x46533d,0x4f8124,
0x46545a,0x4be1b0,
0x4655c1,0x4f8124,
0x46575b,0x4be208,
0x465900,0x654b98,
0x4659a5,0x654b98,
0x4659db,0x654b98,
0x465a8e,0x654b98,
0x465b72,0x4bc20c,
0x465ba7,0x4be1d8,
0x465bb9,0x4bc20c,
0x465bd5,0x4bc20c,
0x465c01,0x4bc20c,
0x465c4d,0x465f74,
0x465c54,0x465f54,
0x465d01,0x4bc20c,
0x465dad,0x465fb4,
0x465db4,0x465f94,
0x465e9a,0x4be1b0,
0x465eaa,0x4be1e8,
0x465ebd,0x4be1dc,
0x465ed3,0x4be1ec,
0x465f54,0x465c6f,
0x465f58,0x465c68,
0x465f5c,0x465c58,
0x465f60,0x465c68,
0x465f64,0x465c76,
0x465f68,0x465c60,
0x465f6c,0x465c7e,
0x465f70,0x465c89,
0x465f94,0x465dd0,
0x465f98,0x465dc8,
0x465f9c,0x465db8,
0x465fa0,0x465dc8,
0x465fa4,0x465dd8,
0x465fa8,0x465dc0,
0x465fac,0x465de0,
0x465fb0,0x465deb,
0x46601d,0x4f7dc0,
0x46604e,0x4660b4,
0x4660b4,0x466052,
0x4660b8,0x466052,
0x4660bc,0x466056,
0x4660c0,0x46605d,
0x4660c4,0x466064,
0x4660da,0x4f7dc0,
0x4660ff,0x466164,
0x466123,0x4f7df0,
0x466137,0x4f7e08,
0x46614e,0x4f7df0,
0x466164,0x466103,
0x466168,0x466107,
0x46616c,0x466107,
0x466170,0x46610e,
0x466174,0x466115,
0x46625b,0x4f817c,
0x466262,0x4bc28c,
0x466283,0x4bc20c,
0x466296,0x4be218,
0x46629c,0x4be1a0,
0x4662b6,0x4be218,
0x4662bc,0x4be1a0,
0x4662d1,0x4f7e08,
0x4662ea,0x4f7dc0,
0x4662f3,0x4f8092,
0x466303,0x4f7df0,
0x46631d,0x4f7df0,
0x466332,0x4bc20c,
0x466343,0x4f839e,
0x4663ad,0x53679c,
0x466421,0x466a7c,
0x466428,0x466a5c,
0x4664e7,0x4bc20c,
0x4664fc,0x466a9c,
0x466619,0x4be21c,
0x46663a,0x4be21c,
0x466657,0x4be21c,
0x466793,0x4be220,
0x4667bc,0x4be220,
0x4667ed,0x4be220,
0x46683b,0x4f8174,
0x466955,0x4f7d30,
0x46695c,0x4f7d2c,
0x466985,0x4f7d28,
0x46698c,0x4f7d24,
0x4669c8,0x4be224,
0x4669ea,0x4be228,
0x466a0e,0x4f8168,
0x466a18,0x4be224,
0x466a26,0x4bc28c,
0x466a5c,0x466443,
0x466a60,0x46643c,
0x466a64,0x46642c,
0x466a68,0x46643c,
0x466a6c,0x46644a,
0x466a70,0x466434,
0x466a74,0x466452,
0x466a78,0x46645f,
0x466a9c,0x466500,
0x466aa0,0x4666b9,
0x466aa4,0x4668d5,
0x466aa8,0x4668d5,
0x466aac,0x466901,
0x466ab0,0x466901,
0x466ab4,0x4669a7,
0x466ab8,0x4669a7,
0x466ae2,0x466b44,
0x466ae9,0x466b24,
0x466b24,0x466b07,
0x466b28,0x466b01,
0x466b2c,0x466af3,
0x466b30,0x466b01,
0x466b34,0x466b0d,
0x466b38,0x466afa,
0x466b3c,0x466b14,
0x466b40,0x466b1e,
0x466b92,0x466bf4,
0x466b99,0x466bd4,
0x466bd4,0x466bb9,
0x466bd8,0x466bb2,
0x466bdc,0x466ba4,
0x466be0,0x466bb2,
0x466be4,0x466bc0,
0x466be8,0x466bab,
0x466bec,0x466bc7,
0x466bf0,0x466bd1,
0x466c52,0x4be1d4,
0x466c84,0x4be1d4,
0x466ca6,0x4be1e8,
0x466cc0,0x4be22c,
0x466cd9,0x4be230,
0x466fed,0x4be1e8,
0x46704a,0x4be1b0,
0x46705a,0x4be1e8,
0x46706d,0x4be1dc,
0x467083,0x4be1ec,
0x4670a6,0x4f7dc0,
0x4670c9,0x467258,
0x4670ed,0x4f7df0,
0x467105,0x4f7e08,
0x46711c,0x4f7df0,
0x467174,0x4be1b0,
0x467184,0x4be1e8,
0x467197,0x4be1dc,
0x4671ad,0x4be1ec,
0x4671d0,0x4f7dc0,
0x4671ef,0x46726c,
0x467213,0x4f7df0,
0x467227,0x4f7e08,
0x46723e,0x4f7df0,
0x467258,0x4670cd,
0x46725c,0x4670d1,
0x467260,0x4670d1,
0x467264,0x4670d8,
0x467268,0x4670df,
0x46726c,0x4671f3,
0x467270,0x4671f7,
0x467274,0x4671f7,
0x467278,0x4671fe,
0x46727c,0x467205,
0x467298,0x4f8188,
0x467500,0x4be1d4,
0x467524,0x4be1d4,
0x46753b,0x4be1dc,
0x4675af,0x4be23c,
0x4675ea,0x4be1d4,
0x46760e,0x4be1d4,
0x467625,0x4be1dc,
0x467692,0x54b9ec,
0x46769c,0x4f863c,
0x467811,0x54b9cc,
0x46781a,0x4f863c,
0x467834,0x54b9b8,
0x467841,0x54b9b8,
0x467865,0x4f863c,
0x46786c,0x4f85e0,
0x4678b6,0x4f8290,
0x4678c2,0x4f81d0,
0x4678d6,0x54b9b8,
0x4678de,0x4f84f0,
0x4678e9,0x4f8190,
0x4678ef,0x54b9ec,
0x4678fc,0x4f863c,
0x46790e,0x4f85e8,
0x4679a6,0x54b9b8,
0x4679cc,0x54b9b8,
0x4679e3,0x654b80,
0x4679ee,0x4f863c,
0x4679f7,0x4f819d,
0x467a01,0x4f863c,
0x467a0a,0x4f8190,
0x467a1e,0x4f863c,
0x467a2b,0x4f8190,
0x467a3a,0x54b9ec,
0x467a56,0x54b9ec,
0x467a8c,0x4be240,
0x467aa3,0x4f8360,
0x467aab,0x4f8364,
0x467ab4,0x4f85f0,
0x467ac3,0x4f863c,
0x467acc,0x54b9b8,
0x467ad3,0x4f8350,
0x467ade,0x4f84c0,
0x467ae8,0x54b9ec,
0x467aef,0x4f8190,
0x467b05,0x4f85f0,
0x467b18,0x4f863c,
0x467b22,0x4f8190,
0x467b2b,0x54b9ec,
0x467bc4,0x4f8600,
0x467be4,0x4f8600,
0x467beb,0x4f8600,
0x467bf5,0x4f8600,
0x467c00,0x4f8600,
0x467c05,0x4f863c,
0x467c0c,0x4be244,
0x467c12,0x4f81c0,
0x467c18,0x4f81b0,
0x467c29,0x4f8520,
0x467c33,0x54b9ec,
0x467c3a,0x4f8190,
0x467c52,0x54b9b8,
0x467c62,0x4f8610,
0x467c7a,0x4f8610,
0x467c81,0x4f8610,
0x467c8f,0x4f8610,
0x467c9a,0x4f8610,
0x467c9f,0x4f863c,
0x467ca6,0x4be244,
0x467cac,0x4f81c0,
0x467cb2,0x4f81b0,
0x467cc3,0x4f8550,
0x467cce,0x4f8190,
0x467cd3,0x54b9ec,
0x467ceb,0x54b9b8,
0x467d00,0x4f8620,
0x467d1c,0x4f8620,
0x467d23,0x4f8620,
0x467d2c,0x4f8620,
0x467d37,0x4f8620,
0x467d3c,0x4f863c,
0x467d43,0x4be244,
0x467d49,0x4f81c0,
0x467d4f,0x4f81b0,
0x467d60,0x4f8580,
0x467d6a,0x54b9ec,
0x467d71,0x4f8190,
0x467d89,0x54b9b8,
0x467d99,0x4f8630,
0x467db1,0x4f8630,
0x467db8,0x4f8630,
0x467dc1,0x4f8630,
0x467dcc,0x4f8630,
0x467dd1,0x4f863c,
0x467ddb,0x4be244,
0x467de1,0x4f81c0,
0x467de7,0x4f81b0,
0x467df6,0x4f85b0,
0x467dfd,0x54b9ec,
0x467e04,0x4f8190,
0x467e1c,0x54b9b8,
0x467e50,0x4f8630,
0x467e58,0x4f8600,
0x467e7c,0x4bc20c,
0x467e8a,0x4be248,
0x467e90,0x4be24c,
0x467e9b,0x4f863c,
0x467ea5,0x54b9b8,
0x467eac,0x4f8440,
0x467eb8,0x4f8490,
0x467ec2,0x54b9ec,
0x467ec9,0x4f8190,
0x467eec,0x4f85f0,
0x467efd,0x4f85e0,
0x467f21,0x4f863c,
0x467f38,0x4f8290,
0x467f44,0x4f81d0,
0x467f5c,0x54b9b8,
0x467f64,0x4f84f0,
0x467f6f,0x4f8190,
0x467f74,0x54b9ec,
0x467fb9,0x4f8610,
0x467fd8,0x4f8620,
0x46804a,0x54b9f0,
0x468059,0x54fa10,
0x468060,0x588de8,
0x468066,0x588df0,
0x46806f,0x588df0,
0x468074,0x588dec,
0x46807a,0x588df4,
0x468083,0x588df4,
0x46808b,0x588de8,
0x468090,0x588dec,
0x4680c9,0x54fa10,
0x4680d9,0x54e110,
0x4680e5,0x54e12c,
0x4680fa,0x588dec,
0x468101,0x54fa10,
0x46810a,0x54fa10,
0x468113,0x54e12c,
0x468119,0x54e110,
0x468130,0x4be250,
0x46815d,0x4be250,
0x46816c,0x54e118,
0x468172,0x54e114,
0x468188,0x54e114,
0x4681fb,0x588dec,
0x468206,0x54e118,
0x46821c,0x54e11c,
0x468238,0x588dec,
0x46823f,0x54e110,
0x468244,0x588dec,
0x468258,0x54e110,
0x468299,0x54fa10,
0x4682a9,0x54e110,
0x4682b5,0x54e12c,
0x4682ca,0x588dec,
0x4682d1,0x54fa10,
0x4682da,0x54fa10,
0x4682e3,0x54e12c,
0x4682e9,0x54e110,
0x468300,0x4be250,
0x46832d,0x4be250,
0x46833c,0x54e118,
0x468342,0x54e114,
0x468358,0x54e114,
0x4683cb,0x588dec,
0x4683d6,0x54e118,
0x4683ec,0x54e11c,
0x468408,0x588dec,
0x46840f,0x54e110,
0x468414,0x588dec,
0x468428,0x54e110,
0x468469,0x54fa10,
0x468479,0x54e110,
0x468485,0x54e12c,
0x46849a,0x588dec,
0x4684a1,0x54fa10,
0x4684aa,0x54fa10,
0x4684b3,0x54e12c,
0x4684b9,0x54e110,
0x4684d0,0x4be250,
0x4684fd,0x4be250,
0x46850c,0x54e118,
0x468512,0x54e114,
0x468528,0x54e114,
0x46859b,0x588dec,
0x4685a6,0x54e118,
0x4685bc,0x54e11c,
0x4685d8,0x588dec,
0x4685df,0x54e110,
0x4685e4,0x588dec,
0x46860e,0x54e110,
0x468649,0x54fa10,
0x468659,0x54e110,
0x468665,0x54e12c,
0x46867a,0x588dec,
0x468681,0x54fa10,
0x46868a,0x54fa10,
0x468693,0x54e12c,
0x468699,0x54e110,
0x4686b0,0x4be250,
0x4686dd,0x4be250,
0x4686ec,0x54e118,
0x4686f2,0x54e114,
0x468708,0x54e114,
0x46877b,0x588dec,
0x468786,0x54e118,
0x46879c,0x54e11c,
0x4687b8,0x588dec,
0x4687bf,0x54e110,
0x4687c4,0x588dec,
0x4687d8,0x54e110,
0x46882f,0x54b9f0,
0x468843,0x54fbd8,
0x46884b,0x54fbdc,
0x468857,0x54fc08,
0x468886,0x54fa10,
0x468896,0x54e110,
0x46889e,0x54e12c,
0x4688ad,0x54e110,
0x4688c1,0x588dec,
0x4688c8,0x54fa10,
0x4688d1,0x54fa10,
0x4688dd,0x54e12c,
0x4688e3,0x54e110,
0x468901,0x4be250,
0x46891c,0x4be250,
0x468928,0x588dec,
0x468935,0x54e118,
0x46893b,0x54e114,
0x468950,0x588dec,
0x46895a,0x54e114,
0x4689cc,0x588dec,
0x4689d7,0x54e118,
0x4689ef,0x54e11c,
0x4689f8,0x54e110,
0x468a11,0x588dec,
0x468a17,0x588dec,
0x468a39,0x54fa10,
0x468a49,0x54e110,
0x468a51,0x54e12c,
0x468a61,0x54e110,
0x468a7a,0x588de8,
0x468a94,0x54b9f0,
0x468a9a,0x54fc08,
0x468aa4,0x54fbd8,
0x468aaa,0x54fbdc,
0x468ab1,0x54b9f0,
0x468aba,0x54fbd8,
0x468b08,0x54fbfc,
0x468b0e,0x54fc00,
0x468b14,0x54fc04,
0x468b20,0x54fbf0,
0x468b2a,0x54fbf4,
0x468b34,0x54fbf8,
0x468b3e,0x4be250,
0x468b4b,0x4be250,
0x468b58,0x54fbec,
0x468b6c,0x54fbec,
0x468bc0,0x4be250,
0x468bc8,0x54fbe0,
0x468bd0,0x54fbe4,
0x468be7,0x4be250,
0x468bf5,0x54fbe8,
0x468c01,0x588de8,
0x468c19,0x588de8,
0x468c1f,0x54fbe8,
0x468c37,0x54fbd8,
0x468c5c,0x588dec,
0x468c74,0x54fa10,
0x468c7b,0x54fa10,
0x468c81,0x54e12c,
0x468c87,0x54e110,
0x468c9e,0x4be250,
0x468ccb,0x4be250,
0x468cda,0x54e118,
0x468ce0,0x54e114,
0x468cf6,0x54e114,
0x468d69,0x588dec,
0x468d74,0x54e118,
0x468d8a,0x54e11c,
0x468da7,0x588dec,
0x468dad,0x54e110,
0x468db7,0x588dec,
0x468dff,0x54b9f0,
0x468e13,0x54fbd8,
0x468e1b,0x54fbdc,
0x468e27,0x54fc08,
0x468e56,0x54fa10,
0x468e66,0x54e110,
0x468e6e,0x54e12c,
0x468e7d,0x54e110,
0x468e91,0x588dec,
0x468e98,0x54fa10,
0x468ea1,0x54fa10,
0x468ead,0x54e12c,
0x468eb3,0x54e110,
0x468ed1,0x4be250,
0x468eec,0x4be250,
0x468ef8,0x588dec,
0x468f05,0x54e118,
0x468f0b,0x54e114,
0x468f20,0x588dec,
0x468f2a,0x54e114,
0x468f9c,0x588dec,
0x468fa7,0x54e118,
0x468fbf,0x54e11c,
0x468fc8,0x54e110,
0x468fe1,0x588dec,
0x468fe7,0x588dec,
0x469009,0x54fa10,
0x469019,0x54e110,
0x469021,0x54e12c,
0x469031,0x54e110,
0x46904a,0x588de8,
0x469064,0x54b9f0,
0x46906a,0x54fc08,
0x469074,0x54fbd8,
0x46907a,0x54fbdc,
0x469081,0x54b9f0,
0x46908a,0x54fbd8,
0x4690d8,0x54fbfc,
0x4690de,0x54fc00,
0x4690e4,0x54fc04,
0x4690f0,0x54fbf0,
0x4690fa,0x54fbf4,
0x469104,0x54fbf8,
0x46910e,0x4be250,
0x46911b,0x4be250,
0x469128,0x54fbec,
0x46913c,0x54fbec,
0x469190,0x4be250,
0x469198,0x54fbe0,
0x4691a0,0x54fbe4,
0x4691b7,0x4be250,
0x4691c5,0x54fbe8,
0x4691d1,0x588de8,
0x4691e9,0x588de8,
0x4691ef,0x54fbe8,
0x469207,0x54fbd8,
0x46925f,0x54b9f0,
0x469273,0x54fbd8,
0x46927b,0x54fbdc,
0x469287,0x54fc08,
0x4692b6,0x54fa10,
0x4692c6,0x54e110,
0x4692ce,0x54e12c,
0x4692dd,0x54e110,
0x4692f1,0x588dec,
0x4692f8,0x54fa10,
0x469301,0x54fa10,
0x46930d,0x54e12c,
0x469313,0x54e110,
0x469331,0x4be250,
0x46934c,0x4be250,
0x469358,0x588dec,
0x469365,0x54e118,
0x46936b,0x54e114,
0x469380,0x588dec,
0x46938a,0x54e114,
0x4693fc,0x588dec,
0x469407,0x54e118,
0x46941f,0x54e11c,
0x469428,0x54e110,
0x469441,0x588dec,
0x469447,0x588dec,
0x469469,0x54fa10,
0x469479,0x54e110,
0x469481,0x54e12c,
0x469491,0x54e110,
0x4694aa,0x588de8,
0x4694c4,0x54b9f0,
0x4694ca,0x54fc08,
0x4694d4,0x54fbd8,
0x4694da,0x54fbdc,
0x4694e1,0x54b9f0,
0x4694ea,0x54fbd8,
0x469538,0x54fbfc,
0x46953e,0x54fc00,
0x469544,0x54fc04,
0x469550,0x54fbf0,
0x46955a,0x54fbf4,
0x469564,0x54fbf8,
0x46956e,0x4be250,
0x46957b,0x4be250,
0x469588,0x54fbec,
0x46959c,0x54fbec,
0x4695f0,0x4be250,
0x4695f8,0x54fbe0,
0x469600,0x54fbe4,
0x469617,0x4be250,
0x469626,0x54fbe8,
0x469638,0x54fbe8,
0x46963f,0x588de8,
0x46966a,0x54fbd8,
0x4696cf,0x54b9f0,
0x4696e3,0x54fbd8,
0x4696eb,0x54fbdc,
0x4696f7,0x54fc08,
0x469726,0x54fa10,
0x469736,0x54e110,
0x46973e,0x54e12c,
0x46974d,0x54e110,
0x469761,0x588dec,
0x469768,0x54fa10,
0x469771,0x54fa10,
0x46977d,0x54e12c,
0x469783,0x54e110,
0x4697a1,0x4be250,
0x4697bc,0x4be250,
0x4697c8,0x588dec,
0x4697d5,0x54e118,
0x4697db,0x54e114,
0x4697f0,0x588dec,
0x4697fa,0x54e114,
0x46986c,0x588dec,
0x469877,0x54e118,
0x46988f,0x54e11c,
0x469898,0x54e110,
0x4698b1,0x588dec,
0x4698b7,0x588dec,
0x4698d9,0x54fa10,
0x4698e9,0x54e110,
0x4698f1,0x54e12c,
0x469901,0x54e110,
0x46991a,0x588de8,
0x469934,0x54b9f0,
0x46993a,0x54fc08,
0x469944,0x54fbd8,
0x46994a,0x54fbdc,
0x469951,0x54b9f0,
0x46995a,0x54fbd8,
0x4699a8,0x54fbfc,
0x4699ae,0x54fc00,
0x4699b4,0x54fc04,
0x4699c0,0x54fbf0,
0x4699ca,0x54fbf4,
0x4699d4,0x54fbf8,
0x4699de,0x4be250,
0x4699eb,0x4be250,
0x4699f8,0x54fbec,
0x469a0c,0x54fbec,
0x469a60,0x4be250,
0x469a68,0x54fbe0,
0x469a70,0x54fbe4,
0x469a87,0x4be250,
0x469a96,0x54fbe8,
0x469aa8,0x54fbe8,
0x469aaf,0x588de8,
0x469aea,0x54fbd8,
0x469b0f,0x4f1508,
0x469b15,0x4f150a,
0x469b2d,0x58d900,
0x469b48,0x588df8,
0x469b4e,0x4bc290,
0x469b54,0x588df8,
0x469b7f,0x4bc28c,
0x469b8a,0x588df8,
0x469bc2,0x588df8,
0x469bdf,0x4f2710,
0x469be6,0x4bc260,
0x469bf2,0x58d900,
0x469bfe,0x588e5c,
0x469c04,0x588e4c,
0x469c0c,0x588e48,
0x469c12,0x588e38,
0x469c1a,0x588e34,
0x469c20,0x588e26,
0x469c28,0x588e19,
0x469c2e,0x588e0c,
0x469c36,0x588e08,
0x469c3c,0x588e04,
0x469c43,0x588e00,
0x469c4e,0x4f8654,
0x469c55,0x4bc1d0,
0x469c5a,0x58d900,
0x469c63,0x58d900,
0x469c69,0x588df8,
0x469c7c,0x4bc290,
0x469c82,0x588df8,
0x469cad,0x4bc28c,
0x469cba,0x588df8,
0x469cfe,0x588df8,
0x469d35,0x4f8678,
0x469d3d,0x588e0c,
0x469d44,0x4bc210,
0x469d59,0x588e0c,
0x469d88,0x588e08,
0x469da5,0x4f8678,
0x469dad,0x588e19,
0x469db4,0x4bc210,
0x469dc9,0x588e19,
0x469e00,0x4be258,
0x469e0f,0x4f8678,
0x469e17,0x588e26,
0x469e20,0x4bc210,
0x469e35,0x588e26,
0x469e3d,0x4be25c,
0x469e42,0x4f8678,
0x469e55,0x588e38,
0x469e5c,0x4bc210,
0x469e71,0x588e38,
0x469e7f,0x588e4c,
0x469e86,0x4bc210,
0x469e9b,0x588e4c,
0x469ec7,0x4be258,
0x469edc,0x588e34,
0x469ee3,0x4be25c,
0x469ef6,0x588e48,
0x469f03,0x588e5c,
0x469f0a,0x4be260,
0x469f12,0x58d900,
0x469f22,0x588e00,
0x469f3f,0x588e04,
0x469fdb,0x4be264,
0x469fe3,0x4be268,
0x46a071,0x58d900,
0x46a07a,0x588e00,
0x46a0ac,0x4be26c,
0x46a146,0x4be270,
0x46a197,0x4be29c,
0x46a1a8,0x4be2a0,
0x46a1bd,0x4be2a4,
0x46a1ce,0x4be27c,
0x46a1df,0x4be2a8,
0x46a1f0,0x4be2a0,
0x46a201,0x4be2a0,
0x46a20d,0x4be2ac,
0x46a213,0x4be2b0,
0x46a219,0x4be27c,
0x46a22e,0x4be2a8,
0x46a249,0x4be27c,
0x46a25a,0x4be2b4,
0x46a26f,0x4be2b8,
0x46a280,0x4be27c,
0x46a291,0x4be2bc,
0x46a2a2,0x4be2b4,
0x46a2b3,0x4be2b4,
0x46a2bf,0x4be2c0,
0x46a2c5,0x4be2c4,
0x46a2cb,0x4be27c,
0x46a2e0,0x4be2bc,
0x46a2f7,0x4be298,
0x46a308,0x4be2c8,
0x46a344,0x4be2cc,
0x46a358,0x4be2b4,
0x46a3bf,0x4be270,
0x46a3ff,0x4be274,
0x46a410,0x4be278,
0x46a447,0x4be280,
0x46a46f,0x4be274,
0x46a480,0x4be28c,
0x46a495,0x4be274,
0x46a4a6,0x4be27c,
0x46a4b7,0x4be28c,
0x46a4c8,0x4be290,
0x46a4d9,0x4be290,
0x46a4e5,0x4be284,
0x46a4eb,0x4be294,
0x46a4f1,0x4be27c,
0x46a506,0x4be290,
0x46a51e,0x4be298,
0x46a54a,0x4be2d0,
0x46a553,0x4f8640,
0x46a55d,0x4be2d4,
0x46a563,0x4be2d8,
0x46a56d,0x4be2dc,
0x46a573,0x4be2e0,
0x46a579,0x4be2e4,
0x46a59d,0x4be260,
0x46a5ae,0x4be2ec,
0x46a5c5,0x4be2f0,
0x46a5d4,0x4be260,
0x46a5ec,0x4be260,
0x46a5fb,0x4be298,
0x46a616,0x4be260,
0x46a62e,0x4be2ec,
0x46a63b,0x4be2d0,
0x46a649,0x4be2f0,
0x46a658,0x4be2d0,
0x46a670,0x4be2d0,
0x46a67f,0x4be2f8,
0x46a69a,0x4be260,
0x46a6a0,0x4be2fc,
0x46a6b7,0x4be2ec,
0x46a6d0,0x4be2f0,
0x46a6eb,0x4be300,
0x46a6fa,0x4be300,
0x46a717,0x4be260,
0x46a728,0x4be2ec,
0x46a741,0x4be2f0,
0x46a761,0x4be304,
0x46a808,0x4be308,
0x46a957,0x4be30c,
0x46a983,0x4be310,
0x46a98f,0x4be314,
0x46a9a4,0x4be30c,
0x46a9ac,0x4be310,
0x46ab75,0x4c3280,
0x46ab7c,0x4bc260,
0x46aba5,0x4f7d34,
0x46abac,0x4bc28c,
0x46abde,0x4c3280,
0x46abe5,0x4bc210,
0x46ac8b,0x4bc254,
0x46ac97,0x4f8680,
0x46ac9e,0x4bc1d4,
0x46ae3d,0x4c3280,
0x46ae47,0x4bc260,
0x46ae70,0x4f7d34,
0x46ae77,0x4bc28c,
0x46aea6,0x4c3280,
0x46aead,0x4bc210,
0x46b07b,0x4be31c,
0x46b089,0x4be31c,
0x46b091,0x4be31c,
0x46b0b1,0x4f7d34,
0x46b0c6,0x4f8168,
0x46b0cd,0x4bc28c,
0x46b119,0x4c3280,
0x46b120,0x4bc210,
0x46b324,0x4c3280,
0x46b32e,0x4bc260,
0x46b357,0x4f7d34,
0x46b35e,0x4bc28c,
0x46b38d,0x4c3280,
0x46b394,0x4bc210,
0x46b551,0x4be31c,
0x46b55f,0x4be31c,
0x46b567,0x4be31c,
0x46b587,0x4f7d34,
0x46b59c,0x4f8168,
0x46b5a3,0x4bc28c,
0x46b5f0,0x4c3280,
0x46b5fe,0x4bc210,
0x46b668,0x4bc20c,
0x46b689,0x4f7d30,
0x46b68e,0x4f7d2c,
0x46b697,0x4f7d28,
0x46b69c,0x4f7d24,
0x46b713,0x4bc20c,
0x46b747,0x4f7d30,
0x46b74e,0x4f7d2c,
0x46b762,0x4f7d28,
0x46b768,0x4f7d24,
0x46b7fc,0x4be328,
0x46b901,0x4f7d34,
0x46b951,0x4bc28c,
0x46b997,0x4be338,
0x46ba58,0x4f7d34,
0x46baa8,0x4bc28c,
0x46baee,0x4be338,
0x46bc48,0x4f7d34,
0x46bc73,0x4bc28c,
0x46be58,0x4be330,
0x46be5e,0x4be330,
0x46be64,0x4be330,
0x46be76,0x4be330,
0x46bf68,0x4be334,
0x46c0b2,0x4be33c,
0x46c0db,0x4be330,
0x46c0fc,0x4be340,
0x46c115,0x4be348,
0x46c13a,0x4be330,
0x46c15e,0x4be340,
0x46c177,0x4be348,
0x46c19f,0x4be350,
0x46c1a8,0x4be354,
0x46c1b4,0x4be330,
0x46c260,0x4be328,
0x46c2cc,0x4be330,
0x46c2dd,0x4be358,
0x46c2ff,0x4be358,
0x46c315,0x4be358,
0x46c3e0,0x4be328,
0x46c3f1,0x4be35c,
0x46c488,0x4be330,
0x46c4b9,0x4be330,
0x46c583,0x4be360,
0x46c5a1,0x4be360,
0x46c5b9,0x4be360,
0x46c600,0x4be364,
0x46c60a,0x4be330,
0x46c61b,0x4be340,
0x46c634,0x4be348,
0x46c66b,0x4be368,
0x46c679,0x4be330,
0x46c6a1,0x4be330,
0x46c6af,0x4be330,
0x46c706,0x4be328,
0x46c776,0x4be330,
0x46c881,0x4be330,
0x46c908,0x53679c,
0x46c923,0x4bc28c,
0x46c935,0x4f7d34,
0x46c986,0x4f7d34,
0x46c9c2,0x4f86b8,
0x46c9ca,0x4f8688,
0x46c9f6,0x4f8688,
0x46ca07,0x4f86a0,
0x46ca24,0x4f86a0,
0x46ca48,0x4f8942,
0x46ca7d,0x4bc20c,
0x46cae3,0x4f7d30,
0x46cae9,0x4f7d2c,
0x46caf1,0x4f7d28,
0x46caf7,0x4f7d24,
0x46cbd8,0x4f7d34,
0x46cc1e,0x4bc28c,
0x46cd5a,0x4be36c,
0x46cd76,0x4be370,
0x46cf09,0x4be338,
0x46cf1c,0x4be328,
0x46cf26,0x4be374,
0x46d080,0x4f8144,
0x46d091,0x4bc2a8,
0x46d09b,0x4f812c,
0x46d0b2,0x4bc234,
0x46d2c3,0x4be37c,
0x46d338,0x4be378,
0x46d35f,0x4be380,
0x46d378,0x4be388,
0x46d397,0x4be378,
0x46d3a8,0x4be380,
0x46d3c1,0x4be388,
0x46d3f0,0x4be378,
0x46d401,0x4be380,
0x46d41a,0x4be388,
0x46d491,0x4be390,
0x46d4a2,0x4be394,
0x46d4b7,0x4be390,
0x46d4cc,0x4be394,
0x46d4e1,0x4be390,
0x46d4f2,0x4be394,
0x46d65b,0x4f7d34,
0x46d66d,0x4bc28c,
0x46d837,0x4be49c,
0x46d843,0x4be4a0,
0x46d85b,0x4be4a4,
0x46d8ab,0x46db00,
0x46d8e0,0x46db00,
0x46d95f,0x4be4a8,
0x46d983,0x4be4ac,
0x46db13,0x4be498,
0x46db32,0x4be4b0,
0x46db52,0x4be4b4,
0x46db72,0x4be4b8,
0x46dca7,0x4be398,
0x46dcb9,0x4be4bc,
0x46dcc7,0x4be398,
0x46dccd,0x4be4c0,
0x46dcec,0x4be4c4,
0x46dde3,0x4be4c8,
0x46ddeb,0x4f89c4,
0x46dee0,0x4be4cc,
0x46df06,0x4be4cc,
0x46df27,0x4be4cc,
0x46df3d,0x4be4d0,
0x46df4f,0x4bc20c,
0x46df77,0x4f89d4,
0x46df7e,0x4f89d0,
0x46e0c2,0x4f89d8,
0x46e0c9,0x4bc234,
0x46e0e1,0x4f89f0,
0x46e0e8,0x4bc234,
0x46e108,0x4bc210,
0x46e160,0x46e5a0,
0x46e458,0x4be4d4,
0x46e5db,0x4bc210,
0x46e638,0x4be4d8,
0x46e7ca,0x4faed8,
0x46e807,0x4f8a90,
0x46e82a,0x4f8a84,
0x46e85c,0x4f8a78,
0x46e862,0x4f8a7c,
0x46e869,0x4f8a80,
0x46e87b,0x4f8a6c,
0x46e88f,0x4f8a60,
0x46e895,0x4f8a64,
0x46e89b,0x4f8a68,
0x46e8ad,0x4f8a54,
0x46e8c4,0x4f8a48,
0x46e8c9,0x4f8a4c,
0x46e8d0,0x4f8a50,
0x46e8e5,0x4f8a54,
0x46e8fe,0x4f8a3c,
0x46e904,0x4f8a40,
0x46e90b,0x4f8a44,
0x46e945,0x4f8a90,
0x46e9ff,0x4f8a90,
0x46ea26,0x4faed8,
0x46ea30,0x4bc2a8,
0x46ea35,0x4f8a30,
0x46eaa2,0x4f8a24,
0x46eaaf,0x4f8a28,
0x46eabd,0x4f8a2c,
0x46eae3,0x4f8a14,
0x46eaf5,0x4f8a1c,
0x46eb09,0x4f8a18,
0x46eb15,0x4f8a20,
0x46eb22,0x4f8a04,
0x46eb2f,0x4f8a08,
0x46eb3b,0x4f8a0c,
0x46ebb2,0x4f8a10,
0x46ec3c,0x4be510,
0x46ece5,0x4be518,
0x46ed0c,0x4be528,
0x46ede8,0x4faed8,
0x46effa,0x4be538,
0x46f081,0x4be53c,
0x46f090,0x4be53c,
0x46f096,0x4be540,
0x46f0a5,0x4be540,
0x46f0af,0x4be544,
0x46f0c6,0x4be538,
0x46f0e0,0x4be548,
0x46f0fd,0x4be550,
0x46f11e,0x4be544,
0x46f136,0x4be538,
0x46f147,0x4be548,
0x46f15e,0x4be550,
0x46f16d,0x4be538,
0x46f1fb,0x4be538,
0x46f23a,0x4be558,
0x46f315,0x4f8a98,
0x46f31c,0x4bc234,
0x46f33c,0x4bc210,
0x46f397,0x46f490,
0x46f444,0x4be560,
0x46f45f,0x4be564,
0x46f476,0x4be564,
0x46f4dd,0x4bc210,
0x46f528,0x4be560,
0x46f53f,0x4be56c,
0x46f558,0x4be570,
0x46f794,0x4f7d34,
0x46f7a6,0x4bc28c,
0x46f8f9,0x4be580,
0x46f91f,0x4be580,
0x46f93a,0x4be580,
0x46f9dd,0x4bc20c,
0x46f9f2,0x4be584,
0x46f9f8,0x4be588,
0x46f9fe,0x4be58c,
0x46fa12,0x4be584,
0x46fa18,0x4be590,
0x46fa35,0x4be584,
0x46fa3b,0x4be588,
0x46fa41,0x4be58c,
0x46fa81,0x60958c,
0x46fa90,0x60958c,
0x46fa9c,0x609594,
0x46faa5,0x4bc0d4,
0x46fab2,0x609580,
0x46fad9,0x609580,
0x46fae9,0x609594,
0x46faf3,0x609584,
0x46fafd,0x60958c,
0x46fb07,0x609590,
0x46fb11,0x4bc104,
0x46fb17,0x609594,
0x46fb1e,0x4bc10c,
0x46fb5c,0x609584,
0x46fb62,0x609588,
0x46fb6c,0x60958c,
0x46fb72,0x609590,
0x46fb79,0x600000,
0x46fb9c,0x609560,
0x46fba2,0x4bc110,
0x46fbaf,0x609594,
0x46fbb5,0x4bc108,
0x46fbba,0x609580,
0x46fbbf,0x609560,
0x46fbca,0x609560,
0x46fc17,0x60958c,
0x46fc21,0x60958c,
0x46fc27,0x609590,
0x46fc32,0x609590,
0x46fc63,0x609580,
0x46fca2,0x609560,
0x46fcae,0x609594,
0x46fcb5,0x609560,
0x46fcbb,0x4bc104,
0x46fcc1,0x609584,
0x46fccb,0x60958c,
0x46fcd3,0x60958c,
0x46fcd9,0x609590,
0x46fcf7,0x609590,
0x46fd04,0x609590,
0x46fd0c,0x609590,
0x46fd15,0x60958c,
0x46fd1e,0x60958c,
0x46fd2b,0x609580,
0x46fd53,0x4bc28c,
0x46fd61,0x4bc254,
0x46fdaf,0x609580,
0x46fdbc,0x4bc210,
0x46fdf2,0x609590,
0x46fdfe,0x609590,
0x46fe07,0x609590,
0x46fe13,0x60958c,
0x46fe1d,0x60958c,
0x46fe63,0x609580,
0x46fe70,0x4bc210,
0x46fea2,0x609590,
0x46feae,0x609590,
0x46feb7,0x609590,
0x46fec3,0x60958c,
0x46fecd,0x60958c,
0x46fef3,0x4bc28c,
0x46ff01,0x4bc254,
0x46ff5e,0x609580,
0x46ff6b,0x4bc210,
0x46ffd1,0x4bc28c,
0x46ffdf,0x4bc254,
0x46fffd,0x4c3280,
0x470004,0x4bc29c,
0x470010,0x609564,
0x4700a6,0x609580,
0x4700b3,0x4bc210,
0x4700f3,0x60958c,
0x4700fd,0x60958c,
0x470103,0x609590,
0x47010e,0x609590,
0x470126,0x609584,
0x47012b,0x609588,
0x470134,0x60958c,
0x470145,0x4f8b04,
0x47016c,0x4f8afc,
0x470173,0x4bc1d4,
0x470187,0x4f8adc,
0x470194,0x609594,
0x47019c,0x4bc108,
0x4701aa,0x60958c,
0x4701be,0x609594,
0x4701ef,0x609594,
0x4701f6,0x4bc104,
0x470202,0x504c00,
0x470213,0x504c00,
0x47021d,0x4f2588,
0x470224,0x4bc298,
0x47025f,0x609580,
0x47026b,0x609580,
0x47027a,0x4bc28c,
0x47028b,0x609560,
0x47029c,0x609584,
0x4702a3,0x609560,
0x4702a8,0x609584,
0x4702b4,0x4f8ab8,
0x470303,0x609580,
0x470310,0x4bc210,
0x470351,0x4bc28c,
0x47035f,0x4bc254,
0x4703a1,0x654b80,
0x4703b5,0x4f8aaf,
0x4703e1,0x58d908,
0x4703fe,0x58d908,
0x470414,0x58d908,
0x470421,0x58d908,
0x470427,0x4bc28c,
0x470438,0x58d908,
0x47043e,0x58d909,
0x47045b,0x58d908,
0x4704a1,0x654b80,
0x4704b5,0x4f8aaf,
0x4704e1,0x58d908,
0x4704fe,0x58d908,
0x470514,0x58d908,
0x470521,0x58d908,
0x470527,0x4bc28c,
0x470538,0x58d908,
0x47053e,0x58d909,
0x47055b,0x58d908,
0x470581,0x654b80,
0x470595,0x4f8aaf,
0x4705c1,0x58d908,
0x4705de,0x58d908,
0x4705f4,0x58d908,
0x470601,0x58d908,
0x470607,0x4bc28c,
0x470618,0x58d908,
0x47061e,0x58d909,
0x47063b,0x58d908,
0x470678,0x58d920,
0x47068d,0x58d924,
0x470693,0x4f8b8c,
0x4706a2,0x4bc26c,
0x4706b3,0x58d924,
0x4706b9,0x58d920,
0x4706dc,0x58d924,
0x4706e2,0x58d920,
0x4706f1,0x4f8afc,
0x4706fc,0x4f8b00,
0x470704,0x58d924,
0x47070a,0x58d920,
0x470716,0x58d924,
0x47071e,0x58d920,
0x470727,0x58d924,
0x47072f,0x58d924,
0x470737,0x58d920,
0x470751,0x58d920,
0x470766,0x4f8b8c,
0x47077b,0x58d924,
0x470781,0x58d920,
0x470798,0x58d920,
0x4707a8,0x58d924,
0x4707ae,0x58d928,
0x4707c1,0x58d920,
0x4707ed,0x4f8b84,
0x4707f8,0x4f8b88,
0x47082c,0x4f8b80,
0x470833,0x4bc1d0,
0x470845,0x58d928,
0x47084e,0x58d928,
0x470862,0x4f8b58,
0x470874,0x58d924,
0x47088a,0x58d928,
0x47089c,0x58d91c,
0x4708ac,0x58d924,
0x4708b2,0x58d928,
0x4708c7,0x58d920,
0x4708f7,0x4f8b84,
0x470902,0x4f8b88,
0x470944,0x4f8b80,
0x47094b,0x4bc1d0,
0x470985,0x58d928,
0x470997,0x58d91c,
0x4709a3,0x58d928,
0x4709a9,0x58d91c,
0x4709c1,0x4f8b4c,
0x4709c8,0x4bc1d0,
0x4709d5,0x58d928,
0x4709db,0x58d91c,
0x4709ec,0x4bc254,
0x4709f1,0x58d928,
0x4709f7,0x58d91c,
0x470a0e,0x58d928,
0x470a14,0x58d928,
0x470a1c,0x58d920,
0x470a28,0x4f8b28,
0x470a5b,0x58d920,
0x470a67,0x4f8b58,
0x470a7d,0x58d924,
0x470a97,0x58d928,
0x470a9c,0x58d91c,
0x470aa1,0x470ca0,
0x470aab,0x4bc1e8,
0x470ac1,0x58d924,
0x470ad0,0x58d920,
0x470ae7,0x58d924,
0x470af6,0x58d920,
0x470b02,0x58d91c,
0x470b21,0x58d928,
0x470b27,0x58d91c,
0x470b31,0x470ca0,
0x470b3c,0x4bc148,
0x470b53,0x58d920,
0x470b6d,0x58d920,
0x470b79,0x58d920,
0x470b8a,0x4f8b94,
0x470b94,0x58d920,
0x470ba6,0x58d920,
0x470bc1,0x58d928,
0x470bc7,0x58d91c,
0x470bd1,0x470ca0,
0x470bdc,0x4bc148,
0x470bee,0x58d920,
0x470c06,0x58d920,
0x470c1b,0x58d920,
0x470c41,0x58d928,
0x470c47,0x58d91c,
0x470c50,0x470ca0,
0x470c5b,0x4bc148,
0x470c71,0x58d928,
0x470c77,0x58d91c,
0x470c80,0x470ca0,
0x470c8b,0x4bc148,
0x470cd4,0x4f8bac,
0x470ce2,0x4bc0cc,
0x470ce8,0x4bc0d0,
0x470d15,0x609520,
0x470d31,0x58d92c,
0x470d44,0x4f8bac,
0x470d71,0x609540,
0x470d78,0x4bc0c8,
0x470d81,0x609540,
0x470d97,0x4bc0c8,
0x470da8,0x4bc2a8,
0x470dad,0x4f8bc4,
0x470db8,0x4bc2a8,
0x470dbd,0x4f8bb0,
0x470dcb,0x4bc2a8,
0x470dd6,0x4f8bc4,
0x470df2,0x58d930,
0x470df8,0x58d92c,
0x470e0b,0x609520,
0x470e18,0x4f8bac,
0x470e1e,0x58d930,
0x470e47,0x609540,
0x470e4e,0x58d930,
0x470e60,0x609540,
0x470e7f,0x4bc260,
0x470e8c,0x58d92c,
0x470eac,0x58d92c,
0x470eda,0x4bc0c8,
0x470ee3,0x58d930,
0x470ef1,0x609520,
0x470efa,0x4f8bac,
0x470f00,0x58d930,
0x470f2f,0x609540,
0x470f36,0x58d930,
0x470f44,0x609540,
0x470f4d,0x4f8bdc,
0x470f5d,0x4f8bdc,
0x470f64,0x4bc260,
0x470f7f,0x58d930,
0x470f97,0x524678,
0x470fb0,0x524678,
0x470fbd,0x524678,
0x470fd8,0x4bc0c8,
0x470fe0,0x58d930,
0x470fe6,0x58d92c,
0x470ff9,0x609520,
0x471006,0x4f8bac,
0x47100c,0x58d930,
0x471035,0x609540,
0x47103c,0x58d930,
0x47104e,0x609540,
0x471057,0x4f8bdc,
0x471067,0x4f8bdc,
0x47106e,0x4bc260,
0x47107b,0x58d92c,
0x47109e,0x58d92c,
0x4710ba,0x4f8be4,
0x4710ed,0x4bc2a8,
0x4710f2,0x4f8bb0,
0x471112,0x4bc2a8,
0x471117,0x4f8bc4,
0x471122,0x4bc2a8,
0x471127,0x4f8bb0,
0x471135,0x4bc2a8,
0x471140,0x4f8bc4,
0x47115a,0x58d930,
0x471160,0x58d92c,
0x471173,0x609520,
0x471180,0x4f8bac,
0x471186,0x58d930,
0x4711b2,0x609540,
0x4711b9,0x58d930,
0x4711cb,0x609540,
0x4711d4,0x4f8bdc,
0x4711e4,0x4f8bdc,
0x4711eb,0x4bc260,
0x4711f8,0x58d92c,
0x47121b,0x58d92c,
0x471254,0x4f8bac,
0x47125e,0x58d934,
0x47126c,0x4bc0cc,
0x471272,0x4bc0d0,
0x47129f,0x609520,
0x4712ae,0x4bc0c8,
0x4712b8,0x58d930,
0x4712be,0x58d92c,
0x4712d1,0x609520,
0x4712df,0x58d930,
0x4712ec,0x58d930,
0x4712f2,0x4f8bac,
0x471314,0x609540,
0x471327,0x609540,
0x471330,0x4f8c64,
0x471340,0x4f8c64,
0x471347,0x4bc260,
0x471354,0x58d92c,
0x47137a,0x4f8c5c,
0x471380,0x669ee4,
0x47138a,0x669ee0,
0x47138e,0x470d40,
0x471394,0x669ee8,
0x471398,0x470d30,
0x47139e,0x6562d0,
0x4713a2,0x470d90,
0x4713b4,0x4bc2a8,
0x4713b9,0x4f8bf4,
0x471491,0x4bc0d8,
0x4714ab,0x4bc0bc,
0x4714c2,0x4bc0c0,
0x4714e2,0x4bc0c4,
0x4714ec,0x4bc0e0,
0x471550,0x4bc0c4,
0x471559,0x4bc0e0,
0x4715a0,0x4bc14c,
0x4715a5,0x58d934,
0x4715b7,0x5dd360,
0x4715be,0x5dcec0,
0x4715c4,0x5dd360,
0x4715ce,0x5dd2cc,
0x4715da,0x4f8c6c,
0x4715e9,0x5dcec0,
0x4715ef,0x5dd2e4,
0x4715f7,0x643620,
0x4715fc,0x5dcec0,
0x471602,0x5dd2c8,
0x47160a,0x5dcec0,
0x471610,0x5dd2e0,
0x47161f,0x5dcf7c,
0x47162a,0x4c2680,
0x471632,0x4bc35c,
0x471644,0x4bc230,
0x47164c,0x58d934,
0x471656,0x5dcec0,
0x47165c,0x5dd360,
0x471662,0x5dd2cc,
0x47166e,0x4f8c6c,
0x47167b,0x5dcfa8,
0x471680,0x5dcec0,
0x471686,0x5dd2c8,
0x47168e,0x5dcec0,
0x471694,0x5dd2e0,
0x4716b7,0x4f8c8c,
0x4716d8,0x4f8c8c,
0x47171a,0x4bc284,
0x471720,0x4bc26c,
0x471731,0x4bc288,
0x471748,0x4bc280,
0x471781,0x4bc260,
0x4717be,0x4bc288,
0x4717d6,0x4bc280,
0x471809,0x4bc28c,
0x471819,0x4f8c8c,
0x471841,0x58da14,
0x471856,0x4f8c98,
0x47186d,0x4f8c98,
0x4718cf,0x58d938,
0x4718f4,0x4f8c98,
0x471902,0x58da14,
0x47194a,0x58d938,
0x4719cc,0x4bc1f8,
0x4719db,0x4f8ca4,
0x471a40,0x58da14,
0x471a4d,0x4f8c98,
0x471a64,0x4f8c98,
0x471ac6,0x58d938,
0x471aeb,0x4f8c98,
0x471af9,0x58da14,
0x471b38,0x58d938,
0x471bae,0x4bc1f8,
0x471bbd,0x4f8ca4,
0x471c8b,0x4bc1f8,
0x471c9a,0x4f8ca4,
0x471d00,0x58da14,
0x471d0d,0x4f8c98,
0x471d24,0x4f8c98,
0x471d86,0x58d938,
0x471dab,0x4f8c98,
0x471db9,0x58da14,
0x471df8,0x58d938,
0x471ea8,0x4bc1f8,
0x471eb7,0x4f8ca4,
0x471f40,0x4faf18,
0x471f52,0x4faf18,
0x471f6e,0x4faf18,
0x471f82,0x4faf18,
0x471fd6,0x4be598,
0x471fdb,0x4ba0d0,
0x4720ab,0x4f9538,
0x472148,0x4f9538,
0x4721af,0x4f8d38,
0x47222f,0x4be5a8,
0x47225b,0x4be5a8,
0x472261,0x4be5ac,
0x472270,0x4be5ac,
0x47227d,0x4be5b0,
0x47229c,0x4be5b4,
0x4722b4,0x4be5b8,
0x4722f5,0x4be5b8,
0x47231b,0x4be5b8,
0x472393,0x4faed8,
0x472406,0x4be5b8,
0x472427,0x4be5d0,
0x472469,0x4be5b8,
0x472493,0x4be5d4,
0x47249b,0x4be5d8,
0x4724bb,0x4be5d4,
0x472560,0x4be5dc,
0x4725be,0x4be5dc,
0x472672,0x4be5b4,
0x47273d,0x4be5e0,
0x472755,0x4be5e0,
0x472773,0x4be5e0,
0x47290a,0x4be5e4,
0x472912,0x4be5e4,
0x47291a,0x4be5e4,
0x472950,0x4be5c0,
0x472b4d,0x4be5e8,
0x472b55,0x4be5e8,
0x472b5d,0x4be5e8,
0x472b63,0x4be5c0,
0x472caf,0x4be5f0,
0x472de2,0x58da44,
0x472df3,0x4bba56,
0x472e07,0x58dabc,
0x472e4b,0x58dab8,
0x472e55,0x58dab8,
0x472e9e,0x58dabc,
0x472ea5,0x58dabc,
0x472ead,0x58dabc,
0x472ebc,0x4f9d80,
0x472ec9,0x4f9d7c,
0x472f04,0x58dac0,
0x472f0f,0x58dac0,
0x472f77,0x4f9d84,
0x472f91,0x58da18,
0x472f97,0x58da18,
0x472fa8,0x4f9d88,
0x472fae,0x58da50,
0x472fb4,0x58da50,
0x4732fa,0x4f9d7c,
0x473310,0x4f9d80,
0x473319,0x4f9d80,
0x473326,0x4f9d80,
0x47332c,0x4f9d80,
0x473626,0x58da68,
0x473632,0x58dac4,
0x473641,0x58da68,
0x47364e,0x58da68,
0x47365a,0x58dac4,
0x473676,0x58da68,
0x47367f,0x58da68,
0x473698,0x58da68,
0x47371f,0x58dab8,
0x473726,0x58dabc,
0x47372e,0x4f9d80,
0x473733,0x4f9d7c,
0x473749,0x58dac0,
0x473963,0x4bbace,
0x4739e0,0x4faf18,
0x4739ea,0x4faf18,
0x4739f2,0x6439a0,
0x4739f7,0x6439a0,
0x4739fd,0x6439a0,
0x473a03,0x6439a0,
0x473a39,0x58da20,
0x473a3f,0x58da20,
0x473a4b,0x58da60,
0x473a81,0x4f9d80,
0x473a8b,0x4f9d7c,
0x473a98,0x58dabc,
0x473adf,0x58dab8,
0x473ae5,0x58dabc,
0x473b27,0x58dabc,
0x473b36,0x58dabc,
0x473b3e,0x58dabc,
0x473b55,0x4f9d80,
0x473b5d,0x4f9d7c,
0x473ba9,0x4faf18,
0x473baf,0x6439a0,
0x473bb5,0x6439a0,
0x473bcc,0x58da20,
0x473bd6,0x58da60,
0x473be2,0x4be5f4,
0x473c09,0x4f9d80,
0x473c26,0x4f9d7c,
0x473c2e,0x4f9d80,
0x473c39,0x58dabc,
0x473c7d,0x58dab8,
0x473c86,0x58dab8,
0x473ccf,0x58dabc,
0x473cd7,0x58dabc,
0x473cde,0x58dabc,
0x473cf3,0x4f9d80,
0x473cff,0x4f9d7c,
0x473d05,0x4f9d80,
0x473d26,0x4be5f8,
0x473d6a,0x4f9d80,
0x473dbf,0x4faf18,
0x473dcd,0x6439a0,
0x473dd3,0x6439a0,
0x473dee,0x58da20,
0x473df4,0x58da60,
0x473e00,0x4be5f4,
0x473e39,0x4f9d80,
0x473e3f,0x4f9d7c,
0x473e49,0x4f9d80,
0x473e54,0x58dabc,
0x473e99,0x58dab8,
0x473ea3,0x58dab8,
0x473eed,0x58dabc,
0x473ef4,0x58dabc,
0x473efc,0x58dabc,
0x473f13,0x4f9d80,
0x473f1f,0x4f9d7c,
0x473f24,0x4f9d80,
0x473f43,0x4be5f8,
0x473fa3,0x4be5f4,
0x4740fb,0x4f9d80,
0x474101,0x4f9d7c,
0x47410a,0x4f9d80,
0x474115,0x58dabc,
0x474159,0x58dab8,
0x474162,0x58dab8,
0x4741ac,0x58dabc,
0x4741b3,0x58dabc,
0x4741ba,0x58dabc,
0x4741c9,0x4f9d80,
0x4741d1,0x4f9d7c,
0x4742a1,0x4f9d80,
0x4742b4,0x4f9d7c,
0x4742ba,0x4f9d80,
0x4742c9,0x4f9d80,
0x4742d9,0x4f9d80,
0x474367,0x4f9d80,
0x47436e,0x4f9d80,
0x4745d3,0x58dab8,
0x4745dc,0x58dabc,
0x4745e1,0x4f9d80,
0x4745e6,0x4f9d7c,
0x474604,0x58dac0,
0x474631,0x4bbaf6,
0x474668,0x5dcec0,
0x474678,0x4be5f8,
0x47468a,0x4faf18,
0x474690,0x58da48,
0x47469c,0x58da48,
0x4746a7,0x4faf18,
0x4746ad,0x58da58,
0x4746d7,0x58da58,
0x4746ec,0x4f9d80,
0x4746f2,0x4f9d7c,
0x4746fc,0x4f9d80,
0x474707,0x58dabc,
0x47474c,0x58dab8,
0x474756,0x58dab8,
0x47479f,0x58dabc,
0x4747a6,0x58dabc,
0x4747ae,0x58dabc,
0x4747bb,0x4f9d80,
0x4747c7,0x4f9d7c,
0x4747cc,0x4f9d80,
0x4747db,0x474820,
0x4747ee,0x58da48,
0x4747f7,0x58da58,
0x474800,0x58da98,
0x47480a,0x58da98,
0x47485d,0x4bbb16,
0x4749a7,0x4be5f8,
0x4749b4,0x4be5f8,
0x4749c1,0x4faf18,
0x4749c7,0x58dab0,
0x4749d1,0x4f9d80,
0x4749e0,0x4faf18,
0x4749e6,0x58da30,
0x4749fa,0x4faf18,
0x474a00,0x58da38,
0x474a11,0x4f9d7c,
0x474a16,0x4f9d80,
0x474a1e,0x4faf18,
0x474a24,0x58da28,
0x474a31,0x58dabc,
0x474a6e,0x58dab8,
0x474a78,0x58dab8,
0x474abc,0x58dabc,
0x474ac3,0x58dabc,
0x474acb,0x58dabc,
0x474ad8,0x4f9d80,
0x474ae4,0x4f9d7c,
0x474ae9,0x4f9d80,
0x474af8,0x474b60,
0x474b07,0x5dcec0,
0x474b14,0x474b90,
0x474b1a,0x58dab0,
0x474b23,0x58da30,
0x474b2c,0x58da38,
0x474b35,0x58da28,
0x474b3e,0x58da98,
0x474b48,0x58da98,
0x474c1b,0x4bc110,
0x474c22,0x58dac8,
0x474c29,0x4f9d90,
0x474c41,0x58dac8,
0x474c48,0x4bc10c,
0x474c4e,0x58dac8,
0x474c9e,0x58dac8,
0x474cab,0x4bc108,
0x474d66,0x58dac8,
0x474d6e,0x4bc104,
0x474eb4,0x5dcec0,
0x474ec8,0x608460,
0x474ece,0x5dcec0,
0x474ed4,0x5dd2e4,
0x474fa2,0x608460,
0x47508d,0x4bc304,
0x4750a5,0x58dad4,
0x4750b3,0x4bc300,
0x4750b9,0x58dad4,
0x4750e8,0x58dacc,
0x4750f9,0x58dad0,
0x475108,0x58daec,
0x475112,0x58dadc,
0x475124,0x58daec,
0x475130,0x58dadc,
0x475135,0x58dae0,
0x475144,0x58dad8,
0x475154,0x58dad8,
0x47515a,0x58dacc,
0x475160,0x58dad0,
0x475166,0x58daec,
0x47516c,0x58dae0,
0x4751ae,0x58dad8,
0x4751c2,0x58dad8,
0x4751ce,0x58dad8,
0x4751eb,0x4bc304,
0x4751f1,0x58dae4,
0x4751fa,0x58dad4,
0x475200,0x4bc08c,
0x475209,0x58dae8,
0x47520e,0x58dad4,
0x47521d,0x4bc058,
0x475223,0x58dad4,
0x475231,0x4bc300,
0x475236,0x643621,
0x475256,0x643921,
0x475278,0x58dadc,
0x47527d,0x58dad8,
0x4752a8,0x4f9e08,
0x4752b6,0x4f9f20,
0x4752bd,0x58dad8,
0x4752c2,0x475350,
0x4752ec,0x4f9ecc,
0x4752fa,0x4f9ee8,
0x4752ff,0x4f9ecc,
0x475307,0x4f9ecc,
0x475314,0x4f9eb0,
0x47537d,0x4f9e1c,
0x4753a7,0x4f9f34,
0x4753c3,0x4f9e08,
0x4753e1,0x58dadc,
0x4753f7,0x58daec,
0x4753fd,0x58dadc,
0x475410,0x58daec,
0x47542a,0x58daec,
0x47544b,0x58dadc,
0x4754c1,0x58dadc,
0x4754ca,0x58daec,
0x4754d0,0x58dadc,
0x4754f1,0x58dadc,
0x4754fb,0x58daec,
0x475511,0x58daec,
0x47551c,0x58dae0,
0x475537,0x58dae0,
0x475552,0x58daec,
0x475565,0x58daec,
0x475570,0x58dae0,
0x475583,0x58dae0,
0x47559d,0x58daec,
0x4755f3,0x58daec,
0x475602,0x58daec,
0x47560d,0x58dadc,
0x475614,0x58daec,
0x475647,0x58daec,
0x475662,0x58daec,
0x4756bd,0x58dadc,
0x4756c8,0x58daec,
0x4756ce,0x58dadc,
0x4756e1,0x58daec,
0x4756fd,0x58daec,
0x475723,0x58dadc,
0x47577f,0x58dadc,
0x47578b,0x58daec,
0x475791,0x58dadc,
0x4757df,0x58dadc,
0x4757e6,0x58daec,
0x4757fc,0x58dae0,
0x47581e,0x58dae0,
0x475824,0x58daec,
0x475870,0x58daec,
0x475879,0x58dae0,
0x4758cc,0x58dae0,
0x4758d2,0x58daec,
0x47591e,0x58daec,
0x475927,0x58dae0,
0x47594e,0x58daec,
0x4759e5,0x58dacc,
0x475a87,0x4bc1f0,
0x475b0e,0x58dacc,
0x475b85,0x4f9e08,
0x475ba1,0x4f9e14,
0x475ba7,0x4f9e18,
0x475bbe,0x58dacc,
0x475bcd,0x58dad0,
0x475bdc,0x58daec,
0x475be6,0x58dadc,
0x475bf8,0x58daec,
0x475c04,0x58dadc,
0x475c09,0x58dae0,
0x475c18,0x58dad8,
0x475c20,0x58dacc,
0x475c26,0x58dad0,
0x475c2c,0x58daec,
0x475c32,0x58dae0,
0x475c62,0x58dad8,
0x475c82,0x58dae0,
0x475cac,0x4f9e1c,
0x475cb2,0x4f9e20,
0x475cbb,0x58dad8,
0x475cde,0x58daec,
0x475cf9,0x58dad8,
0x475cff,0x58dad0,
0x475d23,0x58dad0,
0x475d47,0x58dae0,
0x475d4d,0x58dad0,
0x475da4,0x58dad8,
0x475db1,0x58dacc,
0x475dd0,0x58dae0,
0x475dd6,0x58dacc,
0x475df3,0x58daec,
0x475df9,0x58dacc,
0x475e16,0x58dadc,
0x475e2f,0x58daec,
0x475e35,0x58dadc,
0x475e44,0x58daec,
0x475e5d,0x58daec,
0x475e82,0x58dadc,
0x475ee4,0x58dadc,
0x475eeb,0x58daec,
0x475ef1,0x58dadc,
0x475f60,0x5dd32c,
0x475f86,0x58dad8,
0x475f8b,0x58dae0,
0x475f91,0x58dacc,
0x475f97,0x643920,
0x475f9d,0x58daec,
0x475fa2,0x643924,
0x475fa8,0x64392c,
0x475fb4,0x643930,
0x475fbd,0x643928,
0x475fc5,0x643930,
0x475fd0,0x643930,
0x47604a,0x4bc30c,
0x47606d,0x504be8,
0x476077,0x4bc210,
0x47607c,0x4f9fa4,
0x476081,0x5dd340,
0x47608f,0x4f9f94,
0x476094,0x5dd340,
0x4760a2,0x4f9f84,
0x4760a7,0x5dd340,
0x4760b5,0x4f9f74,
0x4760ba,0x5dd340,
0x4760ec,0x504bf8,
0x476106,0x4f9f54,
0x47610b,0x4f9f24,
0x476112,0x4bc35c,
0x476118,0x504bf8,
0x47611d,0x4f9f20,
0x4761ba,0x4f9df8,
0x4761bf,0x4f9dc0,
0x4761d3,0x4f9dfc,
0x4761dc,0x4f9e00,
0x4761e5,0x4f9e04,
0x4761f9,0x4fa4d0,
0x4761fe,0x4fa498,
0x476212,0x4fa4d4,
0x47621b,0x4fa4d8,
0x476224,0x4fa4dc,
0x47628f,0x4bc308,
0x476306,0x4bc30c,
0x47634f,0x4bc310,
0x47638b,0x4bc2e0,
0x476394,0x4bc340,
0x47639b,0x4bc314,
0x4763b2,0x4bc314,
0x4763b9,0x4bc2e8,
0x4763fe,0x4bc340,
0x476407,0x4bc304,
0x47640e,0x4bc088,
0x47641e,0x4bc2a8,
0x476423,0x4f9fb0,
0x47645b,0x5dd32c,
0x4764ee,0x4c2098,
0x4764f5,0x4bc23c,
0x476515,0x4bc268,
0x4765be,0x4bc264,
0x47662d,0x4bc1f0,
0x476641,0x61afa0,
0x4766a9,0x4bc264,
0x47671e,0x61afa0,
0x476725,0x4bc1f0,
0x476769,0x61afa0,
0x476770,0x4bc1f0,
0x4767fd,0x6547e4,
0x476834,0x5a7c94,
0x4768a1,0x4fa020,
0x4768c1,0x4fa020,
0x4768d1,0x4fa020,
0x4768f1,0x654b80,
0x476975,0x4fe194,
0x47699e,0x5dcec0,
0x4769a4,0x5dd2d0,
0x4769ae,0x4bc080,
0x4769b9,0x4bc084,
0x4769be,0x5dcec0,
0x4769c6,0x5dd2d4,
0x4769e1,0x58daf4,
0x4769f5,0x58daf8,
0x476a05,0x4bc0f0,
0x476a1d,0x4bc0b8,
0x476a25,0x4f4bb4,
0x476a7c,0x4fa094,
0x476aab,0x4fa084,
0x476aea,0x4bc074,
0x476af3,0x4fa084,
0x476af8,0x4fa060,
0x476b0d,0x4bc078,
0x476b1d,0x4fa094,
0x476b22,0x4fa040,
0x476b37,0x58daf4,
0x476b5b,0x4bc2ec,
0x476b6b,0x58daf4,
0x476b86,0x4bc0b8,
0x476b8e,0x4f4bb4,
0x476bee,0x4fa094,
0x476c1d,0x4fa084,
0x476c4e,0x4bc07c,
0x476c72,0x4bc2ec,
0x476c78,0x58daf4,
0x476c91,0x58daf4,
0x476cb2,0x4bc0b8,
0x476cba,0x4f4bb4,
0x476d11,0x4fa094,
0x476d40,0x4fa084,
0x476d6e,0x4bc07c,
0x476d79,0x4bc0f0,
0x476d93,0x4bc2ec,
0x476d9b,0x58daf4,
0x476e02,0x4fa171,
0x476e21,0x4fa471,
0x476e3e,0x4bc030,
0x476e7e,0x4bc090,
0x476f2f,0x6547e4,
0x4771dc,0x6547e4,
0x4772ce,0x608460,
0x477314,0x5dcec0,
0x477320,0x5dcec0,
0x477326,0x5dd2bc,
0x477337,0x5dcedc,
0x47733c,0x5dcee4,
0x477344,0x5dcee0,
0x47734b,0x5dcee8,
0x477357,0x4be5fc,
0x477379,0x4be600,
0x4773b6,0x4fa020,
0x477402,0x4fa020,
0x47741e,0x4be604,
0x4774b1,0x6547e4,
0x4774eb,0x5a7c94,
0x47753f,0x5dcec0,
0x477545,0x5dd2c0,
0x477555,0x5dcedc,
0x47755a,0x5dcee4,
0x477562,0x5dcee0,
0x477569,0x5dcee8,
0x477575,0x4be5fc,
0x477597,0x4be600,
0x4775d4,0x4fa020,
0x477620,0x4fa020,
0x47763c,0x4be604,
0x4776be,0x6547e4,
0x4776f8,0x5a7c94,
0x477772,0x5dcec0,
0x477786,0x5dcec0,
0x47778c,0x5dd2bc,
0x4777b9,0x4fa020,
0x4777ec,0x4fa020,
0x47789e,0x6547e4,
0x4778de,0x5a7c94,
0x477930,0x5dcec0,
0x477936,0x5dd2c0,
0x477969,0x4fa020,
0x4779a5,0x4fa020,
0x477a27,0x6547e4,
0x477a64,0x5a7c94,
0x477ac1,0x58db00,
0x477acb,0x4fa0b0,
0x477ad1,0x58db00,
0x477adb,0x4fa0b8,
0x477ae1,0x58db00,
0x477aeb,0x4fa0c0,
0x477af1,0x58db00,
0x477afb,0x4fa0bc,
0x477b0d,0x58db00,
0x477b13,0x6435fc,
0x477b1e,0x58db04,
0x477b38,0x643600,
0x477b51,0x58db00,
0x477b5b,0x4fa0b4,
0x477b67,0x4fa0a4,
0x477b6d,0x4fa0a0,
0x477b75,0x6435e0,
0x477b7a,0x4fa0a8,
0x477b80,0x58db00,
0x477b91,0x4fa0b8,
0x477bc9,0x6435f0,
0x477bce,0x6435f4,
0x477bd4,0x6435f8,
0x477be1,0x58db00,
0x477bec,0x4fa0b4,
0x477bfe,0x58db00,
0x477c09,0x6435e0,
0x477c21,0x58db00,
0x477c31,0x4fa0b0,
0x477c41,0x58db04,
0x477c5c,0x58db84,
0x477c7b,0x58db04,
0x477ca5,0x4be614,
0x477cbe,0x4be618,
0x477ccd,0x4be618,
0x477cd3,0x4be61c,
0x477ce2,0x4be61c,
0x477ced,0x4be620,
0x477cf3,0x4be628,
0x477cff,0x4be630,
0x477d08,0x4bc21c,
0x477d2d,0x58db84,
0x477d38,0x58db88,
0x477d44,0x58db88,
0x477d52,0x58db88,
0x477d5e,0x4be638,
0x477d64,0x58db88,
0x477d6e,0x58db94,
0x477d74,0x58dba4,
0x477d7a,0x58db90,
0x477d80,0x58db8c,
0x477da1,0x58db98,
0x477dac,0x58db9c,
0x477db7,0x58dba0,
0x477dc9,0x58db98,
0x477dd4,0x58db9c,
0x477ddf,0x58dba0,
0x477ded,0x58db98,
0x477df3,0x58db9c,
0x477df9,0x58dba0,
0x477e12,0x58db04,
0x477e23,0x58db84,
0x477e47,0x58db04,
0x477e51,0x58db04,
0x477e5b,0x58db84,
0x477e65,0x58db84,
0x477e82,0x58db04,
0x477e92,0x58db84,
0x477eb5,0x58db88,
0x477ec4,0x58db88,
0x477edd,0x58db00,
0x477eea,0x4fa0b0,
0x477efb,0x58db24,
0x477f08,0x58db9c,
0x477f11,0x58db04,
0x477fa8,0x4be63c,
0x478177,0x4be640,
0x478189,0x4be644,
0x478195,0x4be640,
0x4781a9,0x58db84,
0x4781bc,0x58db08,
0x4781d7,0x58db00,
0x4781e3,0x58db0c,
0x4781ea,0x4fa0b0,
0x478210,0x58db08,
0x47825d,0x58db24,
0x478262,0x58db10,
0x4782ae,0x4be620,
0x4782b4,0x4be650,
0x4782c8,0x4be658,
0x4782ce,0x4be650,
0x4782f8,0x4be638,
0x4782fe,0x4be660,
0x478307,0x4be668,
0x478314,0x4be610,
0x47832a,0x4faf18,
0x478377,0x58db10,
0x478388,0x58db14,
0x4783c7,0x58db10,
0x4783cc,0x58db10,
0x4783e2,0x58db10,
0x4783fb,0x58db08,
0x478413,0x58db0c,
0x47843a,0x58db00,
0x478440,0x6435f8,
0x478449,0x6435f4,
0x47845d,0x6435f0,
0x478463,0x4fa0c0,
0x47846d,0x4fa0b0,
0x478476,0x58db0c,
0x478485,0x6435f0,
0x47848e,0x6435f8,
0x478499,0x6435f4,
0x4784a7,0x6435f4,
0x4784b0,0x6435f0,
0x4784bb,0x6435f8,
0x4784c9,0x4fa0bc,
0x4784e0,0x58db10,
0x478591,0x4be610,
0x4785af,0x58db10,
0x4785f3,0x4be670,
0x4785f9,0x4be638,
0x478621,0x4be610,
0x478634,0x4be674,
0x47863a,0x4be638,
0x478662,0x4be638,
0x478668,0x4be660,
0x478671,0x4be668,
0x47867e,0x4be610,
0x478690,0x4be678,
0x4786a7,0x4faf18,
0x4786d5,0x4be678,
0x4786f3,0x4be678,
0x478700,0x4be674,
0x478706,0x4be638,
0x47877a,0x4be67c,
0x478780,0x4be610,
0x47878f,0x4be610,
0x4787b4,0x4be638,
0x4787c3,0x4be638,
0x478825,0x4be610,
0x478834,0x4be610,
0x47883d,0x643600,
0x478843,0x6435fc,
0x478849,0x4be67c,
0x478858,0x4be67c,
0x47885e,0x4be638,
0x47886d,0x4be638,
0x478878,0x4be638,
0x478887,0x4be638,
0x4788b7,0x58db00,
0x4788c1,0x4fa0b0,
0x4788cd,0x6435f0,
0x4788d7,0x6435f4,
0x4788e0,0x6435f8,
0x47890f,0x58db00,
0x47891e,0x4fa0bc,
0x478924,0x4be680,
0x478929,0x58db08,
0x478939,0x58db24,
0x478991,0x4be670,
0x478997,0x4be638,
0x4789a0,0x4be638,
0x4789b1,0x4be684,
0x4789c3,0x4be688,
0x4789eb,0x4be620,
0x4789f1,0x4be628,
0x4789fa,0x4be668,
0x478a07,0x4be610,
0x478a1b,0x4faf18,
0x478a60,0x58db08,
0x478a96,0x4be690,
0x478b09,0x6435f0,
0x478b0f,0x6435f4,
0x478b15,0x6435f8,
0x478b36,0x62b2c0,
0x478b42,0x61afa0,
0x478b5e,0x63b2c0,
0x478b6f,0x61b0a0,
0x478bb0,0x61b2a0,
0x478bdb,0x61d2a0,
0x478be1,0x61d1a0,
0x478bf8,0x62b1a0,
0x478c64,0x4be698,
0x478c6c,0x4be698,
0x478c92,0x4be698,
0x478cf2,0x4be6a0,
0x478d1d,0x4be6a0,
0x478d44,0x4be6a0,
0x478d63,0x4be6a0,
0x478d7a,0x4be6b0,
0x478d8c,0x4be6b4,
0x478d92,0x4be6b8,
0x478d9c,0x4be6a8,
0x478dad,0x4be6bc,
0x478dbb,0x4be6c4,
0x478dc1,0x4be6c0,
0x478dc9,0x4be6c8,
0x478de0,0x4be6c8,
0x478dea,0x4be6cc,
0x478df9,0x609fa0,
0x478e2a,0x4be6d0,
0x478e3c,0x4be6d0,
0x478e4d,0x4be6d0,
0x478ec7,0x4be6d4,
0x478ed1,0x4be6a8,
0x478f0d,0x4be6d0,
0x478f1f,0x4be6d0,
0x478f30,0x4be6d0,
0x478f93,0x61b1a0,
0x478fde,0x609fa0,
0x479019,0x4be6a0,
0x47902a,0x4be6ac,
0x47905b,0x4be6d8,
0x479074,0x4be6dc,
0x479084,0x4bc21c,
0x47909d,0x4be6e0,
0x4790a3,0x4be6e0,
0x4790c7,0x4be6e0,
0x4790cf,0x4be6e0,
0x4790fc,0x4791c0,
0x4791c0,0x479100,
0x4791c4,0x479120,
0x4791c8,0x479140,
0x4791cc,0x479160,
0x4791d0,0x479180,
0x4791d4,0x4791a0,
0x4791e5,0x59bb88,
0x4791fe,0x6432e0,
0x479208,0x59bb88,
0x47920c,0x59b788,
0x479219,0x59bb88,
0x479238,0x63b2e0,
0x479248,0x61b2a0,
0x47927e,0x61d1a0,
0x4792ad,0x4be698,
0x4792b3,0x4be6e4,
0x4792bb,0x4be698,
0x4792c3,0x4be698,
0x4792cb,0x4be6e4,
0x4792d3,0x4be6e4,
0x4792db,0x4be6e4,
0x4792e1,0x4be6e4,
0x4792e7,0x4be6e4,
0x4792ef,0x4be6e8,
0x4792fb,0x4be6e8,
0x479303,0x4be6e8,
0x479323,0x4be6d0,
0x479332,0x4be6d0,
0x479343,0x4be6d0,
0x4793d1,0x4be6e0,
0x4793d7,0x4be6e0,
0x4793dd,0x4be6e0,
0x4793f7,0x4be6ec,
0x4793ff,0x4be6ec,
0x479407,0x4be6ec,
0x479420,0x61b9a0,
0x47942e,0x4be6d0,
0x47943d,0x4be6d0,
0x47944e,0x4be6d0,
0x47954f,0x6432e0,
0x47955f,0x4be698,
0x479567,0x6432e1,
0x47957b,0x4be698,
0x479583,0x6432e2,
0x479595,0x4be698,
0x4795a1,0x59bb88,
0x4795b1,0x6432e0,
0x4795bd,0x59bb88,
0x4795c1,0x59b788,
0x4795ce,0x59bb88,
0x4795e9,0x63b2e0,
0x479606,0x4be6d0,
0x479617,0x4be6d0,
0x479628,0x4be6d0,
0x4796c3,0x63b2e0,
0x4796d5,0x59bb88,
0x4796e3,0x6432e0,
0x479722,0x6435dd,
0x479767,0x62b2c0,
0x47978f,0x4bc1f0,
0x47979f,0x61afa0,
0x4797a5,0x62b2c0,
0x4797bb,0x61b0a0,
0x4797cd,0x61afa0,
0x4797d5,0x60afa0,
0x4797fb,0x654b8c,
0x479822,0x6094a0,
0x47990d,0x6095a0,
0x479917,0x4be700,
0x479931,0x4be740,
0x47993e,0x4be748,
0x479962,0x609fa0,
0x479971,0x654b8c,
0x479988,0x4fa170,
0x4799b6,0x6094a0,
0x4799f2,0x5dcec0,
0x4799f8,0x5dd2c8,
0x479a18,0x59bb8c,
0x479a3f,0x5dcec0,
0x479a45,0x5dd2c8,
0x479a7d,0x59bb8c,
0x479a98,0x4be750,
0x479aaf,0x4be758,
0x479af4,0x4be760,
0x479b0e,0x4bc100,
0x479b22,0x5dcfa8,
0x479b49,0x5dcfa9,
0x479b75,0x5dcfaa,
0x479bcb,0x5dcec0,
0x479bd1,0x5dd2c8,
0x479bd9,0x5dcec0,
0x479bdf,0x5dd2e0,
0x479be5,0x4bc100,
0x479c21,0x5dcfa8,
0x479c4e,0x59bb8c,
0x479ca2,0x4c2098,
0x479ca9,0x4bc23c,
0x479cd4,0x4bc268,
0x479cf4,0x4bc264,
0x479d6b,0x4bc15c,
0x479dba,0x4bc15c,
0x479ded,0x4bc1f0,
0x479e30,0x4bc264,
0x479f3f,0x4edf28,
0x479f6d,0x4bc23c,
0x479f96,0x4bc1ec,
0x479f9f,0x4bc164,
0x47a0b9,0x4bc1f0,
0x47a0da,0x4bc1ec,
0x47a0e4,0x4bc264,
0x47a10d,0x4c2098,
0x47a114,0x4bc23c,
0x47a12c,0x4bc268,
0x47a15b,0x4bc264,
0x47a177,0x4bc168,
0x47a381,0x47a848,
0x47a4be,0x60afa0,
0x47a4dc,0x60afa0,
0x47a4e2,0x60afa0,
0x47a4fd,0x60afa0,
0x47a503,0x60afa0,
0x47a52c,0x60afa0,
0x47a579,0x60afa0,
0x47a681,0x61b2a0,
0x47a848,0x47a3b3,
0x47a84c,0x47a3c6,
0x47a850,0x47a59f,
0x47a854,0x47a6b0,
0x47a858,0x47a385,
0x47a96e,0x62b2c0,
0x47a98b,0x62b2c0,
0x47a994,0x62b2c0,
0x47a9af,0x62b2c0,
0x47a9b8,0x62b2c0,
0x47a9dc,0x62b2c0,
0x47aa28,0x62b2c0,
0x47aba1,0x608460,
0x47abf8,0x608460,
0x47ac4f,0x608460,
0x47acb0,0x47b18c,
0x47ad10,0x62b2c0,
0x47ad27,0x62b2c0,
0x47ad30,0x62b2c0,
0x47ad42,0x62b2c0,
0x47ad4b,0x62b2c0,
0x47ad67,0x62b2c0,
0x47adb6,0x62b2c0,
0x47ae22,0x62b2c0,
0x47ae39,0x62b2c0,
0x47ae42,0x62b2c0,
0x47ae54,0x62b2c0,
0x47ae5d,0x62b2c0,
0x47ae79,0x62b2c0,
0x47aec8,0x62b2c0,
0x47af31,0x60afa0,
0x47af48,0x60afa0,
0x47af51,0x60afa0,
0x47af63,0x60afa0,
0x47af6c,0x60afa0,
0x47af88,0x60afa0,
0x47afd7,0x60afa0,
0x47b040,0x61afa0,
0x47b057,0x61afa0,
0x47b060,0x61afa0,
0x47b072,0x61afa0,
0x47b07b,0x61afa0,
0x47b097,0x61afa0,
0x47b0e6,0x62b2c0,
0x47b18c,0x47ade3,
0x47b190,0x47aef2,
0x47b194,0x47b110,
0x47b198,0x47b001,
0x47b19c,0x47acb4,
0x47b89b,0x4bc1f0,
0x47bedb,0x4bc1f0,
0x47c280,0x4be764,
0x47c6eb,0x4be764,
0x47c716,0x4be768,
0x47c72b,0x4be76c,
0x47c741,0x4be768,
0x47c758,0x4be76c,
0x47c7c5,0x4be764,
0x47c818,0x4be764,
0x47c843,0x4be770,
0x47c859,0x4be770,
0x47c86f,0x4be764,
0x47c885,0x4be764,
0x47c8f4,0x4be764,
0x47c964,0x4be764,
0x47c993,0x4be768,
0x47c9a8,0x4be76c,
0x47c9be,0x4be768,
0x47c9d5,0x4be76c,
0x47ca2a,0x4be764,
0x47ca8b,0x4be764,
0x47cac8,0x4bc1f0,
0x47cae1,0x4fa470,
0x47caf6,0x59bd10,
0x47cbaa,0x4faf18,
0x47cbb0,0x59bc50,
0x47cbb9,0x59bc50,
0x47cbd0,0x4faf18,
0x47cbd6,0x59bba0,
0x47cbdc,0x4be774,
0x47cbec,0x59bc50,
0x47cbf2,0x59bc50,
0x47cbfa,0x59bba0,
0x47cc15,0x59bba0,
0x47cc2d,0x59bd38,
0x47cc3b,0x59bd38,
0x47cc45,0x59bc50,
0x47cc51,0x59bba0,
0x47cc58,0x61b2a0,
0x47cc5e,0x59bc50,
0x47cc68,0x59bc50,
0x47cc6e,0x59bd38,
0x47cc8a,0x4faf18,
0x47cc99,0x59bc50,
0x47ccaf,0x59bc50,
0x47ccba,0x59bba0,
0x47ccd6,0x61b2a0,
0x47ccea,0x61b2a0,
0x47ccff,0x61b2a0,
0x47cd14,0x61b2a0,
0x47cd29,0x61b2a0,
0x47cd3e,0x61b2a0,
0x47cd53,0x61b2a0,
0x47cd68,0x61b2a0,
0x47cd7d,0x61b2a0,
0x47cd92,0x61b2a0,
0x47cda7,0x61b2a0,
0x47cdbc,0x61b2a0,
0x47cdd1,0x61b2a0,
0x47cde6,0x61b2a0,
0x47cdf7,0x61b2a0,
0x47ce07,0x59bc50,
0x47ce0d,0x61b2a0,
0x47ce49,0x4bbb2b,
0x47ce6a,0x4f9d80,
0x47ce6f,0x4f9d7c,
0x47ce7a,0x4f9d80,
0x47ce87,0x4f9d80,
0x47ce90,0x4f9d80,
0x47cea5,0x47cb00,
0x47ceec,0x4be778,
0x47cefa,0x4be778,
0x47cf0f,0x4be778,
0x47cf1a,0x4fa48c,
0x47cf22,0x4fa48c,
0x47cf2a,0x4fa48c,
0x47d028,0x4faf18,
0x47d03a,0x59bc50,
0x47d040,0x59bc50,
0x47d054,0x59bc50,
0x47d068,0x59bd38,
0x47d076,0x59bd38,
0x47d080,0x59bc50,
0x47d087,0x61b2a0,
0x47d08f,0x59bd38,
0x47d0b4,0x59bc50,
0x47d0c6,0x61b2a0,
0x47d119,0x4bbb4b,
0x47d138,0x4f9d80,
0x47d13d,0x4f9d7c,
0x47d148,0x4f9d80,
0x47d155,0x4f9d80,
0x47d15e,0x4f9d80,
0x47d177,0x47cfc0,
0x47d1b0,0x4be778,
0x47d1b9,0x4fa48c,
0x47d264,0x59bd38,
0x47d272,0x59bd38,
0x47d280,0x61b1a0,
0x47d288,0x59bd38,
0x47d2c5,0x61b1a0,
0x47d2cb,0x61b1a0,
0x47d2d1,0x61b1a0,
0x47d2d7,0x61b1a0,
0x47d2f4,0x61b1a0,
0x47d2fa,0x61b1a0,
0x47d300,0x61b1a0,
0x47d306,0x61b1a0,
0x47d324,0x61b1a0,
0x47d32a,0x61b1a0,
0x47d330,0x61b1a0,
0x47d336,0x61b1a0,
0x47d354,0x61b1a0,
0x47d35a,0x61b1a0,
0x47d360,0x61b1a0,
0x47d366,0x61b1a0,
0x47d3a9,0x4bbb6b,
0x47d3c3,0x4f9d80,
0x47d3c8,0x4f9d7c,
0x47d3d3,0x4f9d80,
0x47d3e0,0x4f9d80,
0x47d3e9,0x4f9d80,
0x47d402,0x47d1e0,
0x47d46e,0x6439c0,
0x47d48b,0x6439c0,
0x47d4a7,0x6439d8,
0x47d4bb,0x6439d8,
0x47d4e8,0x6439dc,
0x47d51e,0x59bc38,
0x47d52e,0x59bcb0,
0x47d5cc,0x4faf18,
0x47d5d2,0x59bc00,
0x47d5db,0x4faf18,
0x47d5e1,0x59bc08,
0x47d5ea,0x4faf18,
0x47d5f0,0x59bb98,
0x47d5f8,0x4faf18,
0x47d5fe,0x59bcc8,
0x47d60e,0x59bd38,
0x47d627,0x4be774,
0x47d633,0x4be774,
0x47d63f,0x59bd38,
0x47d645,0x59bcc8,
0x47d64b,0x59bb98,
0x47d65c,0x59bcb0,
0x47d664,0x59bc08,
0x47d66d,0x59bc38,
0x47d677,0x59bc00,
0x47d67e,0x6439d8,
0x47d68d,0x59bd38,
0x47d699,0x59bb98,
0x47d69f,0x59bcc8,
0x47d6bc,0x4faf18,
0x47d6cb,0x59bb98,
0x47d6d4,0x4faf18,
0x47d6da,0x59bcc8,
0x47d6f8,0x59bb98,
0x47d6fe,0x59bcc8,
0x47d704,0x59bc00,
0x47d70a,0x59bc08,
0x47d717,0x59bcb0,
0x47d71f,0x59bc08,
0x47d72b,0x6439d8,
0x47d731,0x59bc38,
0x47d739,0x59bc00,
0x47d749,0x59bcb0,
0x47d752,0x59bc08,
0x47d75d,0x59bc38,
0x47d766,0x6439d8,
0x47d76e,0x59bc00,
0x47d780,0x59bcb0,
0x47d78e,0x59bc08,
0x47d795,0x59bc38,
0x47d79c,0x59bc00,
0x47d7a3,0x6439d8,
0x47d7b3,0x59bcb0,
0x47d7bd,0x59bc08,
0x47d7c9,0x59bc38,
0x47d7d2,0x6439d8,
0x47d7da,0x59bc00,
0x47d7eb,0x59bcb0,
0x47d7f8,0x59bc08,
0x47d800,0x59bc38,
0x47d808,0x59bc00,
0x47d80f,0x6439d8,
0x47d81f,0x59bcb0,
0x47d829,0x59bc08,
0x47d834,0x59bc38,
0x47d83d,0x6439d8,
0x47d844,0x59bc00,
0x47d856,0x59bcb0,
0x47d864,0x59bc08,
0x47d86c,0x59bc38,
0x47d874,0x59bc00,
0x47d87b,0x6439d8,
0x47d88a,0x59bcb0,
0x47d893,0x59bc08,
0x47d89f,0x59bc38,
0x47d8a8,0x6439d8,
0x47d8b0,0x59bc00,
0x47d8c2,0x59bcb0,
0x47d8d0,0x59bc08,
0x47d8d7,0x59bc38,
0x47d8de,0x59bc00,
0x47d8e5,0x6439d8,
0x47d8f5,0x59bcb0,
0x47d8ff,0x59bc08,
0x47d90b,0x59bc38,
0x47d914,0x6439d8,
0x47d91c,0x59bc00,
0x47d92d,0x59bcb0,
0x47d93a,0x59bc08,
0x47d942,0x59bc38,
0x47d94a,0x59bc00,
0x47d951,0x6439d8,
0x47d961,0x59bcb0,
0x47d96b,0x59bc08,
0x47d976,0x59bc38,
0x47d97f,0x6439d8,
0x47d986,0x59bc00,
0x47d998,0x59bcb0,
0x47d9a6,0x59bc08,
0x47d9ae,0x59bc38,
0x47d9b6,0x59bc00,
0x47d9bd,0x6439d8,
0x47d9cc,0x59bcb0,
0x47d9d5,0x59bc08,
0x47d9e1,0x59bc38,
0x47d9ea,0x6439d8,
0x47d9f2,0x59bc00,
0x47da04,0x59bcb0,
0x47da12,0x59bc08,
0x47da19,0x59bc38,
0x47da20,0x59bc00,
0x47da27,0x6439d8,
0x47da37,0x59bcb0,
0x47da44,0x59bc38,
0x47da50,0x6439d8,
0x47da62,0x59bb98,
0x47da67,0x59bcc8,
0x47da99,0x4bbb8b,
0x47daba,0x4f9d80,
0x47dabf,0x4f9d7c,
0x47daca,0x4f9d80,
0x47dad7,0x4f9d80,
0x47dae0,0x4f9d80,
0x47daf5,0x47d450,
0x47db53,0x4be77c,
0x47dc12,0x4be77c,
0x47dcde,0x6439c0,
0x47dcfb,0x6439c0,
0x47dd17,0x6439d8,
0x47dd2b,0x6439d8,
0x47dd58,0x6439dc,
0x47dd8e,0x59bc38,
0x47dd9e,0x59bcb0,
0x47de52,0x4be778,
0x47de65,0x4faf18,
0x47de6b,0x59bd60,
0x47de74,0x4faf18,
0x47de7a,0x59bd00,
0x47dea0,0x4be778,
0x47deaa,0x4f9d38,
0x47deb5,0x59bd60,
0x47debd,0x4faf18,
0x47dec3,0x59bc00,
0x47ded0,0x59bd00,
0x47ded8,0x4faf18,
0x47dede,0x59bc08,
0x47deeb,0x4be774,
0x47def7,0x4be774,
0x47df03,0x4be774,
0x47df27,0x4fa494,
0x47df36,0x59bd38,
0x47df3f,0x59bd38,
0x47df45,0x59bd00,
0x47df4b,0x59bd60,
0x47df5c,0x59bcb0,
0x47df64,0x59bc08,
0x47df6d,0x59bc38,
0x47df77,0x59bc00,
0x47df7e,0x6439d8,
0x47df8d,0x59bd38,
0x47df99,0x59bd60,
0x47df9f,0x59bd00,
0x47dfb1,0x59bd60,
0x47dfb7,0x59bd00,
0x47dfbd,0x59bc00,
0x47dfc3,0x59bc08,
0x47dfc8,0x59bd60,
0x47dfce,0x59bd00,
0x47dfd7,0x59bd60,
0x47dfe6,0x59bd00,
0x47dfec,0x4faf18,
0x47e011,0x4fa490,
0x47e019,0x4fa490,
0x47e026,0x59bc08,
0x47e02c,0x4fa490,
0x47e034,0x59bc00,
0x47e03a,0x4fa490,
0x47e054,0x4fa494,
0x47e05d,0x59bd60,
0x47e063,0x59bd00,
0x47e069,0x59bc00,
0x47e06f,0x59bc08,
0x47e07c,0x59bcb0,
0x47e084,0x59bc08,
0x47e090,0x6439d8,
0x47e096,0x59bc38,
0x47e09e,0x59bc00,
0x47e0ae,0x59bcb0,
0x47e0b7,0x59bc08,
0x47e0c2,0x59bc38,
0x47e0cb,0x6439d8,
0x47e0d3,0x59bc00,
0x47e0e5,0x59bcb0,
0x47e0f3,0x59bc08,
0x47e0fa,0x59bc38,
0x47e101,0x59bc00,
0x47e108,0x6439d8,
0x47e118,0x59bcb0,
0x47e122,0x59bc08,
0x47e12e,0x59bc38,
0x47e137,0x6439d8,
0x47e13f,0x59bc00,
0x47e150,0x59bcb0,
0x47e15d,0x59bc08,
0x47e165,0x59bc38,
0x47e16d,0x59bc00,
0x47e174,0x6439d8,
0x47e184,0x59bcb0,
0x47e18e,0x59bc08,
0x47e199,0x59bc38,
0x47e1a2,0x6439d8,
0x47e1a9,0x59bc00,
0x47e1bb,0x59bcb0,
0x47e1c9,0x59bc08,
0x47e1d1,0x59bc38,
0x47e1d9,0x59bc00,
0x47e1e0,0x6439d8,
0x47e1ef,0x59bcb0,
0x47e1f8,0x59bc08,
0x47e204,0x59bc38,
0x47e20d,0x6439d8,
0x47e215,0x59bc00,
0x47e227,0x59bcb0,
0x47e235,0x59bc08,
0x47e23c,0x59bc38,
0x47e243,0x59bc00,
0x47e24a,0x6439d8,
0x47e25a,0x59bcb0,
0x47e264,0x59bc08,
0x47e270,0x59bc38,
0x47e279,0x6439d8,
0x47e281,0x59bc00,
0x47e292,0x59bcb0,
0x47e29f,0x59bc08,
0x47e2a7,0x59bc38,
0x47e2af,0x59bc00,
0x47e2b6,0x6439d8,
0x47e2c6,0x59bcb0,
0x47e2d0,0x59bc08,
0x47e2db,0x59bc38,
0x47e2e4,0x6439d8,
0x47e2eb,0x59bc00,
0x47e2fd,0x59bcb0,
0x47e30b,0x59bc08,
0x47e313,0x59bc38,
0x47e31b,0x59bc00,
0x47e322,0x6439d8,
0x47e331,0x59bcb0,
0x47e33a,0x59bc08,
0x47e346,0x59bc38,
0x47e34f,0x6439d8,
0x47e357,0x59bc00,
0x47e369,0x59bcb0,
0x47e377,0x59bc08,
0x47e37e,0x59bc38,
0x47e385,0x59bc00,
0x47e38c,0x6439d8,
0x47e39c,0x59bcb0,
0x47e3a9,0x59bc38,
0x47e3b5,0x6439d8,
0x47e3c7,0x59bd60,
0x47e3cc,0x59bd00,
0x47e409,0x4bbbab,
0x47e42a,0x4f9d80,
0x47e42f,0x4f9d7c,
0x47e43a,0x4f9d80,
0x47e447,0x4f9d80,
0x47e450,0x4f9d80,
0x47e465,0x47dcc0,
0x47e4c3,0x4be77c,
0x47e582,0x4be77c,
0x47e6ce,0x6439c0,
0x47e6eb,0x6439c0,
0x47e707,0x6439d8,
0x47e71b,0x6439d8,
0x47e748,0x6439dc,
0x47e77e,0x59bc38,
0x47e78e,0x59bcb0,
0x47e82c,0x4faf18,
0x47e832,0x59bc00,
0x47e83b,0x4faf18,
0x47e841,0x59bc08,
0x47e84a,0x4faf18,
0x47e850,0x59bca8,
0x47e858,0x4faf18,
0x47e85e,0x59bbd0,
0x47e86e,0x59bd38,
0x47e887,0x4be774,
0x47e893,0x4be774,
0x47e89f,0x59bd38,
0x47e8a5,0x59bbd0,
0x47e8ab,0x59bca8,
0x47e8bc,0x59bcb0,
0x47e8c4,0x59bc08,
0x47e8cd,0x59bc38,
0x47e8d7,0x59bc00,
0x47e8de,0x6439d8,
0x47e8f5,0x609fa0,
0x47e8fd,0x59bd38,
0x47e909,0x59bca8,
0x47e90f,0x59bbd0,
0x47e92c,0x4faf18,
0x47e93b,0x59bca8,
0x47e944,0x4faf18,
0x47e94a,0x59bbd0,
0x47e968,0x59bca8,
0x47e96e,0x59bbd0,
0x47e974,0x59bc00,
0x47e97a,0x59bc08,
0x47e987,0x59bcb0,
0x47e98f,0x59bc08,
0x47e99b,0x6439d8,
0x47e9a1,0x59bc38,
0x47e9a9,0x59bc00,
0x47e9ba,0x59bcb0,
0x47e9c5,0x59bc08,
0x47e9ce,0x609fa0,
0x47e9d6,0x59bc38,
0x47e9df,0x6439d8,
0x47e9e9,0x59bc00,
0x47e9fe,0x609fa0,
0x47ea07,0x59bcb0,
0x47ea0f,0x59bc08,
0x47ea1b,0x6439d8,
0x47ea20,0x59bc38,
0x47ea27,0x59bc00,
0x47ea39,0x59bcb0,
0x47ea46,0x59bc08,
0x47ea4f,0x609fa0,
0x47ea58,0x59bc38,
0x47ea61,0x6439d8,
0x47ea6b,0x59bc00,
0x47ea80,0x609fa0,
0x47ea88,0x59bcb0,
0x47ea8f,0x59bc08,
0x47ea9b,0x6439d8,
0x47eaa1,0x59bc38,
0x47eaa9,0x59bc00,
0x47eabb,0x59bcb0,
0x47eac8,0x59bc08,
0x47ead1,0x609fa0,
0x47ead9,0x59bc38,
0x47eae2,0x6439d8,
0x47eaeb,0x59bc00,
0x47eb00,0x609fa0,
0x47eb09,0x59bcb0,
0x47eb11,0x59bc08,
0x47eb1d,0x6439d8,
0x47eb23,0x59bc38,
0x47eb2b,0x59bc00,
0x47eb3c,0x59bcb0,
0x47eb48,0x59bc08,
0x47eb51,0x609fa0,
0x47eb5a,0x59bc38,
0x47eb63,0x6439d8,
0x47eb6d,0x59bc00,
0x47eb82,0x609fa0,
0x47eb8b,0x59bcb0,
0x47eb93,0x59bc08,
0x47eb9f,0x6439d8,
0x47eba4,0x59bc38,
0x47ebab,0x59bc00,
0x47ebbd,0x59bcb0,
0x47ebca,0x59bc08,
0x47ebd3,0x609fa0,
0x47ebdc,0x59bc38,
0x47ebe5,0x6439d8,
0x47ebef,0x59bc00,
0x47ec04,0x609fa0,
0x47ec0c,0x59bcb0,
0x47ec13,0x59bc08,
0x47ec1f,0x6439d8,
0x47ec25,0x59bc38,
0x47ec2d,0x59bc00,
0x47ec3f,0x59bcb0,
0x47ec4c,0x59bc08,
0x47ec55,0x609fa0,
0x47ec5d,0x59bc38,
0x47ec66,0x6439d8,
0x47ec6f,0x59bc00,
0x47ec84,0x609fa0,
0x47ec8d,0x59bcb0,
0x47ec95,0x59bc08,
0x47eca1,0x6439d8,
0x47eca7,0x59bc38,
0x47ecaf,0x59bc00,
0x47ecc0,0x59bcb0,
0x47eccc,0x59bc08,
0x47ecd5,0x609fa0,
0x47ecde,0x59bc38,
0x47ece7,0x6439d8,
0x47ecf1,0x59bc00,
0x47ed06,0x609fa0,
0x47ed0f,0x59bcb0,
0x47ed17,0x59bc08,
0x47ed23,0x6439d8,
0x47ed28,0x59bc38,
0x47ed2f,0x59bc00,
0x47ed46,0x59bcb0,
0x47ed4e,0x609fa0,
0x47ed57,0x59bc38,
0x47ed60,0x6439d8,
0x47ed76,0x609fa0,
0x47ed80,0x59bca8,
0x47ed85,0x59bbd0,
0x47edb9,0x4bbbcb,
0x47edda,0x4f9d80,
0x47eddf,0x4f9d7c,
0x47edea,0x4f9d80,
0x47edf7,0x4f9d80,
0x47ee00,0x4f9d80,
0x47ee15,0x47e6b0,
0x47ee74,0x4be77c,
0x47ef33,0x4be77c,
0x47effe,0x6439c0,
0x47f01b,0x6439c0,
0x47f037,0x6439d8,
0x47f04b,0x6439d8,
0x47f078,0x6439dc,
0x47f0ae,0x59bc38,
0x47f0be,0x59bcb0,
0x47f15c,0x4faf18,
0x47f162,0x59bc00,
0x47f16b,0x4faf18,
0x47f171,0x59bc08,
0x47f17a,0x4faf18,
0x47f180,0x59bc10,
0x47f188,0x4faf18,
0x47f18e,0x59bcf8,
0x47f19e,0x59bd38,
0x47f1b7,0x4be774,
0x47f1c3,0x4be774,
0x47f1cf,0x59bd38,
0x47f1d5,0x59bcf8,
0x47f1db,0x59bc10,
0x47f1ec,0x59bcb0,
0x47f1f4,0x59bc08,
0x47f1fd,0x59bc38,
0x47f207,0x59bc00,
0x47f20e,0x6439d8,
0x47f21d,0x59bd38,
0x47f229,0x59bc10,
0x47f22f,0x59bcf8,
0x47f24c,0x4faf18,
0x47f25b,0x59bc10,
0x47f264,0x4faf18,
0x47f26a,0x59bcf8,
0x47f288,0x59bc10,
0x47f28e,0x59bcf8,
0x47f294,0x59bc00,
0x47f29a,0x59bc08,
0x47f2a7,0x59bcb0,
0x47f2af,0x59bc08,
0x47f2bb,0x6439d8,
0x47f2c1,0x59bc38,
0x47f2c9,0x59bc00,
0x47f2d9,0x59bcb0,
0x47f2e2,0x59bc08,
0x47f2ed,0x59bc38,
0x47f2f6,0x6439d8,
0x47f2fe,0x59bc00,
0x47f310,0x59bcb0,
0x47f31e,0x59bc08,
0x47f325,0x59bc38,
0x47f32c,0x59bc00,
0x47f333,0x6439d8,
0x47f343,0x59bcb0,
0x47f34d,0x59bc08,
0x47f359,0x59bc38,
0x47f362,0x6439d8,
0x47f36a,0x59bc00,
0x47f37b,0x59bcb0,
0x47f388,0x59bc08,
0x47f390,0x59bc38,
0x47f398,0x59bc00,
0x47f39f,0x6439d8,
0x47f3af,0x59bcb0,
0x47f3b9,0x59bc08,
0x47f3c4,0x59bc38,
0x47f3cd,0x6439d8,
0x47f3d4,0x59bc00,
0x47f3e6,0x59bcb0,
0x47f3f4,0x59bc08,
0x47f3fc,0x59bc38,
0x47f404,0x59bc00,
0x47f40b,0x6439d8,
0x47f41a,0x59bcb0,
0x47f423,0x59bc08,
0x47f42f,0x59bc38,
0x47f438,0x6439d8,
0x47f440,0x59bc00,
0x47f452,0x59bcb0,
0x47f460,0x59bc08,
0x47f467,0x59bc38,
0x47f46e,0x59bc00,
0x47f475,0x6439d8,
0x47f485,0x59bcb0,
0x47f48f,0x59bc08,
0x47f49b,0x59bc38,
0x47f4a4,0x6439d8,
0x47f4ac,0x59bc00,
0x47f4bd,0x59bcb0,
0x47f4ca,0x59bc08,
0x47f4d2,0x59bc38,
0x47f4da,0x59bc00,
0x47f4e1,0x6439d8,
0x47f4f1,0x59bcb0,
0x47f4fb,0x59bc08,
0x47f506,0x59bc38,
0x47f50f,0x6439d8,
0x47f516,0x59bc00,
0x47f528,0x59bcb0,
0x47f536,0x59bc08,
0x47f53e,0x59bc38,
0x47f546,0x59bc00,
0x47f54d,0x6439d8,
0x47f55c,0x59bcb0,
0x47f565,0x59bc08,
0x47f571,0x59bc38,
0x47f57a,0x6439d8,
0x47f582,0x59bc00,
0x47f594,0x59bcb0,
0x47f5a2,0x59bc08,
0x47f5a9,0x59bc38,
0x47f5b0,0x59bc00,
0x47f5b7,0x6439d8,
0x47f5c7,0x59bcb0,
0x47f5d4,0x59bc38,
0x47f5e0,0x6439d8,
0x47f5f2,0x59bc10,
0x47f5f7,0x59bcf8,
0x47f629,0x4bbbeb,
0x47f64a,0x4f9d80,
0x47f64f,0x4f9d7c,
0x47f65a,0x4f9d80,
0x47f667,0x4f9d80,
0x47f670,0x4f9d80,
0x47f685,0x47efe0,
0x47f6e3,0x4be77c,
0x47f7a2,0x4be77c,
0x47f86e,0x6439c0,
0x47f88b,0x6439c0,
0x47f8a7,0x6439d8,
0x47f8bb,0x6439d8,
0x47f8e8,0x6439dc,
0x47f91e,0x59bc38,
0x47f92e,0x59bcb0,
0x47f9e2,0x4be778,
0x47f9f5,0x4faf18,
0x47f9fb,0x59bba8,
0x47fa04,0x4faf18,
0x47fa0a,0x59bce8,
0x47fa30,0x4be778,
0x47fa3a,0x4f9d38,
0x47fa45,0x59bba8,
0x47fa4d,0x4faf18,
0x47fa53,0x59bc00,
0x47fa60,0x59bce8,
0x47fa68,0x4faf18,
0x47fa6e,0x59bc08,
0x47fa7b,0x4be774,
0x47fa87,0x4be774,
0x47fa93,0x4be774,
0x47fab7,0x4fa494,
0x47fac6,0x59bd38,
0x47facf,0x59bd38,
0x47fad5,0x59bce8,
0x47fadb,0x59bba8,
0x47faec,0x59bcb0,
0x47faf4,0x59bc08,
0x47fafd,0x59bc38,
0x47fb07,0x59bc00,
0x47fb0e,0x6439d8,
0x47fb1d,0x59bd38,
0x47fb29,0x59bba8,
0x47fb2f,0x59bce8,
0x47fb41,0x59bba8,
0x47fb47,0x59bce8,
0x47fb4d,0x59bc00,
0x47fb53,0x59bc08,
0x47fb58,0x59bba8,
0x47fb5e,0x59bce8,
0x47fb67,0x59bba8,
0x47fb76,0x59bce8,
0x47fb7c,0x4faf18,
0x47fba1,0x4fa490,
0x47fba9,0x4fa490,
0x47fbb6,0x59bc08,
0x47fbbc,0x4fa490,
0x47fbc4,0x59bc00,
0x47fbca,0x4fa490,
0x47fbe4,0x4fa494,
0x47fbed,0x59bba8,
0x47fbf3,0x59bce8,
0x47fbf9,0x59bc00,
0x47fbff,0x59bc08,
0x47fc0c,0x59bcb0,
0x47fc14,0x59bc08,
0x47fc20,0x6439d8,
0x47fc26,0x59bc38,
0x47fc2e,0x59bc00,
0x47fc3e,0x59bcb0,
0x47fc47,0x59bc08,
0x47fc52,0x59bc38,
0x47fc5b,0x6439d8,
0x47fc63,0x59bc00,
0x47fc75,0x59bcb0,
0x47fc83,0x59bc08,
0x47fc8a,0x59bc38,
0x47fc91,0x59bc00,
0x47fc98,0x6439d8,
0x47fca8,0x59bcb0,
0x47fcb2,0x59bc08,
0x47fcbe,0x59bc38,
0x47fcc7,0x6439d8,
0x47fccf,0x59bc00,
0x47fce0,0x59bcb0,
0x47fced,0x59bc08,
0x47fcf5,0x59bc38,
0x47fcfd,0x59bc00,
0x47fd04,0x6439d8,
0x47fd14,0x59bcb0,
0x47fd1e,0x59bc08,
0x47fd29,0x59bc38,
0x47fd32,0x6439d8,
0x47fd39,0x59bc00,
0x47fd4b,0x59bcb0,
0x47fd59,0x59bc08,
0x47fd61,0x59bc38,
0x47fd69,0x59bc00,
0x47fd70,0x6439d8,
0x47fd7f,0x59bcb0,
0x47fd88,0x59bc08,
0x47fd94,0x59bc38,
0x47fd9d,0x6439d8,
0x47fda5,0x59bc00,
0x47fdb7,0x59bcb0,
0x47fdc5,0x59bc08,
0x47fdcc,0x59bc38,
0x47fdd3,0x59bc00,
0x47fdda,0x6439d8,
0x47fdea,0x59bcb0,
0x47fdf4,0x59bc08,
0x47fe00,0x59bc38,
0x47fe09,0x6439d8,
0x47fe11,0x59bc00,
0x47fe22,0x59bcb0,
0x47fe2f,0x59bc08,
0x47fe37,0x59bc38,
0x47fe3f,0x59bc00,
0x47fe46,0x6439d8,
0x47fe56,0x59bcb0,
0x47fe60,0x59bc08,
0x47fe6b,0x59bc38,
0x47fe74,0x6439d8,
0x47fe7b,0x59bc00,
0x47fe8d,0x59bcb0,
0x47fe9b,0x59bc08,
0x47fea3,0x59bc38,
0x47feab,0x59bc00,
0x47feb2,0x6439d8,
0x47fec1,0x59bcb0,
0x47feca,0x59bc08,
0x47fed6,0x59bc38,
0x47fedf,0x6439d8,
0x47fee7,0x59bc00,
0x47fef9,0x59bcb0,
0x47ff07,0x59bc08,
0x47ff0e,0x59bc38,
0x47ff15,0x59bc00,
0x47ff1c,0x6439d8,
0x47ff2c,0x59bcb0,
0x47ff39,0x59bc38,
0x47ff45,0x6439d8,
0x47ff57,0x59bba8,
0x47ff5c,0x59bce8,
0x47ff99,0x4bbc0b,
0x47ffba,0x4f9d80,
0x47ffbf,0x4f9d7c,
0x47ffca,0x4f9d80,
0x47ffd7,0x4f9d80,
0x47ffe0,0x4f9d80,
0x47fff5,0x47f850,
0x480053,0x4be77c,
0x480112,0x4be77c,
0x48025e,0x6439c0,
0x48027b,0x6439c0,
0x480297,0x6439d8,
0x4802ab,0x6439d8,
0x4802d8,0x6439dc,
0x48030e,0x59bc38,
0x48031e,0x59bcb0,
0x4803bc,0x4faf18,
0x4803c2,0x59bc00,
0x4803cb,0x4faf18,
0x4803d1,0x59bc08,
0x4803da,0x4faf18,
0x4803e0,0x59bc58,
0x4803e8,0x4faf18,
0x4803ee,0x59bbb8,
0x4803fe,0x59bd38,
0x480417,0x4be774,
0x480423,0x4be774,
0x48042f,0x59bd38,
0x480435,0x59bbb8,
0x48043b,0x59bc58,
0x48044c,0x59bcb0,
0x480454,0x59bc08,
0x48045d,0x59bc38,
0x480467,0x59bc00,
0x48046e,0x6439d8,
0x480485,0x62b2c0,
0x48048d,0x59bd38,
0x480499,0x59bc58,
0x48049f,0x59bbb8,
0x4804bc,0x4faf18,
0x4804cb,0x59bc58,
0x4804d4,0x4faf18,
0x4804da,0x59bbb8,
0x4804f8,0x59bc58,
0x4804fe,0x59bbb8,
0x480504,0x59bc00,
0x48050a,0x59bc08,
0x480517,0x59bcb0,
0x48051f,0x59bc08,
0x48052b,0x6439d8,
0x480531,0x59bc38,
0x480539,0x59bc00,
0x480549,0x59bcb0,
0x480552,0x59bc08,
0x480564,0x59bc38,
0x48056d,0x6439d8,
0x480575,0x59bc00,
0x480587,0x59bcb0,
0x48059b,0x59bc08,
0x4805a2,0x59bc38,
0x4805a9,0x59bc00,
0x4805b0,0x6439d8,
0x4805c0,0x59bcb0,
0x4805ca,0x59bc08,
0x4805dd,0x59bc38,
0x4805e6,0x6439d8,
0x4805ee,0x59bc00,
0x4805ff,0x59bcb0,
0x480613,0x59bc08,
0x48061b,0x59bc38,
0x480623,0x59bc00,
0x48062a,0x6439d8,
0x48063a,0x59bcb0,
0x480644,0x59bc08,
0x480655,0x59bc38,
0x48065e,0x6439d8,
0x480665,0x59bc00,
0x480677,0x59bcb0,
0x48068c,0x59bc08,
0x480694,0x59bc38,
0x48069c,0x59bc00,
0x4806a3,0x6439d8,
0x4806b2,0x59bcb0,
0x4806bb,0x59bc08,
0x4806ce,0x59bc38,
0x4806d7,0x6439d8,
0x4806df,0x59bc00,
0x4806f1,0x59bcb0,
0x480705,0x59bc08,
0x48070c,0x59bc38,
0x480713,0x59bc00,
0x48071a,0x6439d8,
0x48072a,0x59bcb0,
0x480734,0x59bc08,
0x480747,0x59bc38,
0x480750,0x6439d8,
0x480758,0x59bc00,
0x480769,0x59bcb0,
0x48077d,0x59bc08,
0x480785,0x59bc38,
0x48078d,0x59bc00,
0x480794,0x6439d8,
0x4807a4,0x59bcb0,
0x4807ae,0x59bc08,
0x4807bf,0x59bc38,
0x4807c8,0x6439d8,
0x4807cf,0x59bc00,
0x4807e1,0x59bcb0,
0x4807f6,0x59bc08,
0x4807fe,0x59bc38,
0x480806,0x59bc00,
0x48080d,0x6439d8,
0x48081c,0x59bcb0,
0x480825,0x59bc08,
0x480838,0x59bc38,
0x480841,0x6439d8,
0x480849,0x59bc00,
0x48085b,0x59bcb0,
0x48086f,0x59bc08,
0x480876,0x59bc38,
0x48087d,0x59bc00,
0x480884,0x6439d8,
0x480894,0x59bcb0,
0x4808a1,0x59bc38,
0x4808b4,0x6439d8,
0x4808cb,0x59bc58,
0x4808d0,0x59bbb8,
0x480909,0x4bbc2b,
0x48092a,0x4f9d80,
0x48092f,0x4f9d7c,
0x48093a,0x4f9d80,
0x480947,0x4f9d80,
0x480950,0x4f9d80,
0x480965,0x480240,
0x4809c4,0x4be77c,
0x480a83,0x4be77c,
0x480b4e,0x6439c0,
0x480b6b,0x6439c0,
0x480b87,0x6439d8,
0x480b9b,0x6439d8,
0x480bc8,0x6439dc,
0x480bfe,0x59bc38,
0x480c0e,0x59bcb0,
0x480cc2,0x4be778,
0x480cd5,0x4faf18,
0x480cdb,0x59bd28,
0x480ce4,0x4faf18,
0x480cea,0x59bc28,
0x480d10,0x4be778,
0x480d1a,0x4f9d38,
0x480d25,0x59bd28,
0x480d2d,0x4faf18,
0x480d33,0x59bc00,
0x480d40,0x59bc28,
0x480d48,0x4faf18,
0x480d4e,0x59bc08,
0x480d5b,0x4be774,
0x480d67,0x4be774,
0x480d73,0x4be774,
0x480d97,0x4fa494,
0x480da6,0x59bd38,
0x480daf,0x59bd38,
0x480db5,0x59bc28,
0x480dbb,0x59bd28,
0x480dcc,0x59bcb0,
0x480dd4,0x59bc08,
0x480ddd,0x59bc38,
0x480de7,0x59bc00,
0x480dee,0x6439d8,
0x480e05,0x62b2c0,
0x480e0d,0x59bd38,
0x480e19,0x59bd28,
0x480e1f,0x59bc28,
0x480e31,0x59bd28,
0x480e37,0x59bc28,
0x480e3d,0x59bc00,
0x480e43,0x59bc08,
0x480e48,0x59bd28,
0x480e4e,0x59bc28,
0x480e57,0x59bd28,
0x480e66,0x59bc28,
0x480e6c,0x4faf18,
0x480e91,0x4fa490,
0x480e99,0x4fa490,
0x480ea6,0x59bc08,
0x480eac,0x4fa490,
0x480eb4,0x59bc00,
0x480eba,0x4fa490,
0x480ed4,0x4fa494,
0x480edd,0x59bd28,
0x480ee3,0x59bc28,
0x480ee9,0x59bc00,
0x480eef,0x59bc08,
0x480efc,0x59bcb0,
0x480f04,0x59bc08,
0x480f10,0x6439d8,
0x480f16,0x59bc38,
0x480f1e,0x59bc00,
0x480f2e,0x59bcb0,
0x480f37,0x59bc08,
0x480f49,0x59bc38,
0x480f52,0x6439d8,
0x480f5a,0x59bc00,
0x480f6c,0x59bcb0,
0x480f80,0x59bc08,
0x480f87,0x59bc38,
0x480f8e,0x59bc00,
0x480f95,0x6439d8,
0x480fa5,0x59bcb0,
0x480faf,0x59bc08,
0x480fc2,0x59bc38,
0x480fcb,0x6439d8,
0x480fd3,0x59bc00,
0x480fe4,0x59bcb0,
0x480ff8,0x59bc08,
0x481000,0x59bc38,
0x481008,0x59bc00,
0x48100f,0x6439d8,
0x48101f,0x59bcb0,
0x481029,0x59bc08,
0x48103a,0x59bc38,
0x481043,0x6439d8,
0x48104a,0x59bc00,
0x48105c,0x59bcb0,
0x481071,0x59bc08,
0x481079,0x59bc38,
0x481081,0x59bc00,
0x481088,0x6439d8,
0x481097,0x59bcb0,
0x4810a0,0x59bc08,
0x4810b3,0x59bc38,
0x4810bc,0x6439d8,
0x4810c4,0x59bc00,
0x4810d6,0x59bcb0,
0x4810ea,0x59bc08,
0x4810f1,0x59bc38,
0x4810f8,0x59bc00,
0x4810ff,0x6439d8,
0x48110f,0x59bcb0,
0x481119,0x59bc08,
0x48112c,0x59bc38,
0x481135,0x6439d8,
0x48113d,0x59bc00,
0x48114e,0x59bcb0,
0x481162,0x59bc08,
0x48116a,0x59bc38,
0x481172,0x59bc00,
0x481179,0x6439d8,
0x481189,0x59bcb0,
0x481193,0x59bc08,
0x4811a4,0x59bc38,
0x4811ad,0x6439d8,
0x4811b4,0x59bc00,
0x4811c6,0x59bcb0,
0x4811db,0x59bc08,
0x4811e3,0x59bc38,
0x4811eb,0x59bc00,
0x4811f2,0x6439d8,
0x481201,0x59bcb0,
0x48120a,0x59bc08,
0x48121d,0x59bc38,
0x481226,0x6439d8,
0x48122e,0x59bc00,
0x481240,0x59bcb0,
0x481254,0x59bc08,
0x48125b,0x59bc38,
0x481262,0x59bc00,
0x481269,0x6439d8,
0x481279,0x59bcb0,
0x481286,0x59bc38,
0x481299,0x6439d8,
0x4812b0,0x59bd28,
0x4812b5,0x59bc28,
0x4812e9,0x4bbc4b,
0x48130a,0x4f9d80,
0x48130f,0x4f9d7c,
0x48131a,0x4f9d80,
0x481327,0x4f9d80,
0x481330,0x4f9d80,
0x481345,0x480b30,
0x4813a4,0x4be77c,
0x481463,0x4be77c,
0x4815ae,0x6439c0,
0x4815cb,0x6439c0,
0x4815e7,0x6439d8,
0x4815fb,0x6439d8,
0x481628,0x6439dc,
0x48165e,0x59bc38,
0x48166e,0x59bcb0,
0x48170c,0x4faf18,
0x481712,0x59bc00,
0x48171b,0x4faf18,
0x481721,0x59bc08,
0x48172a,0x4faf18,
0x481730,0x59bd78,
0x481738,0x4faf18,
0x48173e,0x59bd80,
0x48174e,0x59bd38,
0x481767,0x4be774,
0x481773,0x4be774,
0x48177f,0x59bd38,
0x481785,0x59bd80,
0x48178b,0x59bd78,
0x48179c,0x59bcb0,
0x4817a4,0x59bc08,
0x4817ad,0x59bc38,
0x4817b7,0x59bc00,
0x4817be,0x6439d8,
0x4817d5,0x62b2c0,
0x4817dd,0x59bd38,
0x4817e9,0x59bd78,
0x4817ef,0x59bd80,
0x48180c,0x4faf18,
0x48181b,0x59bd78,
0x481824,0x4faf18,
0x48182a,0x59bd80,
0x481848,0x59bd78,
0x48184e,0x59bd80,
0x481854,0x59bc00,
0x48185a,0x59bc08,
0x481867,0x59bcb0,
0x48186f,0x59bc08,
0x48187b,0x6439d8,
0x481881,0x59bc38,
0x481889,0x59bc00,
0x481899,0x59bcb0,
0x4818a2,0x59bc08,
0x4818b4,0x59bc38,
0x4818bd,0x6439d8,
0x4818c5,0x59bc00,
0x4818d7,0x59bcb0,
0x4818eb,0x59bc08,
0x4818f2,0x59bc38,
0x4818f9,0x59bc00,
0x481900,0x6439d8,
0x481910,0x59bcb0,
0x48191a,0x59bc08,
0x48192d,0x59bc38,
0x481936,0x6439d8,
0x48193e,0x59bc00,
0x48194f,0x59bcb0,
0x481963,0x59bc08,
0x48196b,0x59bc38,
0x481973,0x59bc00,
0x48197a,0x6439d8,
0x48198a,0x59bcb0,
0x481994,0x59bc08,
0x4819a5,0x59bc38,
0x4819ae,0x6439d8,
0x4819b5,0x59bc00,
0x4819c7,0x59bcb0,
0x4819dc,0x59bc08,
0x4819e4,0x59bc38,
0x4819ec,0x59bc00,
0x4819f3,0x6439d8,
0x481a02,0x59bcb0,
0x481a0b,0x59bc08,
0x481a1e,0x59bc38,
0x481a27,0x6439d8,
0x481a2f,0x59bc00,
0x481a41,0x59bcb0,
0x481a55,0x59bc08,
0x481a5c,0x59bc38,
0x481a63,0x59bc00,
0x481a6a,0x6439d8,
0x481a7a,0x59bcb0,
0x481a84,0x59bc08,
0x481a97,0x59bc38,
0x481aa0,0x6439d8,
0x481aa8,0x59bc00,
0x481ab9,0x59bcb0,
0x481acd,0x59bc08,
0x481ad5,0x59bc38,
0x481add,0x59bc00,
0x481ae4,0x6439d8,
0x481af4,0x59bcb0,
0x481afe,0x59bc08,
0x481b0f,0x59bc38,
0x481b18,0x6439d8,
0x481b1f,0x59bc00,
0x481b31,0x59bcb0,
0x481b46,0x59bc08,
0x481b4e,0x59bc38,
0x481b56,0x59bc00,
0x481b5d,0x6439d8,
0x481b6c,0x59bcb0,
0x481b75,0x59bc08,
0x481b88,0x59bc38,
0x481b91,0x6439d8,
0x481b99,0x59bc00,
0x481bab,0x59bcb0,
0x481bbf,0x59bc08,
0x481bc6,0x59bc38,
0x481bcd,0x59bc00,
0x481bd4,0x6439d8,
0x481be4,0x59bcb0,
0x481bf1,0x59bc38,
0x481c04,0x6439d8,
0x481c1b,0x59bd78,
0x481c20,0x59bd80,
0x481c59,0x4bbc6b,
0x481c7a,0x4f9d80,
0x481c7f,0x4f9d7c,
0x481c8a,0x4f9d80,
0x481c97,0x4f9d80,
0x481ca0,0x4f9d80,
0x481cb5,0x481590,
0x481d14,0x4be77c,
0x481dd3,0x4be77c,
0x481e9e,0x6439c0,
0x481ebb,0x6439c0,
0x481ed7,0x6439d8,
0x481eeb,0x6439d8,
0x481f18,0x6439dc,
0x481f4e,0x59bc38,
0x481f5e,0x59bcb0,
0x482012,0x4be778,
0x482025,0x4faf18,
0x48202b,0x59bd20,
0x482034,0x4faf18,
0x48203a,0x59bc48,
0x482060,0x4be778,
0x48206a,0x4f9d38,
0x482075,0x59bd20,
0x48207d,0x4faf18,
0x482083,0x59bc00,
0x482090,0x59bc48,
0x482098,0x4faf18,
0x48209e,0x59bc08,
0x4820ab,0x4be774,
0x4820b7,0x4be774,
0x4820c3,0x4be774,
0x4820e7,0x4fa494,
0x4820f6,0x59bd38,
0x4820ff,0x59bd38,
0x482105,0x59bc48,
0x48210b,0x59bd20,
0x48211c,0x59bcb0,
0x482124,0x59bc08,
0x48212d,0x59bc38,
0x482137,0x59bc00,
0x48213e,0x6439d8,
0x482155,0x62b2c0,
0x48215d,0x59bd38,
0x482169,0x59bd20,
0x48216f,0x59bc48,
0x482181,0x59bd20,
0x482187,0x59bc48,
0x48218d,0x59bc00,
0x482193,0x59bc08,
0x482198,0x59bd20,
0x48219e,0x59bc48,
0x4821a7,0x59bd20,
0x4821b6,0x59bc48,
0x4821bc,0x4faf18,
0x4821e1,0x4fa490,
0x4821e9,0x4fa490,
0x4821f6,0x59bc08,
0x4821fc,0x4fa490,
0x482204,0x59bc00,
0x48220a,0x4fa490,
0x482224,0x4fa494,
0x48222d,0x59bd20,
0x482233,0x59bc48,
0x482239,0x59bc00,
0x48223f,0x59bc08,
0x48224c,0x59bcb0,
0x482254,0x59bc08,
0x482260,0x6439d8,
0x482266,0x59bc38,
0x48226e,0x59bc00,
0x48227e,0x59bcb0,
0x482287,0x59bc08,
0x482299,0x59bc38,
0x4822a2,0x6439d8,
0x4822aa,0x59bc00,
0x4822bc,0x59bcb0,
0x4822d0,0x59bc08,
0x4822d7,0x59bc38,
0x4822de,0x59bc00,
0x4822e5,0x6439d8,
0x4822f5,0x59bcb0,
0x4822ff,0x59bc08,
0x482312,0x59bc38,
0x48231b,0x6439d8,
0x482323,0x59bc00,
0x482334,0x59bcb0,
0x482348,0x59bc08,
0x482350,0x59bc38,
0x482358,0x59bc00,
0x48235f,0x6439d8,
0x48236f,0x59bcb0,
0x482379,0x59bc08,
0x48238a,0x59bc38,
0x482393,0x6439d8,
0x48239a,0x59bc00,
0x4823ac,0x59bcb0,
0x4823c1,0x59bc08,
0x4823c9,0x59bc38,
0x4823d1,0x59bc00,
0x4823d8,0x6439d8,
0x4823e7,0x59bcb0,
0x4823f0,0x59bc08,
0x482403,0x59bc38,
0x48240c,0x6439d8,
0x482414,0x59bc00,
0x482426,0x59bcb0,
0x48243a,0x59bc08,
0x482441,0x59bc38,
0x482448,0x59bc00,
0x48244f,0x6439d8,
0x48245f,0x59bcb0,
0x482469,0x59bc08,
0x48247c,0x59bc38,
0x482485,0x6439d8,
0x48248d,0x59bc00,
0x48249e,0x59bcb0,
0x4824b2,0x59bc08,
0x4824ba,0x59bc38,
0x4824c2,0x59bc00,
0x4824c9,0x6439d8,
0x4824d9,0x59bcb0,
0x4824e3,0x59bc08,
0x4824f4,0x59bc38,
0x4824fd,0x6439d8,
0x482504,0x59bc00,
0x482516,0x59bcb0,
0x48252b,0x59bc08,
0x482533,0x59bc38,
0x48253b,0x59bc00,
0x482542,0x6439d8,
0x482551,0x59bcb0,
0x48255a,0x59bc08,
0x48256d,0x59bc38,
0x482576,0x6439d8,
0x48257e,0x59bc00,
0x482590,0x59bcb0,
0x4825a4,0x59bc08,
0x4825ab,0x59bc38,
0x4825b2,0x59bc00,
0x4825b9,0x6439d8,
0x4825c9,0x59bcb0,
0x4825d6,0x59bc38,
0x4825e9,0x6439d8,
0x482600,0x59bd20,
0x482605,0x59bc48,
0x482639,0x4bbc8b,
0x48265a,0x4f9d80,
0x48265f,0x4f9d7c,
0x48266a,0x4f9d80,
0x482677,0x4f9d80,
0x482680,0x4f9d80,
0x482695,0x481e80,
0x4826f4,0x4be77c,
0x4827b3,0x4be77c,
0x4828fe,0x6439c0,
0x48291b,0x6439c0,
0x482937,0x6439d8,
0x48294b,0x6439d8,
0x482978,0x6439dc,
0x4829ae,0x59bc38,
0x4829be,0x59bcb0,
0x482a5c,0x4faf18,
0x482a62,0x59bc00,
0x482a6b,0x4faf18,
0x482a71,0x59bc08,
0x482a7a,0x4faf18,
0x482a80,0x59bd68,
0x482a88,0x4faf18,
0x482a8e,0x59bd70,
0x482a9e,0x59bd38,
0x482ab7,0x4be774,
0x482ac3,0x4be774,
0x482acf,0x59bd38,
0x482ad5,0x59bd70,
0x482adb,0x59bd68,
0x482aec,0x59bcb0,
0x482af4,0x59bc08,
0x482afd,0x59bc38,
0x482b07,0x59bc00,
0x482b0e,0x6439d8,
0x482b25,0x60afa0,
0x482b2d,0x59bd38,
0x482b39,0x59bd68,
0x482b3f,0x59bd70,
0x482b5c,0x4faf18,
0x482b6b,0x59bd68,
0x482b74,0x4faf18,
0x482b7a,0x59bd70,
0x482b98,0x59bd68,
0x482b9e,0x59bd70,
0x482ba4,0x59bc00,
0x482baa,0x59bc08,
0x482bb7,0x59bcb0,
0x482bbf,0x59bc08,
0x482bcb,0x6439d8,
0x482bd1,0x59bc38,
0x482bd9,0x59bc00,
0x482bea,0x59bcb0,
0x482bf5,0x59bc08,
0x482bfe,0x60afa0,
0x482c06,0x59bc38,
0x482c0f,0x6439d8,
0x482c19,0x59bc00,
0x482c2e,0x60afa0,
0x482c37,0x59bcb0,
0x482c3f,0x59bc08,
0x482c4b,0x6439d8,
0x482c50,0x59bc38,
0x482c57,0x59bc00,
0x482c69,0x59bcb0,
0x482c76,0x59bc08,
0x482c7f,0x60afa0,
0x482c88,0x59bc38,
0x482c91,0x6439d8,
0x482c9b,0x59bc00,
0x482cb0,0x60afa0,
0x482cb8,0x59bcb0,
0x482cbf,0x59bc08,
0x482ccb,0x6439d8,
0x482cd1,0x59bc38,
0x482cd9,0x59bc00,
0x482ceb,0x59bcb0,
0x482cf8,0x59bc08,
0x482d01,0x60afa0,
0x482d09,0x59bc38,
0x482d12,0x6439d8,
0x482d1b,0x59bc00,
0x482d30,0x60afa0,
0x482d39,0x59bcb0,
0x482d41,0x59bc08,
0x482d4d,0x6439d8,
0x482d53,0x59bc38,
0x482d5b,0x59bc00,
0x482d6c,0x59bcb0,
0x482d78,0x59bc08,
0x482d81,0x60afa0,
0x482d8a,0x59bc38,
0x482d93,0x6439d8,
0x482d9d,0x59bc00,
0x482db2,0x60afa0,
0x482dbb,0x59bcb0,
0x482dc3,0x59bc08,
0x482dcf,0x6439d8,
0x482dd4,0x59bc38,
0x482ddb,0x59bc00,
0x482ded,0x59bcb0,
0x482dfa,0x59bc08,
0x482e03,0x60afa0,
0x482e0c,0x59bc38,
0x482e15,0x6439d8,
0x482e1f,0x59bc00,
0x482e34,0x60afa0,
0x482e3c,0x59bcb0,
0x482e43,0x59bc08,
0x482e4f,0x6439d8,
0x482e55,0x59bc38,
0x482e5d,0x59bc00,
0x482e6f,0x59bcb0,
0x482e7c,0x59bc08,
0x482e85,0x60afa0,
0x482e8d,0x59bc38,
0x482e96,0x6439d8,
0x482e9f,0x59bc00,
0x482eb4,0x60afa0,
0x482ebd,0x59bcb0,
0x482ec5,0x59bc08,
0x482ed1,0x6439d8,
0x482ed7,0x59bc38,
0x482edf,0x59bc00,
0x482ef0,0x59bcb0,
0x482efc,0x59bc08,
0x482f05,0x60afa0,
0x482f0e,0x59bc38,
0x482f17,0x6439d8,
0x482f21,0x59bc00,
0x482f36,0x60afa0,
0x482f3f,0x59bcb0,
0x482f47,0x59bc08,
0x482f53,0x6439d8,
0x482f58,0x59bc38,
0x482f5f,0x59bc00,
0x482f76,0x59bcb0,
0x482f7e,0x60afa0,
0x482f87,0x59bc38,
0x482f90,0x6439d8,
0x482fa6,0x60afa0,
0x482fb0,0x59bd68,
0x482fb5,0x59bd70,
0x482fe9,0x4bbcab,
0x48300a,0x4f9d80,
0x48300f,0x4f9d7c,
0x48301a,0x4f9d80,
0x483027,0x4f9d80,
0x483030,0x4f9d80,
0x483045,0x4828e0,
0x4830a4,0x4be77c,
0x483163,0x4be77c,
0x48322e,0x6439c0,
0x48324b,0x6439c0,
0x483267,0x6439d8,
0x48327b,0x6439d8,
0x4832a8,0x6439dc,
0x4832de,0x59bc38,
0x4832ee,0x59bcb0,
0x4833a2,0x4be778,
0x4833b5,0x4faf18,
0x4833bb,0x59bc18,
0x4833c4,0x4faf18,
0x4833ca,0x59bbf0,
0x4833f0,0x4be778,
0x4833fa,0x4f9d38,
0x483405,0x59bc18,
0x48340d,0x4faf18,
0x483413,0x59bc00,
0x483420,0x59bbf0,
0x483428,0x4faf18,
0x48342e,0x59bc08,
0x48343b,0x4be774,
0x483447,0x4be774,
0x483453,0x4be774,
0x483477,0x4fa494,
0x483486,0x59bd38,
0x48348f,0x59bd38,
0x483495,0x59bbf0,
0x48349b,0x59bc18,
0x4834ac,0x59bcb0,
0x4834b4,0x59bc08,
0x4834bd,0x59bc38,
0x4834c7,0x59bc00,
0x4834ce,0x6439d8,
0x4834e5,0x60afa0,
0x4834ed,0x59bd38,
0x4834f9,0x59bc18,
0x4834ff,0x59bbf0,
0x483511,0x59bc18,
0x483517,0x59bbf0,
0x48351d,0x59bc00,
0x483523,0x59bc08,
0x483528,0x59bc18,
0x48352e,0x59bbf0,
0x483537,0x59bc18,
0x483546,0x59bbf0,
0x48354c,0x4faf18,
0x483571,0x4fa490,
0x483579,0x4fa490,
0x483586,0x59bc08,
0x48358c,0x4fa490,
0x483594,0x59bc00,
0x48359a,0x4fa490,
0x4835b4,0x4fa494,
0x4835bd,0x59bc18,
0x4835c3,0x59bbf0,
0x4835c9,0x59bc00,
0x4835cf,0x59bc08,
0x4835dc,0x59bcb0,
0x4835e4,0x59bc08,
0x4835f0,0x6439d8,
0x4835f6,0x59bc38,
0x4835fe,0x59bc00,
0x48360f,0x59bcb0,
0x48361a,0x59bc08,
0x483623,0x60afa0,
0x48362b,0x59bc38,
0x483634,0x6439d8,
0x48363e,0x59bc00,
0x483653,0x60afa0,
0x48365c,0x59bcb0,
0x483664,0x59bc08,
0x483670,0x6439d8,
0x483675,0x59bc38,
0x48367c,0x59bc00,
0x48368e,0x59bcb0,
0x48369b,0x59bc08,
0x4836a4,0x60afa0,
0x4836ad,0x59bc38,
0x4836b6,0x6439d8,
0x4836c0,0x59bc00,
0x4836d5,0x60afa0,
0x4836dd,0x59bcb0,
0x4836e4,0x59bc08,
0x4836f0,0x6439d8,
0x4836f6,0x59bc38,
0x4836fe,0x59bc00,
0x483710,0x59bcb0,
0x48371d,0x59bc08,
0x483726,0x60afa0,
0x48372e,0x59bc38,
0x483737,0x6439d8,
0x483740,0x59bc00,
0x483755,0x60afa0,
0x48375e,0x59bcb0,
0x483766,0x59bc08,
0x483772,0x6439d8,
0x483778,0x59bc38,
0x483780,0x59bc00,
0x483791,0x59bcb0,
0x48379d,0x59bc08,
0x4837a6,0x60afa0,
0x4837af,0x59bc38,
0x4837b8,0x6439d8,
0x4837c2,0x59bc00,
0x4837d7,0x60afa0,
0x4837e0,0x59bcb0,
0x4837e8,0x59bc08,
0x4837f4,0x6439d8,
0x4837f9,0x59bc38,
0x483800,0x59bc00,
0x483812,0x59bcb0,
0x48381f,0x59bc08,
0x483828,0x60afa0,
0x483831,0x59bc38,
0x48383a,0x6439d8,
0x483844,0x59bc00,
0x483859,0x60afa0,
0x483861,0x59bcb0,
0x483868,0x59bc08,
0x483874,0x6439d8,
0x48387a,0x59bc38,
0x483882,0x59bc00,
0x483894,0x59bcb0,
0x4838a1,0x59bc08,
0x4838aa,0x60afa0,
0x4838b2,0x59bc38,
0x4838bb,0x6439d8,
0x4838c4,0x59bc00,
0x4838d9,0x60afa0,
0x4838e2,0x59bcb0,
0x4838ea,0x59bc08,
0x4838f6,0x6439d8,
0x4838fc,0x59bc38,
0x483904,0x59bc00,
0x483915,0x59bcb0,
0x483921,0x59bc08,
0x48392a,0x60afa0,
0x483933,0x59bc38,
0x48393c,0x6439d8,
0x483946,0x59bc00,
0x48395b,0x60afa0,
0x483964,0x59bcb0,
0x48396c,0x59bc08,
0x483978,0x6439d8,
0x48397d,0x59bc38,
0x483984,0x59bc00,
0x48399b,0x59bcb0,
0x4839a3,0x60afa0,
0x4839ac,0x59bc38,
0x4839b5,0x6439d8,
0x4839cb,0x60afa0,
0x4839d5,0x59bc18,
0x4839da,0x59bbf0,
0x483a19,0x4bbccb,
0x483a3a,0x4f9d80,
0x483a3f,0x4f9d7c,
0x483a4a,0x4f9d80,
0x483a57,0x4f9d80,
0x483a60,0x4f9d80,
0x483a75,0x483210,
0x483ad4,0x4be77c,
0x483b93,0x4be77c,
0x483cea,0x60b09f,
0x483d00,0x61b09f,
0x483d0a,0x6439c0,
0x483d1d,0x6439c0,
0x483d39,0x6439d8,
0x483d4d,0x6439d8,
0x483d7a,0x6439dc,
0x483db0,0x59bc38,
0x483dc0,0x59bcb0,
0x483e5e,0x4faf18,
0x483e64,0x59bc00,
0x483e6d,0x4faf18,
0x483e73,0x59bc08,
0x483e7c,0x4faf18,
0x483e82,0x59bc80,
0x483e8a,0x4faf18,
0x483e90,0x59bc40,
0x483ea0,0x59bd38,
0x483eb9,0x4be774,
0x483ec5,0x4be774,
0x483ed1,0x59bd38,
0x483ed7,0x59bc40,
0x483edd,0x59bc80,
0x483eee,0x59bcb0,
0x483ef6,0x59bc08,
0x483eff,0x59bc38,
0x483f09,0x59bc00,
0x483f10,0x6439d8,
0x483f27,0x60afa0,
0x483f2f,0x59bd38,
0x483f3b,0x59bc80,
0x483f41,0x59bc40,
0x483f5e,0x4faf18,
0x483f6d,0x59bc80,
0x483f76,0x4faf18,
0x483f7c,0x59bc40,
0x483f9a,0x59bc80,
0x483fa0,0x59bc40,
0x483fa6,0x59bc00,
0x483fac,0x59bc08,
0x483fb9,0x59bcb0,
0x483fc1,0x59bc08,
0x483fcd,0x6439d8,
0x483fd3,0x59bc38,
0x483fdb,0x59bc00,
0x483fec,0x59bcb0,
0x483ff7,0x59bc08,
0x484000,0x60afa0,
0x484008,0x59bc38,
0x484011,0x6439d8,
0x48401b,0x59bc00,
0x484030,0x60afa0,
0x484039,0x59bcb0,
0x484041,0x59bc08,
0x48404d,0x6439d8,
0x484052,0x59bc38,
0x484059,0x59bc00,
0x48406b,0x59bcb0,
0x484078,0x59bc08,
0x484081,0x60afa0,
0x48408a,0x59bc38,
0x484093,0x6439d8,
0x48409d,0x59bc00,
0x4840b2,0x60afa0,
0x4840ba,0x59bcb0,
0x4840c1,0x59bc08,
0x4840cd,0x6439d8,
0x4840d3,0x59bc38,
0x4840db,0x59bc00,
0x4840ed,0x59bcb0,
0x4840fa,0x59bc08,
0x484103,0x60afa0,
0x48410b,0x59bc38,
0x484114,0x6439d8,
0x48411d,0x59bc00,
0x484132,0x60afa0,
0x48413b,0x59bcb0,
0x484143,0x59bc08,
0x48414f,0x6439d8,
0x484155,0x59bc38,
0x48415d,0x59bc00,
0x48416e,0x59bcb0,
0x48417a,0x59bc08,
0x484183,0x60afa0,
0x48418c,0x59bc38,
0x484195,0x6439d8,
0x48419f,0x59bc00,
0x4841b4,0x60afa0,
0x4841bd,0x59bcb0,
0x4841c5,0x59bc08,
0x4841d1,0x6439d8,
0x4841d6,0x59bc38,
0x4841dd,0x59bc00,
0x4841ef,0x59bcb0,
0x4841fc,0x59bc08,
0x484205,0x60afa0,
0x48420e,0x59bc38,
0x484217,0x6439d8,
0x484221,0x59bc00,
0x484236,0x60afa0,
0x48423e,0x59bcb0,
0x484245,0x59bc08,
0x484251,0x6439d8,
0x484257,0x59bc38,
0x48425f,0x59bc00,
0x484271,0x59bcb0,
0x48427e,0x59bc08,
0x484287,0x60afa0,
0x48428f,0x59bc38,
0x484298,0x6439d8,
0x4842a1,0x59bc00,
0x4842b6,0x60afa0,
0x4842bf,0x59bcb0,
0x4842c7,0x59bc08,
0x4842d3,0x6439d8,
0x4842d9,0x59bc38,
0x4842e1,0x59bc00,
0x4842f2,0x59bcb0,
0x4842fe,0x59bc08,
0x484307,0x60afa0,
0x484310,0x59bc38,
0x484319,0x6439d8,
0x484323,0x59bc00,
0x484338,0x60afa0,
0x484341,0x59bcb0,
0x484349,0x59bc08,
0x484355,0x6439d8,
0x48435a,0x59bc38,
0x484361,0x59bc00,
0x484378,0x59bcb0,
0x484380,0x60afa0,
0x484389,0x59bc38,
0x484392,0x6439d8,
0x4843a8,0x60afa0,
0x4843b2,0x59bc80,
0x4843b7,0x59bc40,
0x4843dc,0x60b09f,
0x4843f0,0x61b09f,
0x484409,0x4bbceb,
0x48442a,0x4f9d80,
0x48442f,0x4f9d7c,
0x48443a,0x4f9d80,
0x484447,0x4f9d80,
0x484450,0x4f9d80,
0x484465,0x483cc0,
0x4844c4,0x4be77c,
0x484583,0x4be77c,
0x48465a,0x60b09f,
0x484670,0x61b09f,
0x48467a,0x6439c0,
0x48468d,0x6439c0,
0x4846a9,0x6439d8,
0x4846bd,0x6439d8,
0x4846ea,0x6439dc,
0x484720,0x59bc38,
0x484730,0x59bcb0,
0x4847e4,0x4be778,
0x4847f7,0x4faf18,
0x4847fd,0x59bca0,
0x484806,0x4faf18,
0x48480c,0x59bc60,
0x484832,0x4be778,
0x48483c,0x4f9d38,
0x484847,0x59bca0,
0x48484f,0x4faf18,
0x484855,0x59bc00,
0x484862,0x59bc60,
0x48486a,0x4faf18,
0x484870,0x59bc08,
0x48487d,0x4be774,
0x484889,0x4be774,
0x484895,0x4be774,
0x4848b9,0x4fa494,
0x4848c8,0x59bd38,
0x4848d1,0x59bd38,
0x4848d7,0x59bc60,
0x4848dd,0x59bca0,
0x4848ee,0x59bcb0,
0x4848f6,0x59bc08,
0x4848ff,0x59bc38,
0x484909,0x59bc00,
0x484910,0x6439d8,
0x484927,0x60afa0,
0x48492f,0x59bd38,
0x48493b,0x59bca0,
0x484941,0x59bc60,
0x484953,0x59bca0,
0x484959,0x59bc60,
0x48495f,0x59bc00,
0x484965,0x59bc08,
0x48496a,0x59bca0,
0x484970,0x59bc60,
0x484979,0x59bca0,
0x484988,0x59bc60,
0x48498e,0x4faf18,
0x4849b3,0x4fa490,
0x4849bb,0x4fa490,
0x4849c8,0x59bc08,
0x4849ce,0x4fa490,
0x4849d6,0x59bc00,
0x4849dc,0x4fa490,
0x4849f6,0x4fa494,
0x4849ff,0x59bca0,
0x484a05,0x59bc60,
0x484a0b,0x59bc00,
0x484a11,0x59bc08,
0x484a1e,0x59bcb0,
0x484a26,0x59bc08,
0x484a32,0x6439d8,
0x484a38,0x59bc38,
0x484a40,0x59bc00,
0x484a51,0x59bcb0,
0x484a5c,0x59bc08,
0x484a65,0x60afa0,
0x484a6d,0x59bc38,
0x484a76,0x6439d8,
0x484a80,0x59bc00,
0x484a95,0x60afa0,
0x484a9e,0x59bcb0,
0x484aa6,0x59bc08,
0x484ab2,0x6439d8,
0x484ab7,0x59bc38,
0x484abe,0x59bc00,
0x484ad0,0x59bcb0,
0x484add,0x59bc08,
0x484ae6,0x60afa0,
0x484aef,0x59bc38,
0x484af8,0x6439d8,
0x484b02,0x59bc00,
0x484b17,0x60afa0,
0x484b1f,0x59bcb0,
0x484b26,0x59bc08,
0x484b32,0x6439d8,
0x484b38,0x59bc38,
0x484b40,0x59bc00,
0x484b52,0x59bcb0,
0x484b5f,0x59bc08,
0x484b68,0x60afa0,
0x484b70,0x59bc38,
0x484b79,0x6439d8,
0x484b82,0x59bc00,
0x484b97,0x60afa0,
0x484ba0,0x59bcb0,
0x484ba8,0x59bc08,
0x484bb4,0x6439d8,
0x484bba,0x59bc38,
0x484bc2,0x59bc00,
0x484bd3,0x59bcb0,
0x484bdf,0x59bc08,
0x484be8,0x60afa0,
0x484bf1,0x59bc38,
0x484bfa,0x6439d8,
0x484c04,0x59bc00,
0x484c19,0x60afa0,
0x484c22,0x59bcb0,
0x484c2a,0x59bc08,
0x484c36,0x6439d8,
0x484c3b,0x59bc38,
0x484c42,0x59bc00,
0x484c54,0x59bcb0,
0x484c61,0x59bc08,
0x484c6a,0x60afa0,
0x484c73,0x59bc38,
0x484c7c,0x6439d8,
0x484c86,0x59bc00,
0x484c9b,0x60afa0,
0x484ca3,0x59bcb0,
0x484caa,0x59bc08,
0x484cb6,0x6439d8,
0x484cbc,0x59bc38,
0x484cc4,0x59bc00,
0x484cd6,0x59bcb0,
0x484ce3,0x59bc08,
0x484cec,0x60afa0,
0x484cf4,0x59bc38,
0x484cfd,0x6439d8,
0x484d06,0x59bc00,
0x484d1b,0x60afa0,
0x484d24,0x59bcb0,
0x484d2c,0x59bc08,
0x484d38,0x6439d8,
0x484d3e,0x59bc38,
0x484d46,0x59bc00,
0x484d57,0x59bcb0,
0x484d63,0x59bc08,
0x484d6c,0x60afa0,
0x484d75,0x59bc38,
0x484d7e,0x6439d8,
0x484d88,0x59bc00,
0x484d9d,0x60afa0,
0x484da6,0x59bcb0,
0x484dae,0x59bc08,
0x484dba,0x6439d8,
0x484dbf,0x59bc38,
0x484dc6,0x59bc00,
0x484ddd,0x59bcb0,
0x484de5,0x60afa0,
0x484dee,0x59bc38,
0x484df7,0x6439d8,
0x484e0d,0x60afa0,
0x484e17,0x59bca0,
0x484e1c,0x59bc60,
0x484e41,0x60b09f,
0x484e55,0x61b09f,
0x484e79,0x4bbd0b,
0x484e9a,0x4f9d80,
0x484e9f,0x4f9d7c,
0x484eaa,0x4f9d80,
0x484eb7,0x4f9d80,
0x484ec0,0x4f9d80,
0x484ed5,0x484630,
0x484f34,0x4be77c,
0x484ff3,0x4be77c,
0x48513e,0x6439c0,
0x48515b,0x6439c0,
0x485177,0x6439d8,
0x48518b,0x6439d8,
0x4851b8,0x6439dc,
0x4851ee,0x59bc38,
0x4851fe,0x59bcb0,
0x4852b6,0x4faf18,
0x4852bf,0x59bc50,
0x4852c5,0x4be778,
0x4852cd,0x59bc50,
0x4852dc,0x4faf18,
0x4852e2,0x59bbc8,
0x4852eb,0x4faf18,
0x4852f1,0x59bd30,
0x485317,0x4be778,
0x485321,0x4f9d38,
0x48532e,0x59bbc8,
0x485336,0x4faf18,
0x48533c,0x59bc00,
0x485347,0x59bd30,
0x48534f,0x4faf18,
0x485355,0x59bc08,
0x485362,0x4be774,
0x48536e,0x4be774,
0x48537a,0x4be774,
0x48539e,0x4fa494,
0x4853ad,0x59bd38,
0x4853b6,0x59bd38,
0x4853bc,0x59bd30,
0x4853c2,0x59bbc8,
0x4853dc,0x59bcb0,
0x4853e4,0x59bc08,
0x4853ed,0x59bc38,
0x4853f7,0x59bc00,
0x4853fe,0x6439d8,
0x48540b,0x59bc50,
0x485412,0x61b2a0,
0x48541b,0x59bd38,
0x485430,0x59bcb0,
0x485438,0x59bc08,
0x485441,0x59bc38,
0x48544b,0x59bc00,
0x485452,0x6439d8,
0x485464,0x59bc50,
0x48546b,0x61b2a0,
0x485471,0x59bcb0,
0x48547f,0x59bc08,
0x485485,0x59bc38,
0x48548f,0x59bc00,
0x485496,0x6439d8,
0x4854a3,0x59bc50,
0x4854ad,0x61b2a0,
0x4854bd,0x59bbc8,
0x4854c3,0x59bd30,
0x4854d5,0x59bbc8,
0x4854db,0x59bd30,
0x4854e1,0x59bc00,
0x4854e7,0x59bc08,
0x4854ec,0x59bbc8,
0x4854f2,0x59bd30,
0x4854fb,0x59bbc8,
0x48550a,0x59bd30,
0x485510,0x4faf18,
0x485535,0x4fa490,
0x48553d,0x4fa490,
0x48554a,0x59bc08,
0x485550,0x4fa490,
0x485558,0x59bc00,
0x48555e,0x4fa490,
0x485578,0x4fa494,
0x485581,0x59bbc8,
0x485587,0x59bd30,
0x48558d,0x59bc00,
0x485593,0x59bc08,
0x4855a0,0x59bcb0,
0x4855a8,0x59bc08,
0x4855b4,0x6439d8,
0x4855ba,0x59bc38,
0x4855c2,0x59bc00,
0x4855ca,0x59bc50,
0x4855d7,0x59bcb0,
0x4855e0,0x59bc08,
0x4855e6,0x61b2a0,
0x4855f3,0x59bc38,
0x4855fc,0x6439d8,
0x485602,0x59bc00,
0x485607,0x59bc50,
0x485619,0x59bcb0,
0x485621,0x61b2a0,
0x48562a,0x59bc08,
0x485636,0x6439d8,
0x48563b,0x59bc38,
0x485642,0x59bc00,
0x48564a,0x59bc50,
0x485658,0x59bcb0,
0x485662,0x59bc08,
0x485668,0x61b2a0,
0x485676,0x59bc38,
0x48567f,0x6439d8,
0x485685,0x59bc00,
0x48568b,0x59bc50,
0x48569c,0x59bcb0,
0x4856a4,0x61b2a0,
0x4856ac,0x59bc08,
0x4856b8,0x6439d8,
0x4856be,0x59bc38,
0x4856c6,0x59bc00,
0x4856cd,0x59bc50,
0x4856db,0x59bcb0,
0x4856e5,0x59bc08,
0x4856eb,0x61b2a0,
0x4856f8,0x59bc38,
0x485701,0x6439d8,
0x485706,0x59bc00,
0x48570c,0x59bc50,
0x48571e,0x59bcb0,
0x485726,0x61b2a0,
0x48572f,0x59bc08,
0x48573b,0x6439d8,
0x485741,0x59bc38,
0x485749,0x59bc00,
0x485751,0x59bc50,
0x48575e,0x59bcb0,
0x485767,0x59bc08,
0x48576d,0x61b2a0,
0x48577b,0x59bc38,
0x485784,0x6439d8,
0x48578a,0x59bc00,
0x48578f,0x59bc50,
0x4857a1,0x59bcb0,
0x4857a9,0x61b2a0,
0x4857b2,0x59bc08,
0x4857be,0x6439d8,
0x4857c3,0x59bc38,
0x4857ca,0x59bc00,
0x4857d2,0x59bc50,
0x4857e0,0x59bcb0,
0x4857ea,0x59bc08,
0x4857f0,0x61b2a0,
0x4857fe,0x59bc38,
0x485807,0x6439d8,
0x48580d,0x59bc00,
0x485813,0x59bc50,
0x485824,0x59bcb0,
0x48582c,0x61b2a0,
0x485834,0x59bc08,
0x485840,0x6439d8,
0x485846,0x59bc38,
0x48584e,0x59bc00,
0x485855,0x59bc50,
0x485863,0x59bcb0,
0x48586d,0x59bc08,
0x485873,0x61b2a0,
0x485880,0x59bc38,
0x485889,0x6439d8,
0x48588e,0x59bc00,
0x485894,0x59bc50,
0x4858a6,0x59bcb0,
0x4858ae,0x61b2a0,
0x4858b7,0x59bc08,
0x4858c3,0x6439d8,
0x4858c9,0x59bc38,
0x4858d1,0x59bc00,
0x4858d9,0x59bc50,
0x4858e6,0x59bcb0,
0x4858ef,0x59bc08,
0x4858f5,0x61b2a0,
0x485903,0x59bc38,
0x48590c,0x6439d8,
0x485912,0x59bc00,
0x485917,0x59bc50,
0x485929,0x59bcb0,
0x485931,0x61b2a0,
0x48593a,0x59bc08,
0x485946,0x6439d8,
0x48594b,0x59bc38,
0x485952,0x59bc00,
0x48595a,0x59bc50,
0x485968,0x59bcb0,
0x485975,0x61b2a0,
0x48597e,0x59bc38,
0x485987,0x6439d8,
0x48598d,0x59bc50,
0x485996,0x61b2a0,
0x4859a6,0x59bbc8,
0x4859ab,0x59bd30,
0x4859e9,0x4bbd2b,
0x485a08,0x4f9d80,
0x485a0d,0x4f9d7c,
0x485a18,0x4f9d80,
0x485a25,0x4f9d80,
0x485a2e,0x4f9d80,
0x485a47,0x485120,
0x485a84,0x4be778,
0x485a97,0x4fa48c,
0x485aca,0x4be77c,
0x485b89,0x4be77c,
0x485cde,0x6439c0,
0x485cfb,0x6439c0,
0x485d17,0x6439d8,
0x485d2b,0x6439d8,
0x485d58,0x6439dc,
0x485d8e,0x59bc38,
0x485d9e,0x59bcb0,
0x485e56,0x4faf18,
0x485e5f,0x59bc50,
0x485e65,0x4be778,
0x485e6d,0x59bc50,
0x485e7c,0x4faf18,
0x485e82,0x59bd08,
0x485e8b,0x4faf18,
0x485e91,0x59bd18,
0x485eb7,0x4be778,
0x485ec1,0x4f9d38,
0x485ece,0x59bd08,
0x485ed6,0x4faf18,
0x485edc,0x59bc00,
0x485ee7,0x59bd18,
0x485eef,0x4faf18,
0x485ef5,0x59bc08,
0x485f02,0x4be774,
0x485f0e,0x4be774,
0x485f1a,0x4be774,
0x485f3e,0x4fa494,
0x485f4d,0x59bd38,
0x485f56,0x59bd38,
0x485f5c,0x59bd18,
0x485f62,0x59bd08,
0x485f7c,0x59bcb0,
0x485f84,0x59bc08,
0x485f8d,0x59bc38,
0x485f97,0x59bc00,
0x485f9e,0x6439d8,
0x485fab,0x59bc50,
0x485fb2,0x61b2a0,
0x485fbb,0x59bd38,
0x485fd0,0x59bcb0,
0x485fd8,0x59bc08,
0x485fe1,0x59bc38,
0x485feb,0x59bc00,
0x485ff2,0x6439d8,
0x486004,0x59bc50,
0x48600b,0x61b2a0,
0x486011,0x59bcb0,
0x48601f,0x59bc08,
0x486025,0x59bc38,
0x48602f,0x59bc00,
0x486036,0x6439d8,
0x486043,0x59bc50,
0x48604d,0x61b2a0,
0x48605d,0x59bd08,
0x486063,0x59bd18,
0x486075,0x59bd08,
0x48607b,0x59bd18,
0x486081,0x59bc00,
0x486087,0x59bc08,
0x48608c,0x59bd08,
0x486092,0x59bd18,
0x48609b,0x59bd08,
0x4860aa,0x59bd18,
0x4860b0,0x4faf18,
0x4860d5,0x4fa490,
0x4860dd,0x4fa490,
0x4860ea,0x59bc08,
0x4860f0,0x4fa490,
0x4860f8,0x59bc00,
0x4860fe,0x4fa490,
0x486118,0x4fa494,
0x486121,0x59bd08,
0x486127,0x59bd18,
0x48612d,0x59bc00,
0x486133,0x59bc08,
0x486140,0x59bcb0,
0x486148,0x59bc08,
0x486154,0x6439d8,
0x48615a,0x59bc38,
0x486162,0x59bc00,
0x48616a,0x59bc50,
0x486177,0x59bcb0,
0x486180,0x59bc08,
0x486186,0x61b2a0,
0x486193,0x59bc38,
0x48619c,0x6439d8,
0x4861a2,0x59bc00,
0x4861a7,0x59bc50,
0x4861b9,0x59bcb0,
0x4861c1,0x61b2a0,
0x4861ca,0x59bc08,
0x4861d6,0x6439d8,
0x4861db,0x59bc38,
0x4861e2,0x59bc00,
0x4861ea,0x59bc50,
0x4861f8,0x59bcb0,
0x486202,0x59bc08,
0x486208,0x61b2a0,
0x486216,0x59bc38,
0x48621f,0x6439d8,
0x486225,0x59bc00,
0x48622b,0x59bc50,
0x48623c,0x59bcb0,
0x486244,0x61b2a0,
0x48624c,0x59bc08,
0x486258,0x6439d8,
0x48625e,0x59bc38,
0x486266,0x59bc00,
0x48626d,0x59bc50,
0x48627b,0x59bcb0,
0x486285,0x59bc08,
0x48628b,0x61b2a0,
0x486298,0x59bc38,
0x4862a1,0x6439d8,
0x4862a6,0x59bc00,
0x4862ac,0x59bc50,
0x4862be,0x59bcb0,
0x4862c6,0x61b2a0,
0x4862cf,0x59bc08,
0x4862db,0x6439d8,
0x4862e1,0x59bc38,
0x4862e9,0x59bc00,
0x4862f1,0x59bc50,
0x4862fe,0x59bcb0,
0x486307,0x59bc08,
0x48630d,0x61b2a0,
0x48631b,0x59bc38,
0x486324,0x6439d8,
0x48632a,0x59bc00,
0x48632f,0x59bc50,
0x486341,0x59bcb0,
0x486349,0x61b2a0,
0x486352,0x59bc08,
0x48635e,0x6439d8,
0x486363,0x59bc38,
0x48636a,0x59bc00,
0x486372,0x59bc50,
0x486380,0x59bcb0,
0x48638a,0x59bc08,
0x486390,0x61b2a0,
0x48639e,0x59bc38,
0x4863a7,0x6439d8,
0x4863ad,0x59bc00,
0x4863b3,0x59bc50,
0x4863c4,0x59bcb0,
0x4863cc,0x61b2a0,
0x4863d4,0x59bc08,
0x4863e0,0x6439d8,
0x4863e6,0x59bc38,
0x4863ee,0x59bc00,
0x4863f5,0x59bc50,
0x486403,0x59bcb0,
0x48640d,0x59bc08,
0x486413,0x61b2a0,
0x486420,0x59bc38,
0x486429,0x6439d8,
0x48642e,0x59bc00,
0x486434,0x59bc50,
0x486446,0x59bcb0,
0x48644e,0x61b2a0,
0x486457,0x59bc08,
0x486463,0x6439d8,
0x486469,0x59bc38,
0x486471,0x59bc00,
0x486479,0x59bc50,
0x486486,0x59bcb0,
0x48648f,0x59bc08,
0x486495,0x61b2a0,
0x4864a3,0x59bc38,
0x4864ac,0x6439d8,
0x4864b2,0x59bc00,
0x4864b7,0x59bc50,
0x4864c9,0x59bcb0,
0x4864d1,0x61b2a0,
0x4864da,0x59bc08,
0x4864e6,0x6439d8,
0x4864eb,0x59bc38,
0x4864f2,0x59bc00,
0x4864fa,0x59bc50,
0x486508,0x59bcb0,
0x486515,0x61b2a0,
0x48651e,0x59bc38,
0x486527,0x6439d8,
0x48652d,0x59bc50,
0x486536,0x61b2a0,
0x486546,0x59bd08,
0x48654b,0x59bd18,
0x486589,0x4bbd4b,
0x4865a8,0x4f9d80,
0x4865ad,0x4f9d7c,
0x4865b8,0x4f9d80,
0x4865c5,0x4f9d80,
0x4865ce,0x4f9d80,
0x4865e7,0x485cc0,
0x486624,0x4be778,
0x486637,0x4fa48c,
0x48666a,0x4be77c,
0x486729,0x4be77c,
0x48687e,0x6439c0,
0x48689b,0x6439c0,
0x4868b7,0x6439d8,
0x4868cb,0x6439d8,
0x4868f8,0x6439dc,
0x48692e,0x59bc38,
0x48693e,0x59bcb0,
0x486a01,0x4faf18,
0x486a07,0x59bc50,
0x486a13,0x59bc50,
0x486a29,0x4faf18,
0x486a2f,0x59bba0,
0x486a38,0x4be774,
0x486a48,0x59bc50,
0x486a4e,0x59bc50,
0x486a56,0x59bba0,
0x486a71,0x59bba0,
0x486a86,0x4faf18,
0x486a90,0x59bc00,
0x486a99,0x4faf18,
0x486a9f,0x59bc08,
0x486aa8,0x4faf18,
0x486aae,0x59bc20,
0x486ab7,0x4faf18,
0x486abd,0x59bbb0,
0x486acb,0x59bd38,
0x486ae6,0x4be774,
0x486af2,0x4be774,
0x486afe,0x59bd38,
0x486b04,0x59bbb0,
0x486b0a,0x59bc20,
0x486b1b,0x59bcb0,
0x486b23,0x59bc08,
0x486b2c,0x59bc38,
0x486b36,0x59bc00,
0x486b3d,0x6439d8,
0x486b4a,0x59bc50,
0x486b56,0x59bba0,
0x486b5d,0x61b2a0,
0x486b63,0x59bc50,
0x486b6d,0x59bc50,
0x486b73,0x59bd38,
0x486b7f,0x59bc20,
0x486b85,0x59bbb0,
0x486b9f,0x4faf18,
0x486bad,0x59bc50,
0x486bbf,0x4faf18,
0x486bc5,0x59bc20,
0x486bce,0x4faf18,
0x486bd4,0x59bbb0,
0x486bf2,0x59bc20,
0x486bf8,0x59bbb0,
0x486bfe,0x59bc00,
0x486c04,0x59bc08,
0x486c11,0x59bcb0,
0x486c19,0x59bc08,
0x486c24,0x59bc50,
0x486c2b,0x6439d8,
0x486c31,0x59bc38,
0x486c39,0x59bc00,
0x486c41,0x59bba0,
0x486c4f,0x59bc50,
0x486c5d,0x59bcb0,
0x486c66,0x59bc08,
0x486c6c,0x61b2a0,
0x486c79,0x59bc38,
0x486c80,0x59bc50,
0x486c86,0x59bba0,
0x486c8d,0x6439d8,
0x486c9a,0x59bc50,
0x486ca0,0x59bc00,
0x486cb2,0x59bcb0,
0x486cba,0x59bc08,
0x486cc6,0x6439d8,
0x486ccc,0x59bc38,
0x486cd4,0x61b2a0,
0x486cdd,0x59bba0,
0x486ce3,0x59bc50,
0x486cf0,0x59bc50,
0x486cf5,0x59bc00,
0x486d06,0x59bcb0,
0x486d10,0x59bc08,
0x486d16,0x61b2a0,
0x486d24,0x59bc38,
0x486d2c,0x59bc50,
0x486d32,0x59bba0,
0x486d39,0x6439d8,
0x486d47,0x59bc50,
0x486d4d,0x59bc00,
0x486d5e,0x59bcb0,
0x486d65,0x59bc08,
0x486d71,0x6439d8,
0x486d76,0x59bc38,
0x486d7e,0x61b2a0,
0x486d88,0x59bba0,
0x486d8d,0x59bc50,
0x486d9a,0x59bc50,
0x486da0,0x59bc00,
0x486db1,0x59bcb0,
0x486dbb,0x59bc08,
0x486dc1,0x61b2a0,
0x486dce,0x59bc38,
0x486dd6,0x59bc50,
0x486ddb,0x59bba0,
0x486de2,0x6439d8,
0x486def,0x59bc50,
0x486df4,0x59bc00,
0x486e06,0x59bcb0,
0x486e0e,0x59bc08,
0x486e1a,0x6439d8,
0x486e20,0x59bc38,
0x486e28,0x61b2a0,
0x486e32,0x59bba0,
0x486e38,0x59bc50,
0x486e46,0x59bc50,
0x486e4c,0x59bc00,
0x486e5c,0x59bcb0,
0x486e65,0x59bc08,
0x486e6b,0x61b2a0,
0x486e79,0x59bc38,
0x486e80,0x59bc50,
0x486e86,0x59bba0,
0x486e8d,0x6439d8,
0x486e9a,0x59bc50,
0x486ea0,0x59bc00,
0x486eb2,0x59bcb0,
0x486eba,0x59bc08,
0x486ec6,0x6439d8,
0x486ecc,0x59bc38,
0x486ed4,0x61b2a0,
0x486edd,0x59bba0,
0x486ee3,0x59bc50,
0x486ef0,0x59bc50,
0x486ef5,0x59bc00,
0x486f06,0x59bcb0,
0x486f10,0x59bc08,
0x486f16,0x61b2a0,
0x486f24,0x59bc38,
0x486f2c,0x59bc50,
0x486f32,0x59bba0,
0x486f39,0x6439d8,
0x486f47,0x59bc50,
0x486f4d,0x59bc00,
0x486f5e,0x59bcb0,
0x486f65,0x59bc08,
0x486f71,0x6439d8,
0x486f76,0x59bc38,
0x486f7e,0x61b2a0,
0x486f88,0x59bba0,
0x486f8d,0x59bc50,
0x486f9a,0x59bc50,
0x486fa0,0x59bc00,
0x486fb1,0x59bcb0,
0x486fbb,0x59bc08,
0x486fc1,0x61b2a0,
0x486fce,0x59bc38,
0x486fd6,0x59bc50,
0x486fdb,0x59bba0,
0x486fe2,0x6439d8,
0x486fef,0x59bc50,
0x486ff4,0x59bc00,
0x487006,0x59bcb0,
0x48700e,0x59bc08,
0x48701a,0x6439d8,
0x487020,0x59bc38,
0x487028,0x61b2a0,
0x487032,0x59bba0,
0x487038,0x59bc50,
0x487046,0x59bc50,
0x48704c,0x59bc00,
0x48705c,0x59bcb0,
0x487065,0x59bc08,
0x48706b,0x61b2a0,
0x487079,0x59bc38,
0x487080,0x59bc50,
0x487086,0x59bba0,
0x48708d,0x6439d8,
0x48709a,0x59bc50,
0x4870a0,0x59bc00,
0x4870b2,0x59bcb0,
0x4870ba,0x59bc08,
0x4870c6,0x6439d8,
0x4870cc,0x59bc38,
0x4870d4,0x61b2a0,
0x4870dd,0x59bba0,
0x4870e3,0x59bc50,
0x4870f0,0x59bc50,
0x4870f5,0x59bc00,
0x487106,0x59bcb0,
0x487113,0x61b2a0,
0x48711d,0x6439d8,
0x487123,0x59bc38,
0x48712b,0x59bc50,
0x487131,0x59bba0,
0x487143,0x61b2a0,
0x48714c,0x59bc50,
0x487158,0x59bc20,
0x48715d,0x59bbb0,
0x487199,0x4bbd6b,
0x4871ba,0x4f9d80,
0x4871bf,0x4f9d7c,
0x4871ca,0x4f9d80,
0x4871d7,0x4f9d80,
0x4871e0,0x4f9d80,
0x4871f5,0x486860,
0x487253,0x4be77c,
0x487312,0x4be77c,
0x487391,0x4be778,
0x4873a1,0x4be778,
0x4873a7,0x4be778,
0x4873d3,0x4fa48c,
0x4873db,0x4fa48c,
0x4873e3,0x4fa48c,
0x4874a4,0x6439c0,
0x4874bc,0x6439c0,
0x4874d8,0x6439d8,
0x4874ec,0x6439d8,
0x487519,0x6439dc,
0x487550,0x59bc38,
0x487560,0x59bcb0,
0x48763a,0x4faf18,
0x487640,0x59bc50,
0x48764c,0x59bc50,
0x487662,0x4faf18,
0x487668,0x59bba0,
0x487671,0x4be774,
0x487681,0x59bc50,
0x487687,0x59bc50,
0x48768f,0x59bba0,
0x4876aa,0x59bba0,
0x4876bc,0x4be778,
0x4876cc,0x4faf18,
0x4876d2,0x59bc30,
0x4876db,0x4faf18,
0x4876e1,0x59bc68,
0x48770b,0x4be778,
0x487715,0x4f9d38,
0x487720,0x59bc30,
0x487728,0x4faf18,
0x48772e,0x59bc00,
0x487739,0x59bc68,
0x487741,0x4faf18,
0x487747,0x59bc08,
0x487754,0x4be774,
0x487760,0x4be774,
0x48776c,0x4be774,
0x487790,0x4fa494,
0x48779e,0x59bd38,
0x4877a7,0x59bd38,
0x4877ad,0x59bc68,
0x4877b3,0x59bc30,
0x4877c4,0x59bcb0,
0x4877cc,0x59bc08,
0x4877d5,0x59bc38,
0x4877df,0x59bc00,
0x4877e6,0x6439d8,
0x4877f3,0x59bc50,
0x4877ff,0x59bba0,
0x487806,0x61b2a0,
0x48780c,0x59bc50,
0x487816,0x59bc50,
0x48781c,0x59bd38,
0x487828,0x59bc30,
0x48782e,0x59bc68,
0x487840,0x59bc30,
0x487846,0x59bc68,
0x48784c,0x59bc00,
0x487852,0x59bc08,
0x487857,0x59bc30,
0x48785d,0x59bc68,
0x487866,0x59bc30,
0x487875,0x59bc68,
0x48787b,0x4faf18,
0x487886,0x4faf18,
0x487894,0x59bc50,
0x4878ba,0x4fa490,
0x4878c2,0x4fa490,
0x4878cf,0x59bc08,
0x4878d5,0x4fa490,
0x4878dd,0x59bc00,
0x4878e3,0x4fa490,
0x4878fd,0x4fa494,
0x487906,0x59bc30,
0x48790c,0x59bc68,
0x487912,0x59bc00,
0x487918,0x59bc08,
0x487925,0x59bcb0,
0x48792d,0x59bc08,
0x487938,0x59bc50,
0x48793f,0x6439d8,
0x487945,0x59bc38,
0x48794d,0x59bc00,
0x487955,0x59bba0,
0x487963,0x59bc50,
0x487971,0x59bcb0,
0x48797a,0x59bc08,
0x487980,0x61b2a0,
0x48798d,0x59bc38,
0x487994,0x59bc50,
0x48799a,0x59bba0,
0x4879a1,0x6439d8,
0x4879ae,0x59bc50,
0x4879b4,0x59bc00,
0x4879c6,0x59bcb0,
0x4879ce,0x59bc08,
0x4879da,0x6439d8,
0x4879e0,0x59bc38,
0x4879e8,0x61b2a0,
0x4879f1,0x59bba0,
0x4879f7,0x59bc50,
0x487a04,0x59bc50,
0x487a09,0x59bc00,
0x487a1a,0x59bcb0,
0x487a24,0x59bc08,
0x487a2a,0x61b2a0,
0x487a38,0x59bc38,
0x487a40,0x59bc50,
0x487a46,0x59bba0,
0x487a4d,0x6439d8,
0x487a5b,0x59bc50,
0x487a61,0x59bc00,
0x487a72,0x59bcb0,
0x487a79,0x59bc08,
0x487a85,0x6439d8,
0x487a8a,0x59bc38,
0x487a92,0x61b2a0,
0x487a9c,0x59bba0,
0x487aa1,0x59bc50,
0x487aae,0x59bc50,
0x487ab4,0x59bc00,
0x487ac5,0x59bcb0,
0x487acf,0x59bc08,
0x487ad5,0x61b2a0,
0x487ae2,0x59bc38,
0x487aea,0x59bc50,
0x487aef,0x59bba0,
0x487af6,0x6439d8,
0x487b03,0x59bc50,
0x487b08,0x59bc00,
0x487b1a,0x59bcb0,
0x487b22,0x59bc08,
0x487b2e,0x6439d8,
0x487b34,0x59bc38,
0x487b3c,0x61b2a0,
0x487b46,0x59bba0,
0x487b4c,0x59bc50,
0x487b5a,0x59bc50,
0x487b60,0x59bc00,
0x487b70,0x59bcb0,
0x487b79,0x59bc08,
0x487b7f,0x61b2a0,
0x487b8d,0x59bc38,
0x487b94,0x59bc50,
0x487b9a,0x59bba0,
0x487ba1,0x6439d8,
0x487bae,0x59bc50,
0x487bb4,0x59bc00,
0x487bc6,0x59bcb0,
0x487bce,0x59bc08,
0x487bda,0x6439d8,
0x487be0,0x59bc38,
0x487be8,0x61b2a0,
0x487bf1,0x59bba0,
0x487bf7,0x59bc50,
0x487c04,0x59bc50,
0x487c09,0x59bc00,
0x487c1a,0x59bcb0,
0x487c24,0x59bc08,
0x487c2a,0x61b2a0,
0x487c38,0x59bc38,
0x487c40,0x59bc50,
0x487c46,0x59bba0,
0x487c4d,0x6439d8,
0x487c5b,0x59bc50,
0x487c61,0x59bc00,
0x487c72,0x59bcb0,
0x487c79,0x59bc08,
0x487c85,0x6439d8,
0x487c8a,0x59bc38,
0x487c92,0x61b2a0,
0x487c9c,0x59bba0,
0x487ca1,0x59bc50,
0x487cae,0x59bc50,
0x487cb4,0x59bc00,
0x487cc5,0x59bcb0,
0x487ccf,0x59bc08,
0x487cd5,0x61b2a0,
0x487ce2,0x59bc38,
0x487cea,0x59bc50,
0x487cef,0x59bba0,
0x487cf6,0x6439d8,
0x487d03,0x59bc50,
0x487d08,0x59bc00,
0x487d1a,0x59bcb0,
0x487d22,0x59bc08,
0x487d2e,0x6439d8,
0x487d34,0x59bc38,
0x487d3c,0x61b2a0,
0x487d46,0x59bba0,
0x487d4c,0x59bc50,
0x487d5a,0x59bc50,
0x487d60,0x59bc00,
0x487d70,0x59bcb0,
0x487d79,0x59bc08,
0x487d7f,0x61b2a0,
0x487d8d,0x59bc38,
0x487d94,0x59bc50,
0x487d9a,0x59bba0,
0x487da1,0x6439d8,
0x487dae,0x59bc50,
0x487db4,0x59bc00,
0x487dc6,0x59bcb0,
0x487dce,0x59bc08,
0x487dda,0x6439d8,
0x487de0,0x59bc38,
0x487de8,0x61b2a0,
0x487df1,0x59bba0,
0x487df7,0x59bc50,
0x487e04,0x59bc50,
0x487e09,0x59bc00,
0x487e1a,0x59bcb0,
0x487e27,0x61b2a0,
0x487e31,0x6439d8,
0x487e37,0x59bc38,
0x487e3f,0x59bc50,
0x487e45,0x59bba0,
0x487e57,0x61b2a0,
0x487e60,0x59bc50,
0x487e6c,0x59bc30,
0x487e71,0x59bc68,
0x487ea9,0x4bbd8b,
0x487eca,0x4f9d80,
0x487ecf,0x4f9d7c,
0x487eda,0x4f9d80,
0x487ee7,0x4f9d80,
0x487ef0,0x4f9d80,
0x487f05,0x487480,
0x487f63,0x4be77c,
0x488022,0x4be77c,
0x4880a1,0x4be778,
0x4880b1,0x4be778,
0x4880b7,0x4be778,
0x488171,0x4fa48c,
0x488179,0x4fa48c,
0x488181,0x4fa48c,
0x48823e,0x6439c0,
0x48825b,0x6439c0,
0x488277,0x6439d8,
0x48828b,0x6439d8,
0x4882b8,0x6439dc,
0x4882ee,0x59bc38,
0x4882fe,0x59bcb0,
0x4883c1,0x4faf18,
0x4883c7,0x59bc50,
0x4883d3,0x59bc50,
0x4883e9,0x4faf18,
0x4883ef,0x59bba0,
0x4883f8,0x4be774,
0x488408,0x59bc50,
0x48840e,0x59bc50,
0x488416,0x59bba0,
0x488431,0x59bba0,
0x488446,0x4faf18,
0x488450,0x59bc00,
0x488459,0x4faf18,
0x48845f,0x59bc08,
0x488468,0x4faf18,
0x48846e,0x59bb90,
0x488477,0x4faf18,
0x48847d,0x59bcb8,
0x48848b,0x59bd38,
0x4884a6,0x4be774,
0x4884b2,0x4be774,
0x4884be,0x59bd38,
0x4884c4,0x59bcb8,
0x4884ca,0x59bb90,
0x4884db,0x59bcb0,
0x4884e3,0x59bc08,
0x4884ec,0x59bc38,
0x4884f6,0x59bc00,
0x4884fd,0x6439d8,
0x48850a,0x59bc50,
0x488516,0x59bba0,
0x48851d,0x61b2a0,
0x488523,0x59bc50,
0x48852d,0x59bc50,
0x488533,0x59bd38,
0x48853f,0x59bb90,
0x488545,0x59bcb8,
0x48855f,0x4faf18,
0x48856d,0x59bc50,
0x48857f,0x4faf18,
0x488585,0x59bb90,
0x48858e,0x4faf18,
0x488594,0x59bcb8,
0x4885b2,0x59bb90,
0x4885b8,0x59bcb8,
0x4885be,0x59bc00,
0x4885c4,0x59bc08,
0x4885d1,0x59bcb0,
0x4885d9,0x59bc08,
0x4885e4,0x59bc50,
0x4885eb,0x6439d8,
0x4885f1,0x59bc38,
0x4885f9,0x59bc00,
0x488601,0x59bba0,
0x48860f,0x59bc50,
0x48861d,0x59bcb0,
0x488626,0x59bc08,
0x48862c,0x61b2a0,
0x488639,0x59bc38,
0x488640,0x59bc50,
0x488646,0x59bba0,
0x48864d,0x6439d8,
0x48865a,0x59bc50,
0x488660,0x59bc00,
0x488672,0x59bcb0,
0x48867a,0x59bc08,
0x488686,0x6439d8,
0x48868c,0x59bc38,
0x488694,0x61b2a0,
0x48869d,0x59bba0,
0x4886a3,0x59bc50,
0x4886b0,0x59bc50,
0x4886b5,0x59bc00,
0x4886c6,0x59bcb0,
0x4886d0,0x59bc08,
0x4886d6,0x61b2a0,
0x4886e4,0x59bc38,
0x4886ec,0x59bc50,
0x4886f2,0x59bba0,
0x4886f9,0x6439d8,
0x488707,0x59bc50,
0x48870d,0x59bc00,
0x48871e,0x59bcb0,
0x488725,0x59bc08,
0x488731,0x6439d8,
0x488736,0x59bc38,
0x48873e,0x61b2a0,
0x488748,0x59bba0,
0x48874d,0x59bc50,
0x48875a,0x59bc50,
0x488760,0x59bc00,
0x488771,0x59bcb0,
0x48877b,0x59bc08,
0x488781,0x61b2a0,
0x48878e,0x59bc38,
0x488796,0x59bc50,
0x48879b,0x59bba0,
0x4887a2,0x6439d8,
0x4887af,0x59bc50,
0x4887b4,0x59bc00,
0x4887c6,0x59bcb0,
0x4887ce,0x59bc08,
0x4887da,0x6439d8,
0x4887e0,0x59bc38,
0x4887e8,0x61b2a0,
0x4887f2,0x59bba0,
0x4887f8,0x59bc50,
0x488806,0x59bc50,
0x48880c,0x59bc00,
0x48881c,0x59bcb0,
0x488825,0x59bc08,
0x48882b,0x61b2a0,
0x488839,0x59bc38,
0x488840,0x59bc50,
0x488846,0x59bba0,
0x48884d,0x6439d8,
0x48885a,0x59bc50,
0x488860,0x59bc00,
0x488872,0x59bcb0,
0x48887a,0x59bc08,
0x488886,0x6439d8,
0x48888c,0x59bc38,
0x488894,0x61b2a0,
0x48889d,0x59bba0,
0x4888a3,0x59bc50,
0x4888b0,0x59bc50,
0x4888b5,0x59bc00,
0x4888c6,0x59bcb0,
0x4888d0,0x59bc08,
0x4888d6,0x61b2a0,
0x4888e4,0x59bc38,
0x4888ec,0x59bc50,
0x4888f2,0x59bba0,
0x4888f9,0x6439d8,
0x488907,0x59bc50,
0x48890d,0x59bc00,
0x48891e,0x59bcb0,
0x488925,0x59bc08,
0x488931,0x6439d8,
0x488936,0x59bc38,
0x48893e,0x61b2a0,
0x488948,0x59bba0,
0x48894d,0x59bc50,
0x48895a,0x59bc50,
0x488960,0x59bc00,
0x488971,0x59bcb0,
0x48897b,0x59bc08,
0x488981,0x61b2a0,
0x48898e,0x59bc38,
0x488996,0x59bc50,
0x48899b,0x59bba0,
0x4889a2,0x6439d8,
0x4889af,0x59bc50,
0x4889b4,0x59bc00,
0x4889c6,0x59bcb0,
0x4889ce,0x59bc08,
0x4889da,0x6439d8,
0x4889e0,0x59bc38,
0x4889e8,0x61b2a0,
0x4889f2,0x59bba0,
0x4889f8,0x59bc50,
0x488a06,0x59bc50,
0x488a0c,0x59bc00,
0x488a1c,0x59bcb0,
0x488a25,0x59bc08,
0x488a2b,0x61b2a0,
0x488a39,0x59bc38,
0x488a40,0x59bc50,
0x488a46,0x59bba0,
0x488a4d,0x6439d8,
0x488a5a,0x59bc50,
0x488a60,0x59bc00,
0x488a72,0x59bcb0,
0x488a7a,0x59bc08,
0x488a86,0x6439d8,
0x488a8c,0x59bc38,
0x488a94,0x61b2a0,
0x488a9d,0x59bba0,
0x488aa3,0x59bc50,
0x488ab0,0x59bc50,
0x488ab5,0x59bc00,
0x488ac6,0x59bcb0,
0x488ad3,0x61b2a0,
0x488add,0x6439d8,
0x488ae3,0x59bc38,
0x488aeb,0x59bc50,
0x488af1,0x59bba0,
0x488b03,0x61b2a0,
0x488b0c,0x59bc50,
0x488b18,0x59bb90,
0x488b1d,0x59bcb8,
0x488b59,0x4bbdab,
0x488b7a,0x4f9d80,
0x488b7f,0x4f9d7c,
0x488b8a,0x4f9d80,
0x488b97,0x4f9d80,
0x488ba0,0x4f9d80,
0x488bb5,0x488220,
0x488c13,0x4be77c,
0x488cd2,0x4be77c,
0x488d51,0x4be778,
0x488d61,0x4be778,
0x488d67,0x4be778,
0x488d93,0x4fa48c,
0x488d9b,0x4fa48c,
0x488da3,0x4fa48c,
0x488e64,0x6439c0,
0x488e7c,0x6439c0,
0x488e98,0x6439d8,
0x488eac,0x6439d8,
0x488ed9,0x6439dc,
0x488f10,0x59bc38,
0x488f20,0x59bcb0,
0x488ffa,0x4faf18,
0x489000,0x59bc50,
0x48900c,0x59bc50,
0x489022,0x4faf18,
0x489028,0x59bba0,
0x489031,0x4be774,
0x489041,0x59bc50,
0x489047,0x59bc50,
0x48904f,0x59bba0,
0x48906a,0x59bba0,
0x48907c,0x4be778,
0x48908c,0x4faf18,
0x489092,0x59bc88,
0x48909b,0x4faf18,
0x4890a1,0x59bc70,
0x4890cb,0x4be778,
0x4890d5,0x4f9d38,
0x4890e0,0x59bc88,
0x4890e8,0x4faf18,
0x4890ee,0x59bc00,
0x4890f9,0x59bc70,
0x489101,0x4faf18,
0x489107,0x59bc08,
0x489114,0x4be774,
0x489120,0x4be774,
0x48912c,0x4be774,
0x489150,0x4fa494,
0x48915e,0x59bd38,
0x489167,0x59bd38,
0x48916d,0x59bc70,
0x489173,0x59bc88,
0x489184,0x59bcb0,
0x48918c,0x59bc08,
0x489195,0x59bc38,
0x48919f,0x59bc00,
0x4891a6,0x6439d8,
0x4891b3,0x59bc50,
0x4891bf,0x59bba0,
0x4891c6,0x61b2a0,
0x4891cc,0x59bc50,
0x4891d6,0x59bc50,
0x4891dc,0x59bd38,
0x4891e8,0x59bc88,
0x4891ee,0x59bc70,
0x489200,0x59bc88,
0x489206,0x59bc70,
0x48920c,0x59bc00,
0x489212,0x59bc08,
0x489217,0x59bc88,
0x48921d,0x59bc70,
0x489226,0x59bc88,
0x489235,0x59bc70,
0x48923b,0x4faf18,
0x489246,0x4faf18,
0x489254,0x59bc50,
0x48927a,0x4fa490,
0x489282,0x4fa490,
0x48928f,0x59bc08,
0x489295,0x4fa490,
0x48929d,0x59bc00,
0x4892a3,0x4fa490,
0x4892bd,0x4fa494,
0x4892c6,0x59bc88,
0x4892cc,0x59bc70,
0x4892d2,0x59bc00,
0x4892d8,0x59bc08,
0x4892e5,0x59bcb0,
0x4892ed,0x59bc08,
0x4892f8,0x59bc50,
0x4892ff,0x6439d8,
0x489305,0x59bc38,
0x48930d,0x59bc00,
0x489315,0x59bba0,
0x489323,0x59bc50,
0x489331,0x59bcb0,
0x48933a,0x59bc08,
0x489340,0x61b2a0,
0x48934d,0x59bc38,
0x489354,0x59bc50,
0x48935a,0x59bba0,
0x489361,0x6439d8,
0x48936e,0x59bc50,
0x489374,0x59bc00,
0x489386,0x59bcb0,
0x48938e,0x59bc08,
0x48939a,0x6439d8,
0x4893a0,0x59bc38,
0x4893a8,0x61b2a0,
0x4893b1,0x59bba0,
0x4893b7,0x59bc50,
0x4893c4,0x59bc50,
0x4893c9,0x59bc00,
0x4893da,0x59bcb0,
0x4893e4,0x59bc08,
0x4893ea,0x61b2a0,
0x4893f8,0x59bc38,
0x489400,0x59bc50,
0x489406,0x59bba0,
0x48940d,0x6439d8,
0x48941b,0x59bc50,
0x489421,0x59bc00,
0x489432,0x59bcb0,
0x489439,0x59bc08,
0x489445,0x6439d8,
0x48944a,0x59bc38,
0x489452,0x61b2a0,
0x48945c,0x59bba0,
0x489461,0x59bc50,
0x48946e,0x59bc50,
0x489474,0x59bc00,
0x489485,0x59bcb0,
0x48948f,0x59bc08,
0x489495,0x61b2a0,
0x4894a2,0x59bc38,
0x4894aa,0x59bc50,
0x4894af,0x59bba0,
0x4894b6,0x6439d8,
0x4894c3,0x59bc50,
0x4894c8,0x59bc00,
0x4894da,0x59bcb0,
0x4894e2,0x59bc08,
0x4894ee,0x6439d8,
0x4894f4,0x59bc38,
0x4894fc,0x61b2a0,
0x489506,0x59bba0,
0x48950c,0x59bc50,
0x48951a,0x59bc50,
0x489520,0x59bc00,
0x489530,0x59bcb0,
0x489539,0x59bc08,
0x48953f,0x61b2a0,
0x48954d,0x59bc38,
0x489554,0x59bc50,
0x48955a,0x59bba0,
0x489561,0x6439d8,
0x48956e,0x59bc50,
0x489574,0x59bc00,
0x489586,0x59bcb0,
0x48958e,0x59bc08,
0x48959a,0x6439d8,
0x4895a0,0x59bc38,
0x4895a8,0x61b2a0,
0x4895b1,0x59bba0,
0x4895b7,0x59bc50,
0x4895c4,0x59bc50,
0x4895c9,0x59bc00,
0x4895da,0x59bcb0,
0x4895e4,0x59bc08,
0x4895ea,0x61b2a0,
0x4895f8,0x59bc38,
0x489600,0x59bc50,
0x489606,0x59bba0,
0x48960d,0x6439d8,
0x48961b,0x59bc50,
0x489621,0x59bc00,
0x489632,0x59bcb0,
0x489639,0x59bc08,
0x489645,0x6439d8,
0x48964a,0x59bc38,
0x489652,0x61b2a0,
0x48965c,0x59bba0,
0x489661,0x59bc50,
0x48966e,0x59bc50,
0x489674,0x59bc00,
0x489685,0x59bcb0,
0x48968f,0x59bc08,
0x489695,0x61b2a0,
0x4896a2,0x59bc38,
0x4896aa,0x59bc50,
0x4896af,0x59bba0,
0x4896b6,0x6439d8,
0x4896c3,0x59bc50,
0x4896c8,0x59bc00,
0x4896da,0x59bcb0,
0x4896e2,0x59bc08,
0x4896ee,0x6439d8,
0x4896f4,0x59bc38,
0x4896fc,0x61b2a0,
0x489706,0x59bba0,
0x48970c,0x59bc50,
0x48971a,0x59bc50,
0x489720,0x59bc00,
0x489730,0x59bcb0,
0x489739,0x59bc08,
0x48973f,0x61b2a0,
0x48974d,0x59bc38,
0x489754,0x59bc50,
0x48975a,0x59bba0,
0x489761,0x6439d8,
0x48976e,0x59bc50,
0x489774,0x59bc00,
0x489786,0x59bcb0,
0x48978e,0x59bc08,
0x48979a,0x6439d8,
0x4897a0,0x59bc38,
0x4897a8,0x61b2a0,
0x4897b1,0x59bba0,
0x4897b7,0x59bc50,
0x4897c4,0x59bc50,
0x4897c9,0x59bc00,
0x4897da,0x59bcb0,
0x4897e7,0x61b2a0,
0x4897f1,0x6439d8,
0x4897f7,0x59bc38,
0x4897ff,0x59bc50,
0x489805,0x59bba0,
0x489817,0x61b2a0,
0x489820,0x59bc50,
0x48982c,0x59bc88,
0x489831,0x59bc70,
0x489869,0x4bbdcb,
0x48988a,0x4f9d80,
0x48988f,0x4f9d7c,
0x48989a,0x4f9d80,
0x4898a7,0x4f9d80,
0x4898b0,0x4f9d80,
0x4898c5,0x488e40,
0x489923,0x4be77c,
0x4899e2,0x4be77c,
0x489a61,0x4be778,
0x489a71,0x4be778,
0x489a77,0x4be778,
0x489b31,0x4fa48c,
0x489b39,0x4fa48c,
0x489b41,0x4fa48c,
0x489bfe,0x6439c0,
0x489c1b,0x6439c0,
0x489c37,0x6439d8,
0x489c4b,0x6439d8,
0x489c78,0x6439dc,
0x489cae,0x59bc38,
0x489cbe,0x59bcb0,
0x489d81,0x4faf18,
0x489d87,0x59bc50,
0x489d93,0x59bc50,
0x489da9,0x4faf18,
0x489daf,0x59bba0,
0x489db8,0x4be774,
0x489dc8,0x59bc50,
0x489dce,0x59bc50,
0x489dd6,0x59bba0,
0x489df1,0x59bba0,
0x489e06,0x4faf18,
0x489e10,0x59bc00,
0x489e19,0x4faf18,
0x489e1f,0x59bc08,
0x489e28,0x4faf18,
0x489e2e,0x59bd50,
0x489e37,0x4faf18,
0x489e3d,0x59bd58,
0x489e4b,0x59bd38,
0x489e66,0x4be774,
0x489e72,0x4be774,
0x489e7e,0x59bd38,
0x489e84,0x59bd58,
0x489e8a,0x59bd50,
0x489e9b,0x59bcb0,
0x489ea3,0x59bc08,
0x489eac,0x59bc38,
0x489eb6,0x59bc00,
0x489ebd,0x6439d8,
0x489eca,0x59bc50,
0x489ede,0x59bba0,
0x489ee5,0x61b2a0,
0x489eeb,0x59bc50,
0x489ef3,0x59bba0,
0x489efb,0x59bc50,
0x489f01,0x59bd38,
0x489f0d,0x59bd50,
0x489f13,0x59bd58,
0x489f2d,0x4faf18,
0x489f3b,0x59bc50,
0x489f4d,0x4faf18,
0x489f53,0x59bd50,
0x489f5c,0x4faf18,
0x489f62,0x59bd58,
0x489f80,0x59bd50,
0x489f86,0x59bd58,
0x489f8c,0x59bc00,
0x489f92,0x59bc08,
0x489f9f,0x59bcb0,
0x489fa7,0x59bc08,
0x489fb2,0x59bc50,
0x489fb9,0x6439d8,
0x489fbf,0x59bc38,
0x489fc7,0x59bc00,
0x489fcf,0x59bba0,
0x489fdd,0x59bc50,
0x489feb,0x59bcb0,
0x489ff4,0x59bc08,
0x48a001,0x61b2a0,
0x48a00e,0x59bc38,
0x48a015,0x59bc50,
0x48a01b,0x59bba0,
0x48a022,0x6439d8,
0x48a02f,0x59bc50,
0x48a035,0x59bc00,
0x48a047,0x59bcb0,
0x48a04f,0x59bc08,
0x48a05b,0x6439d8,
0x48a061,0x59bc38,
0x48a06f,0x61b2a0,
0x48a078,0x59bba0,
0x48a07e,0x59bc50,
0x48a08b,0x59bc50,
0x48a090,0x59bc00,
0x48a0a1,0x59bcb0,
0x48a0ab,0x59bc08,
0x48a0b8,0x61b2a0,
0x48a0c6,0x59bc38,
0x48a0ce,0x59bc50,
0x48a0d4,0x59bba0,
0x48a0db,0x6439d8,
0x48a0e9,0x59bc50,
0x48a0ef,0x59bc00,
0x48a100,0x59bcb0,
0x48a107,0x59bc08,
0x48a113,0x6439d8,
0x48a118,0x59bc38,
0x48a127,0x61b2a0,
0x48a131,0x59bba0,
0x48a136,0x59bc50,
0x48a143,0x59bc50,
0x48a149,0x59bc00,
0x48a15a,0x59bcb0,
0x48a164,0x59bc08,
0x48a170,0x61b2a0,
0x48a17d,0x59bc38,
0x48a185,0x59bc50,
0x48a18a,0x59bba0,
0x48a191,0x6439d8,
0x48a19e,0x59bc50,
0x48a1a3,0x59bc00,
0x48a1b5,0x59bcb0,
0x48a1bd,0x59bc08,
0x48a1c9,0x6439d8,
0x48a1cf,0x59bc38,
0x48a1de,0x61b2a0,
0x48a1e8,0x59bba0,
0x48a1ee,0x59bc50,
0x48a1fc,0x59bc50,
0x48a202,0x59bc00,
0x48a212,0x59bcb0,
0x48a21b,0x59bc08,
0x48a228,0x61b2a0,
0x48a236,0x59bc38,
0x48a23d,0x59bc50,
0x48a243,0x59bba0,
0x48a24a,0x6439d8,
0x48a257,0x59bc50,
0x48a25d,0x59bc00,
0x48a26f,0x59bcb0,
0x48a277,0x59bc08,
0x48a283,0x6439d8,
0x48a289,0x59bc38,
0x48a297,0x61b2a0,
0x48a2a0,0x59bba0,
0x48a2a6,0x59bc50,
0x48a2b3,0x59bc50,
0x48a2b8,0x59bc00,
0x48a2c9,0x59bcb0,
0x48a2d3,0x59bc08,
0x48a2e0,0x61b2a0,
0x48a2ee,0x59bc38,
0x48a2f6,0x59bc50,
0x48a2fc,0x59bba0,
0x48a303,0x6439d8,
0x48a311,0x59bc50,
0x48a317,0x59bc00,
0x48a328,0x59bcb0,
0x48a32f,0x59bc08,
0x48a33b,0x6439d8,
0x48a340,0x59bc38,
0x48a34f,0x61b2a0,
0x48a359,0x59bba0,
0x48a35e,0x59bc50,
0x48a36b,0x59bc50,
0x48a371,0x59bc00,
0x48a382,0x59bcb0,
0x48a38c,0x59bc08,
0x48a398,0x61b2a0,
0x48a3a5,0x59bc38,
0x48a3ad,0x59bc50,
0x48a3b2,0x59bba0,
0x48a3b9,0x6439d8,
0x48a3c6,0x59bc50,
0x48a3cb,0x59bc00,
0x48a3dd,0x59bcb0,
0x48a3e5,0x59bc08,
0x48a3f1,0x6439d8,
0x48a3f7,0x59bc38,
0x48a406,0x61b2a0,
0x48a410,0x59bba0,
0x48a416,0x59bc50,
0x48a424,0x59bc50,
0x48a42a,0x59bc00,
0x48a43a,0x59bcb0,
0x48a443,0x59bc08,
0x48a450,0x61b2a0,
0x48a45e,0x59bc38,
0x48a465,0x59bc50,
0x48a46b,0x59bba0,
0x48a472,0x6439d8,
0x48a47f,0x59bc50,
0x48a485,0x59bc00,
0x48a497,0x59bcb0,
0x48a49f,0x59bc08,
0x48a4ab,0x6439d8,
0x48a4b1,0x59bc38,
0x48a4bf,0x61b2a0,
0x48a4c8,0x59bba0,
0x48a4ce,0x59bc50,
0x48a4db,0x59bc50,
0x48a4e0,0x59bc00,
0x48a4f1,0x59bcb0,
0x48a505,0x61b2a0,
0x48a50f,0x6439d8,
0x48a515,0x59bc38,
0x48a51d,0x59bc50,
0x48a523,0x59bba0,
0x48a53c,0x61b2a0,
0x48a545,0x59bc50,
0x48a551,0x59bd50,
0x48a556,0x59bd58,
0x48a589,0x4bbdeb,
0x48a5aa,0x4f9d80,
0x48a5af,0x4f9d7c,
0x48a5ba,0x4f9d80,
0x48a5c7,0x4f9d80,
0x48a5d0,0x4f9d80,
0x48a5e5,0x489be0,
0x48a644,0x4be77c,
0x48a703,0x4be77c,
0x48a782,0x4be778,
0x48a792,0x4be778,
0x48a798,0x4be778,
0x48a7c4,0x4fa48c,
0x48a7cc,0x4fa48c,
0x48a7d4,0x4fa48c,
0x48a894,0x6439c0,
0x48a8ac,0x6439c0,
0x48a8c8,0x6439d8,
0x48a8dc,0x6439d8,
0x48a909,0x6439dc,
0x48a940,0x59bc38,
0x48a950,0x59bcb0,
0x48aa2a,0x4faf18,
0x48aa30,0x59bc50,
0x48aa3c,0x59bc50,
0x48aa52,0x4faf18,
0x48aa58,0x59bba0,
0x48aa61,0x4be774,
0x48aa71,0x59bc50,
0x48aa77,0x59bc50,
0x48aa7f,0x59bba0,
0x48aa9a,0x59bba0,
0x48aaac,0x4be778,
0x48aabc,0x4faf18,
0x48aac2,0x59bbf8,
0x48aacb,0x4faf18,
0x48aad1,0x59bd48,
0x48aafb,0x4be778,
0x48ab05,0x4f9d38,
0x48ab10,0x59bbf8,
0x48ab18,0x4faf18,
0x48ab1e,0x59bc00,
0x48ab29,0x59bd48,
0x48ab31,0x4faf18,
0x48ab37,0x59bc08,
0x48ab44,0x4be774,
0x48ab50,0x4be774,
0x48ab5c,0x4be774,
0x48ab80,0x4fa494,
0x48ab8e,0x59bd38,
0x48ab97,0x59bd38,
0x48ab9d,0x59bd48,
0x48aba3,0x59bbf8,
0x48abb4,0x59bcb0,
0x48abbc,0x59bc08,
0x48abc5,0x59bc38,
0x48abcf,0x59bc00,
0x48abd6,0x6439d8,
0x48abe3,0x59bc50,
0x48abf7,0x59bba0,
0x48abfe,0x61b2a0,
0x48ac04,0x59bc50,
0x48ac0c,0x59bba0,
0x48ac14,0x59bc50,
0x48ac1a,0x59bd38,
0x48ac26,0x59bbf8,
0x48ac2c,0x59bd48,
0x48ac3e,0x59bbf8,
0x48ac44,0x59bd48,
0x48ac4a,0x59bc00,
0x48ac50,0x59bc08,
0x48ac55,0x59bbf8,
0x48ac5b,0x59bd48,
0x48ac64,0x59bbf8,
0x48ac73,0x59bd48,
0x48ac79,0x4faf18,
0x48ac84,0x4faf18,
0x48ac92,0x59bc50,
0x48acb8,0x4fa490,
0x48acc0,0x4fa490,
0x48accd,0x59bc08,
0x48acd3,0x4fa490,
0x48acdb,0x59bc00,
0x48ace1,0x4fa490,
0x48acfb,0x4fa494,
0x48ad04,0x59bbf8,
0x48ad0a,0x59bd48,
0x48ad10,0x59bc00,
0x48ad16,0x59bc08,
0x48ad23,0x59bcb0,
0x48ad2b,0x59bc08,
0x48ad36,0x59bc50,
0x48ad3d,0x6439d8,
0x48ad43,0x59bc38,
0x48ad4b,0x59bc00,
0x48ad53,0x59bba0,
0x48ad61,0x59bc50,
0x48ad6f,0x59bcb0,
0x48ad78,0x59bc08,
0x48ad85,0x61b2a0,
0x48ad92,0x59bc38,
0x48ad99,0x59bc50,
0x48ad9f,0x59bba0,
0x48ada6,0x6439d8,
0x48adb3,0x59bc50,
0x48adb9,0x59bc00,
0x48adcb,0x59bcb0,
0x48add3,0x59bc08,
0x48addf,0x6439d8,
0x48ade5,0x59bc38,
0x48adf3,0x61b2a0,
0x48adfc,0x59bba0,
0x48ae02,0x59bc50,
0x48ae0f,0x59bc50,
0x48ae14,0x59bc00,
0x48ae25,0x59bcb0,
0x48ae2f,0x59bc08,
0x48ae3c,0x61b2a0,
0x48ae4a,0x59bc38,
0x48ae52,0x59bc50,
0x48ae58,0x59bba0,
0x48ae5f,0x6439d8,
0x48ae6d,0x59bc50,
0x48ae73,0x59bc00,
0x48ae84,0x59bcb0,
0x48ae8b,0x59bc08,
0x48ae97,0x6439d8,
0x48ae9c,0x59bc38,
0x48aeab,0x61b2a0,
0x48aeb5,0x59bba0,
0x48aeba,0x59bc50,
0x48aec7,0x59bc50,
0x48aecd,0x59bc00,
0x48aede,0x59bcb0,
0x48aee8,0x59bc08,
0x48aef4,0x61b2a0,
0x48af01,0x59bc38,
0x48af09,0x59bc50,
0x48af0e,0x59bba0,
0x48af15,0x6439d8,
0x48af22,0x59bc50,
0x48af27,0x59bc00,
0x48af39,0x59bcb0,
0x48af41,0x59bc08,
0x48af4d,0x6439d8,
0x48af53,0x59bc38,
0x48af62,0x61b2a0,
0x48af6c,0x59bba0,
0x48af72,0x59bc50,
0x48af80,0x59bc50,
0x48af86,0x59bc00,
0x48af96,0x59bcb0,
0x48af9f,0x59bc08,
0x48afac,0x61b2a0,
0x48afba,0x59bc38,
0x48afc1,0x59bc50,
0x48afc7,0x59bba0,
0x48afce,0x6439d8,
0x48afdb,0x59bc50,
0x48afe1,0x59bc00,
0x48aff3,0x59bcb0,
0x48affb,0x59bc08,
0x48b007,0x6439d8,
0x48b00d,0x59bc38,
0x48b01b,0x61b2a0,
0x48b024,0x59bba0,
0x48b02a,0x59bc50,
0x48b037,0x59bc50,
0x48b03c,0x59bc00,
0x48b04d,0x59bcb0,
0x48b057,0x59bc08,
0x48b064,0x61b2a0,
0x48b072,0x59bc38,
0x48b07a,0x59bc50,
0x48b080,0x59bba0,
0x48b087,0x6439d8,
0x48b095,0x59bc50,
0x48b09b,0x59bc00,
0x48b0ac,0x59bcb0,
0x48b0b3,0x59bc08,
0x48b0bf,0x6439d8,
0x48b0c4,0x59bc38,
0x48b0d3,0x61b2a0,
0x48b0dd,0x59bba0,
0x48b0e2,0x59bc50,
0x48b0ef,0x59bc50,
0x48b0f5,0x59bc00,
0x48b106,0x59bcb0,
0x48b110,0x59bc08,
0x48b11c,0x61b2a0,
0x48b129,0x59bc38,
0x48b131,0x59bc50,
0x48b136,0x59bba0,
0x48b13d,0x6439d8,
0x48b14a,0x59bc50,
0x48b14f,0x59bc00,
0x48b161,0x59bcb0,
0x48b169,0x59bc08,
0x48b175,0x6439d8,
0x48b17b,0x59bc38,
0x48b18a,0x61b2a0,
0x48b194,0x59bba0,
0x48b19a,0x59bc50,
0x48b1a8,0x59bc50,
0x48b1ae,0x59bc00,
0x48b1be,0x59bcb0,
0x48b1c7,0x59bc08,
0x48b1d4,0x61b2a0,
0x48b1e2,0x59bc38,
0x48b1e9,0x59bc50,
0x48b1ef,0x59bba0,
0x48b1f6,0x6439d8,
0x48b203,0x59bc50,
0x48b209,0x59bc00,
0x48b21b,0x59bcb0,
0x48b223,0x59bc08,
0x48b22f,0x6439d8,
0x48b235,0x59bc38,
0x48b243,0x61b2a0,
0x48b24c,0x59bba0,
0x48b252,0x59bc50,
0x48b25f,0x59bc50,
0x48b264,0x59bc00,
0x48b275,0x59bcb0,
0x48b289,0x61b2a0,
0x48b293,0x6439d8,
0x48b299,0x59bc38,
0x48b2a1,0x59bc50,
0x48b2a7,0x59bba0,
0x48b2c0,0x61b2a0,
0x48b2c9,0x59bc50,
0x48b2d5,0x59bbf8,
0x48b2da,0x59bd48,
0x48b319,0x4bbe0b,
0x48b33a,0x4f9d80,
0x48b33f,0x4f9d7c,
0x48b34a,0x4f9d80,
0x48b357,0x4f9d80,
0x48b360,0x4f9d80,
0x48b375,0x48a870,
0x48b3d4,0x4be77c,
0x48b493,0x4be77c,
0x48b512,0x4be778,
0x48b522,0x4be778,
0x48b528,0x4be778,
0x48b5e2,0x4fa48c,
0x48b5ea,0x4fa48c,
0x48b5f2,0x4fa48c,
0x48b6ae,0x6439c0,
0x48b6cb,0x6439c0,
0x48b6e7,0x6439d8,
0x48b6fb,0x6439d8,
0x48b728,0x6439dc,
0x48b75e,0x59bc38,
0x48b76e,0x59bcb0,
0x48b831,0x4faf18,
0x48b837,0x59bc50,
0x48b843,0x59bc50,
0x48b859,0x4faf18,
0x48b85f,0x59bba0,
0x48b868,0x4be774,
0x48b878,0x59bc50,
0x48b87e,0x59bc50,
0x48b886,0x59bba0,
0x48b8a1,0x59bba0,
0x48b8b6,0x4faf18,
0x48b8c0,0x59bc00,
0x48b8c9,0x4faf18,
0x48b8cf,0x59bc08,
0x48b8d8,0x4faf18,
0x48b8de,0x59bd40,
0x48b8e7,0x4faf18,
0x48b8ed,0x59bcf0,
0x48b8fb,0x59bd38,
0x48b916,0x4be774,
0x48b922,0x4be774,
0x48b92e,0x59bd38,
0x48b934,0x59bcf0,
0x48b93a,0x59bd40,
0x48b94b,0x59bcb0,
0x48b953,0x59bc08,
0x48b95c,0x59bc38,
0x48b966,0x59bc00,
0x48b96d,0x6439d8,
0x48b97a,0x59bc50,
0x48b98e,0x59bba0,
0x48b995,0x61b2a0,
0x48b99b,0x59bc50,
0x48b9a3,0x59bba0,
0x48b9ab,0x59bc50,
0x48b9b1,0x59bd38,
0x48b9bd,0x59bd40,
0x48b9c3,0x59bcf0,
0x48b9dd,0x4faf18,
0x48b9eb,0x59bc50,
0x48b9fd,0x4faf18,
0x48ba03,0x59bd40,
0x48ba0c,0x4faf18,
0x48ba12,0x59bcf0,
0x48ba30,0x59bd40,
0x48ba36,0x59bcf0,
0x48ba3c,0x59bc00,
0x48ba42,0x59bc08,
0x48ba4f,0x59bcb0,
0x48ba57,0x59bc08,
0x48ba62,0x59bc50,
0x48ba69,0x6439d8,
0x48ba6f,0x59bc38,
0x48ba77,0x59bc00,
0x48ba7f,0x59bba0,
0x48ba8d,0x59bc50,
0x48ba9b,0x59bcb0,
0x48baa4,0x59bc08,
0x48bab1,0x61b2a0,
0x48babe,0x59bc38,
0x48bac5,0x59bc50,
0x48bacb,0x59bba0,
0x48bad2,0x6439d8,
0x48badf,0x59bc50,
0x48bae5,0x59bc00,
0x48baf7,0x59bcb0,
0x48baff,0x59bc08,
0x48bb0b,0x6439d8,
0x48bb11,0x59bc38,
0x48bb1f,0x61b2a0,
0x48bb28,0x59bba0,
0x48bb2e,0x59bc50,
0x48bb3b,0x59bc50,
0x48bb40,0x59bc00,
0x48bb51,0x59bcb0,
0x48bb5b,0x59bc08,
0x48bb68,0x61b2a0,
0x48bb76,0x59bc38,
0x48bb7e,0x59bc50,
0x48bb84,0x59bba0,
0x48bb8b,0x6439d8,
0x48bb99,0x59bc50,
0x48bb9f,0x59bc00,
0x48bbb0,0x59bcb0,
0x48bbb7,0x59bc08,
0x48bbc3,0x6439d8,
0x48bbc8,0x59bc38,
0x48bbd7,0x61b2a0,
0x48bbe1,0x59bba0,
0x48bbe6,0x59bc50,
0x48bbf3,0x59bc50,
0x48bbf9,0x59bc00,
0x48bc0a,0x59bcb0,
0x48bc14,0x59bc08,
0x48bc20,0x61b2a0,
0x48bc2d,0x59bc38,
0x48bc35,0x59bc50,
0x48bc3a,0x59bba0,
0x48bc41,0x6439d8,
0x48bc4e,0x59bc50,
0x48bc53,0x59bc00,
0x48bc65,0x59bcb0,
0x48bc6d,0x59bc08,
0x48bc79,0x6439d8,
0x48bc7f,0x59bc38,
0x48bc8e,0x61b2a0,
0x48bc98,0x59bba0,
0x48bc9e,0x59bc50,
0x48bcac,0x59bc50,
0x48bcb2,0x59bc00,
0x48bcc2,0x59bcb0,
0x48bccb,0x59bc08,
0x48bcd8,0x61b2a0,
0x48bce6,0x59bc38,
0x48bced,0x59bc50,
0x48bcf3,0x59bba0,
0x48bcfa,0x6439d8,
0x48bd07,0x59bc50,
0x48bd0d,0x59bc00,
0x48bd1f,0x59bcb0,
0x48bd27,0x59bc08,
0x48bd33,0x6439d8,
0x48bd39,0x59bc38,
0x48bd47,0x61b2a0,
0x48bd50,0x59bba0,
0x48bd56,0x59bc50,
0x48bd63,0x59bc50,
0x48bd68,0x59bc00,
0x48bd79,0x59bcb0,
0x48bd83,0x59bc08,
0x48bd90,0x61b2a0,
0x48bd9e,0x59bc38,
0x48bda6,0x59bc50,
0x48bdac,0x59bba0,
0x48bdb3,0x6439d8,
0x48bdc1,0x59bc50,
0x48bdc7,0x59bc00,
0x48bdd8,0x59bcb0,
0x48bddf,0x59bc08,
0x48bdeb,0x6439d8,
0x48bdf0,0x59bc38,
0x48bdff,0x61b2a0,
0x48be09,0x59bba0,
0x48be0e,0x59bc50,
0x48be1b,0x59bc50,
0x48be21,0x59bc00,
0x48be32,0x59bcb0,
0x48be3c,0x59bc08,
0x48be48,0x61b2a0,
0x48be55,0x59bc38,
0x48be5d,0x59bc50,
0x48be62,0x59bba0,
0x48be69,0x6439d8,
0x48be76,0x59bc50,
0x48be7b,0x59bc00,
0x48be8d,0x59bcb0,
0x48be95,0x59bc08,
0x48bea1,0x6439d8,
0x48bea7,0x59bc38,
0x48beb6,0x61b2a0,
0x48bec0,0x59bba0,
0x48bec6,0x59bc50,
0x48bed4,0x59bc50,
0x48beda,0x59bc00,
0x48beea,0x59bcb0,
0x48bef3,0x59bc08,
0x48bf00,0x61b2a0,
0x48bf0e,0x59bc38,
0x48bf15,0x59bc50,
0x48bf1b,0x59bba0,
0x48bf22,0x6439d8,
0x48bf2f,0x59bc50,
0x48bf35,0x59bc00,
0x48bf47,0x59bcb0,
0x48bf4f,0x59bc08,
0x48bf5b,0x6439d8,
0x48bf61,0x59bc38,
0x48bf6f,0x61b2a0,
0x48bf78,0x59bba0,
0x48bf7e,0x59bc50,
0x48bf8b,0x59bc50,
0x48bf90,0x59bc00,
0x48bfa1,0x59bcb0,
0x48bfb5,0x61b2a0,
0x48bfbf,0x6439d8,
0x48bfc5,0x59bc38,
0x48bfcd,0x59bc50,
0x48bfd3,0x59bba0,
0x48bfec,0x61b2a0,
0x48bff5,0x59bc50,
0x48c001,0x59bd40,
0x48c006,0x59bcf0,
0x48c039,0x4bbe2b,
0x48c05a,0x4f9d80,
0x48c05f,0x4f9d7c,
0x48c06a,0x4f9d80,
0x48c077,0x4f9d80,
0x48c080,0x4f9d80,
0x48c095,0x48b690,
0x48c0f4,0x4be77c,
0x48c1b3,0x4be77c,
0x48c234,0x4be778,
0x48c244,0x4be778,
0x48c24a,0x4be778,
0x48c276,0x4fa48c,
0x48c27e,0x4fa48c,
0x48c286,0x4fa48c,
0x48c344,0x6439c0,
0x48c35c,0x6439c0,
0x48c378,0x6439d8,
0x48c38c,0x6439d8,
0x48c3b9,0x6439dc,
0x48c3f0,0x59bc38,
0x48c400,0x59bcb0,
0x48c4da,0x4faf18,
0x48c4e0,0x59bc50,
0x48c4ec,0x59bc50,
0x48c502,0x4faf18,
0x48c508,0x59bba0,
0x48c511,0x4be774,
0x48c521,0x59bc50,
0x48c527,0x59bc50,
0x48c52f,0x59bba0,
0x48c54a,0x59bba0,
0x48c55c,0x4be778,
0x48c56c,0x4faf18,
0x48c572,0x59bc90,
0x48c57b,0x4faf18,
0x48c581,0x59bc78,
0x48c5ab,0x4be778,
0x48c5b5,0x4f9d38,
0x48c5c0,0x59bc90,
0x48c5c8,0x4faf18,
0x48c5ce,0x59bc00,
0x48c5d9,0x59bc78,
0x48c5e1,0x4faf18,
0x48c5e7,0x59bc08,
0x48c5f4,0x4be774,
0x48c600,0x4be774,
0x48c60c,0x4be774,
0x48c630,0x4fa494,
0x48c63e,0x59bd38,
0x48c647,0x59bd38,
0x48c64d,0x59bc78,
0x48c653,0x59bc90,
0x48c664,0x59bcb0,
0x48c66c,0x59bc08,
0x48c675,0x59bc38,
0x48c67f,0x59bc00,
0x48c686,0x6439d8,
0x48c693,0x59bc50,
0x48c6a7,0x59bba0,
0x48c6ae,0x61b2a0,
0x48c6b4,0x59bc50,
0x48c6bc,0x59bba0,
0x48c6c4,0x59bc50,
0x48c6ca,0x59bd38,
0x48c6d6,0x59bc90,
0x48c6dc,0x59bc78,
0x48c6ee,0x59bc90,
0x48c6f4,0x59bc78,
0x48c6fa,0x59bc00,
0x48c700,0x59bc08,
0x48c705,0x59bc90,
0x48c70b,0x59bc78,
0x48c714,0x59bc90,
0x48c723,0x59bc78,
0x48c729,0x4faf18,
0x48c734,0x4faf18,
0x48c742,0x59bc50,
0x48c768,0x4fa490,
0x48c770,0x4fa490,
0x48c77d,0x59bc08,
0x48c783,0x4fa490,
0x48c78b,0x59bc00,
0x48c791,0x4fa490,
0x48c7ab,0x4fa494,
0x48c7b4,0x59bc90,
0x48c7ba,0x59bc78,
0x48c7c0,0x59bc00,
0x48c7c6,0x59bc08,
0x48c7d3,0x59bcb0,
0x48c7db,0x59bc08,
0x48c7e6,0x59bc50,
0x48c7ed,0x6439d8,
0x48c7f3,0x59bc38,
0x48c7fb,0x59bc00,
0x48c803,0x59bba0,
0x48c811,0x59bc50,
0x48c81f,0x59bcb0,
0x48c828,0x59bc08,
0x48c835,0x61b2a0,
0x48c842,0x59bc38,
0x48c849,0x59bc50,
0x48c84f,0x59bba0,
0x48c856,0x6439d8,
0x48c863,0x59bc50,
0x48c869,0x59bc00,
0x48c87b,0x59bcb0,
0x48c883,0x59bc08,
0x48c88f,0x6439d8,
0x48c895,0x59bc38,
0x48c8a3,0x61b2a0,
0x48c8ac,0x59bba0,
0x48c8b2,0x59bc50,
0x48c8bf,0x59bc50,
0x48c8c4,0x59bc00,
0x48c8d5,0x59bcb0,
0x48c8df,0x59bc08,
0x48c8ec,0x61b2a0,
0x48c8fa,0x59bc38,
0x48c902,0x59bc50,
0x48c908,0x59bba0,
0x48c90f,0x6439d8,
0x48c91d,0x59bc50,
0x48c923,0x59bc00,
0x48c934,0x59bcb0,
0x48c93b,0x59bc08,
0x48c947,0x6439d8,
0x48c94c,0x59bc38,
0x48c95b,0x61b2a0,
0x48c965,0x59bba0,
0x48c96a,0x59bc50,
0x48c977,0x59bc50,
0x48c97d,0x59bc00,
0x48c98e,0x59bcb0,
0x48c998,0x59bc08,
0x48c9a4,0x61b2a0,
0x48c9b1,0x59bc38,
0x48c9b9,0x59bc50,
0x48c9be,0x59bba0,
0x48c9c5,0x6439d8,
0x48c9d2,0x59bc50,
0x48c9d7,0x59bc00,
0x48c9e9,0x59bcb0,
0x48c9f1,0x59bc08,
0x48c9fd,0x6439d8,
0x48ca03,0x59bc38,
0x48ca12,0x61b2a0,
0x48ca1c,0x59bba0,
0x48ca22,0x59bc50,
0x48ca30,0x59bc50,
0x48ca36,0x59bc00,
0x48ca46,0x59bcb0,
0x48ca4f,0x59bc08,
0x48ca5c,0x61b2a0,
0x48ca6a,0x59bc38,
0x48ca71,0x59bc50,
0x48ca77,0x59bba0,
0x48ca7e,0x6439d8,
0x48ca8b,0x59bc50,
0x48ca91,0x59bc00,
0x48caa3,0x59bcb0,
0x48caab,0x59bc08,
0x48cab7,0x6439d8,
0x48cabd,0x59bc38,
0x48cacb,0x61b2a0,
0x48cad4,0x59bba0,
0x48cada,0x59bc50,
0x48cae7,0x59bc50,
0x48caec,0x59bc00,
0x48cafd,0x59bcb0,
0x48cb07,0x59bc08,
0x48cb14,0x61b2a0,
0x48cb22,0x59bc38,
0x48cb2a,0x59bc50,
0x48cb30,0x59bba0,
0x48cb37,0x6439d8,
0x48cb45,0x59bc50,
0x48cb4b,0x59bc00,
0x48cb5c,0x59bcb0,
0x48cb63,0x59bc08,
0x48cb6f,0x6439d8,
0x48cb74,0x59bc38,
0x48cb83,0x61b2a0,
0x48cb8d,0x59bba0,
0x48cb92,0x59bc50,
0x48cb9f,0x59bc50,
0x48cba5,0x59bc00,
0x48cbb6,0x59bcb0,
0x48cbc0,0x59bc08,
0x48cbcc,0x61b2a0,
0x48cbd9,0x59bc38,
0x48cbe1,0x59bc50,
0x48cbe6,0x59bba0,
0x48cbed,0x6439d8,
0x48cbfa,0x59bc50,
0x48cbff,0x59bc00,
0x48cc11,0x59bcb0,
0x48cc19,0x59bc08,
0x48cc25,0x6439d8,
0x48cc2b,0x59bc38,
0x48cc3a,0x61b2a0,
0x48cc44,0x59bba0,
0x48cc4a,0x59bc50,
0x48cc58,0x59bc50,
0x48cc5e,0x59bc00,
0x48cc6e,0x59bcb0,
0x48cc77,0x59bc08,
0x48cc84,0x61b2a0,
0x48cc92,0x59bc38,
0x48cc99,0x59bc50,
0x48cc9f,0x59bba0,
0x48cca6,0x6439d8,
0x48ccb3,0x59bc50,
0x48ccb9,0x59bc00,
0x48cccb,0x59bcb0,
0x48ccd3,0x59bc08,
0x48ccdf,0x6439d8,
0x48cce5,0x59bc38,
0x48ccf3,0x61b2a0,
0x48ccfc,0x59bba0,
0x48cd02,0x59bc50,
0x48cd0f,0x59bc50,
0x48cd14,0x59bc00,
0x48cd25,0x59bcb0,
0x48cd39,0x61b2a0,
0x48cd43,0x6439d8,
0x48cd49,0x59bc38,
0x48cd51,0x59bc50,
0x48cd57,0x59bba0,
0x48cd70,0x61b2a0,
0x48cd79,0x59bc50,
0x48cd85,0x59bc90,
0x48cd8a,0x59bc78,
0x48cdc9,0x4bbe4b,
0x48cdea,0x4f9d80,
0x48cdef,0x4f9d7c,
0x48cdfa,0x4f9d80,
0x48ce07,0x4f9d80,
0x48ce10,0x4f9d80,
0x48ce25,0x48c320,
0x48ce84,0x4be77c,
0x48cf43,0x4be77c,
0x48cfc2,0x4be778,
0x48cfd2,0x4be778,
0x48cfd8,0x4be778,
0x48d092,0x4fa48c,
0x48d09a,0x4fa48c,
0x48d0a2,0x4fa48c,
0x48d14a,0x59bcd4,
0x48d155,0x59bcd8,
0x48d15e,0x59bcd8,
0x48d166,0x59bcd0,
0x48d16e,0x59bcd0,
0x48d177,0x59bcd0,
0x48d17d,0x59bce0,
0x48d186,0x59bce0,
0x48d18e,0x59bce0,
0x48d199,0x59bce4,
0x48d1a2,0x59bce4,
0x48d1af,0x59bce4,
0x48d1b5,0x59bcdc,
0x48d1bb,0x59bcdc,
0x48d1c1,0x59bcd8,
0x48d1c9,0x59bbec,
0x48d1cf,0x59bcdc,
0x48d1d5,0x59bcd4,
0x48d1dd,0x59bbdc,
0x48d1e3,0x59bbec,
0x48d1eb,0x59bbe8,
0x48d1f3,0x59bcd4,
0x48d1ff,0x59bbc4,
0x48d205,0x59bbc0,
0x48d20b,0x59bbc4,
0x48d213,0x59bbd8,
0x48d219,0x59bbc0,
0x48d21f,0x59bbd8,
0x48d225,0x4be778,
0x48d22b,0x59bc98,
0x48d237,0x59bbe8,
0x48d23d,0x59bbc4,
0x48d243,0x59bc98,
0x48d24c,0x59bbc0,
0x48d252,0x59bbd8,
0x48d258,0x59bc98,
0x48d261,0x59bce4,
0x48d267,0x59bcdc,
0x48d26d,0x59bc98,
0x48d276,0x59bcdc,
0x48d27c,0x59bce0,
0x48d282,0x59bc98,
0x48d28b,0x59bce0,
0x48d291,0x59bce4,
0x48d297,0x59bc98,
0x48d2a0,0x59bcd0,
0x48d2a6,0x59bcd8,
0x48d2ac,0x59bc98,
0x48d2b5,0x59bcd4,
0x48d2bb,0x59bcd0,
0x48d2c1,0x59bc98,
0x48d2ca,0x59bcd8,
0x48d2d0,0x59bcd4,
0x48d2d6,0x59bc98,
0x48d891,0x59c1b0,
0x48d89d,0x59c1b8,
0x48d8a5,0x4bc040,
0x48d8ab,0x59c1b4,
0x48d8b2,0x4bc038,
0x48d8bd,0x59c1b0,
0x48d8ce,0x4bc300,
0x48d8d7,0x59c1b0,
0x48d8dd,0x59c1b4,
0x48d8f5,0x59c1b0,
0x48d90b,0x59c1b8,
0x48d913,0x4bc040,
0x48d919,0x59c1b4,
0x48d920,0x4bc038,
0x48d92b,0x59c1b0,
0x48d948,0x4bc304,
0x48d951,0x59c1b0,
0x48d95f,0x4bc058,
0x48d964,0x643621,
0x48d983,0x643921,
0x48d99f,0x59bd88,
0x48d9b1,0x59bd90,
0x48d9b7,0x59bd88,
0x48d9c1,0x59bd8c,
0x48d9c8,0x59bd94,
0x48d9d1,0x59bd96,
0x48d9d9,0x59bd98,
0x48d9e4,0x59bdb0,
0x48d9f0,0x59bfb0,
0x48d9f9,0x4fa170,
0x48da15,0x59bd88,
0x48da59,0x59c1b0,
0x48da63,0x59c1b8,
0x48da6b,0x4bc040,
0x48da70,0x59c1b4,
0x48da77,0x4bc038,
0x48da83,0x59c1b0,
0x48da94,0x4bc300,
0x48da9a,0x59c1b0,
0x48daa0,0x59c1b4,
0x48db2a,0x59c1b0,
0x48db34,0x59c1b8,
0x48db3c,0x4bc040,
0x48db42,0x59c1b4,
0x48db49,0x4bc038,
0x48db54,0x59c1b0,
0x48db65,0x4bc300,
0x48db6f,0x59c1b0,
0x48db75,0x59c1b4,
0x48db96,0x4f9e24,
0x48dba0,0x4f9f04,
0x48dba8,0x4f9eb0,
0x48dbb5,0x4f9e94,
0x48dbba,0x4f9ecc,
0x48dbe0,0x59c1b0,
0x48dbea,0x59c1b8,
0x48dbf2,0x4bc040,
0x48dbf8,0x59c1b4,
0x48dbff,0x4bc038,
0x48dc0a,0x59c1b0,
0x48dc1b,0x4bc300,
0x48dc21,0x59c1b0,
0x48dc2b,0x59c1b4,
0x48dc96,0x4bc1f0,
0x48dcd2,0x4fa4e5,
0x48dcf7,0x4fa8e5,
0x48dcfe,0x59c1b4,
0x48dd07,0x4fa4e0,
0x48dd0d,0x4bc060,
0x48dd13,0x59c1b0,
0x48dd1c,0x59c1b4,
0x48dd22,0x4bc08c,
0x48dd27,0x59c1b8,
0x48dd2e,0x4fa4e4,
0x48dd3c,0x4bc064,
0x48dd41,0x59c1b0,
0x48dd48,0x4bc090,
0x48dd87,0x4fa4e5,
0x48ddad,0x4fa8e5,
0x48ddb4,0x59c1b4,
0x48ddbd,0x4fa4e0,
0x48ddc3,0x4bc060,
0x48ddc9,0x59c1b0,
0x48ddd2,0x59c1b4,
0x48ddd8,0x4bc08c,
0x48dddd,0x59c1b8,
0x48dde9,0x4fa4e4,
0x48ddf7,0x4bc064,
0x48de3c,0x4f9e14,
0x48de42,0x4f9e18,
0x48dea6,0x59c1b0,
0x48deb0,0x59c1b8,
0x48deb8,0x4bc040,
0x48debe,0x59c1b4,
0x48dec5,0x4bc038,
0x48ded0,0x59c1b0,
0x48dee1,0x4bc300,
0x48deeb,0x59c1b0,
0x48def1,0x59c1b4,
0x48df59,0x59c1b0,
0x48df62,0x59c1b8,
0x48df6a,0x4bc040,
0x48df70,0x59c1b4,
0x48df77,0x4bc038,
0x48df83,0x59c1b0,
0x48df94,0x4bc300,
0x48df9f,0x59c1b0,
0x48dfa4,0x59c1b4,
0x48dfc9,0x59bd8c,
0x48dfda,0x59bd90,
0x48dfe1,0x59bd94,
0x48dfea,0x59bd96,
0x48dff1,0x59bd98,
0x48e049,0x4bc308,
0x48e064,0x4bc2e4,
0x48e0bb,0x4bc2f0,
0x48e0c0,0x59c1b0,
0x48e0c7,0x4bc090,
0x48e13a,0x59bd88,
0x48e14b,0x59c1b0,
0x48e157,0x4bc05c,
0x48e181,0x59c1b0,
0x48e1b1,0x59c490,
0x48e1ba,0x59c1c0,
0x48e1bf,0x4fa928,
0x48e1e8,0x4fa9a0,
0x48e210,0x4bc238,
0x48e243,0x4fac94,
0x48e2a4,0x4bc284,
0x48e2d9,0x4bc288,
0x48e2e0,0x59c1c0,
0x48e2f8,0x4bc280,
0x48e314,0x59c1c0,
0x48e332,0x59c3a0,
0x48e337,0x59c1c0,
0x48e34a,0x4fac70,
0x48e35e,0x59c3a0,
0x48e5c0,0x4be798,
0x48e5c8,0x4be798,
0x48e5d0,0x4be798,
0x48e5d6,0x4be7a0,
0x48e6b2,0x59c490,
0x48e6c4,0x59c490,
0x48e6cd,0x59c3a0,
0x48e6d2,0x59c1c0,
0x48e6e8,0x59c3a0,
0x48e901,0x59c490,
0x48e92b,0x654b83,
0x48e95d,0x6435f4,
0x48e967,0x4be7b0,
0x48e98c,0x5dd320,
0x48ea4d,0x4fa9a0,
0x48ea61,0x5dd320,
0x48ea85,0x4fa920,
0x48ea8b,0x4fa918,
0x48eaab,0x4be7b4,
0x48eabd,0x4be7b4,
0x48eacf,0x4be7b4,
0x48ead9,0x4be7b8,
0x48eb0c,0x4fa91c,
0x48eb12,0x5dd320,
0x48eb18,0x4fa924,
0x48ebea,0x4be7b0,
0x48ec18,0x4be7bc,
0x48ec4e,0x59c3a0,
0x48ec5d,0x5dd320,
0x48ec7d,0x4fa8e8,
0x48ec89,0x4fa8ec,
0x48ec92,0x4fa8f0,
0x48ec9a,0x5dd320,
0x48eca4,0x643600,
0x48ecaa,0x6435fc,
0x48ecb0,0x4be7c0,
0x48ecbf,0x4be7c0,
0x48ecc5,0x4be7c4,
0x48ecd4,0x4be7c4,
0x48ece2,0x4be7c4,
0x48ecf1,0x4be7c4,
0x48ecfa,0x5dd320,
0x48ed19,0x4fa8f4,
0x48ed25,0x4fa8f8,
0x48ed2e,0x4fa8fc,
0x48ed37,0x5dd320,
0x48ed41,0x643600,
0x48ed47,0x6435fc,
0x48ed4d,0x4be7c0,
0x48ed5c,0x4be7c0,
0x48ed62,0x4be7c4,
0x48ed71,0x4be7c4,
0x48ed7f,0x4be7c4,
0x48ed8e,0x4be7c4,
0x48ed96,0x5dd320,
0x48edb0,0x4fa900,
0x48edbb,0x4fa904,
0x48edc3,0x4fa908,
0x48edcc,0x5dd320,
0x48edd6,0x643600,
0x48eddc,0x6435fc,
0x48ede2,0x4be7c0,
0x48edf1,0x4be7c0,
0x48edf7,0x4be7c4,
0x48ee06,0x4be7c4,
0x48ee14,0x4be7c4,
0x48ee23,0x4be7c4,
0x48ee33,0x5dd320,
0x48ee51,0x4fa90c,
0x48ee5d,0x4fa910,
0x48ee66,0x4fa914,
0x48ee6f,0x5dd320,
0x48ee79,0x643600,
0x48ee7f,0x6435fc,
0x48ee85,0x4be7c0,
0x48ee94,0x4be7c0,
0x48ee9a,0x4be7c4,
0x48eea9,0x4be7c4,
0x48eeb7,0x4be7c4,
0x48eec6,0x4be7c4,
0x48eee2,0x4be7b0,
0x48ef0a,0x5dd320,
0x48ef19,0x5dd320,
0x48ef44,0x654b83,
0x48ef71,0x644200,
0x48efcc,0x6435f4,
0x48efd6,0x4be7b0,
0x48f0c7,0x5dd320,
0x48f11e,0x4be7a0,
0x48f1a0,0x5dd320,
0x48f1ad,0x643600,
0x48f1b3,0x6435fc,
0x48f1b9,0x4be7c0,
0x48f1c8,0x4be7c0,
0x48f1ce,0x4be7c4,
0x48f1dd,0x4be7c4,
0x48f1eb,0x4be7c4,
0x48f1fa,0x4be7c4,
0x48f215,0x5dd320,
0x48f255,0x4be7b0,
0x48f2c5,0x4fac9c,
0x48f2d8,0x644200,
0x48f2e5,0x644200,
0x48f5b9,0x5dd3a8,
0x48f5bf,0x5dd3ac,
0x48f5cb,0x5dd3b4,
0x48f5d7,0x5dd3b0,
0x48f5e6,0x5dd3b8,
0x48f5f0,0x5dd380,
0x48f5f5,0x5dd3bc,
0x48f61e,0x5dd320,
0x48f662,0x5dd320,
0x48f6ac,0x4f71b8,
0x48f751,0x65438c,
0x48f757,0x6543b4,
0x48f763,0x6543a0,
0x48f7dc,0x6543a0,
0x48f7ee,0x6543a0,
0x48f7fb,0x6543a0,
0x48f804,0x6543a0,
0x48f811,0x6543a0,
0x48f81e,0x6543a0,
0x48f826,0x6543a0,
0x48f830,0x6543a0,
0x48f84b,0x59c540,
0x48f858,0x6543b4,
0x48f86a,0x59c4a4,
0x48f8a9,0x4c2724,
0x48f8b6,0x6543a0,
0x48f8bc,0x65438c,
0x48f90e,0x6543a0,
0x48f91b,0x6543a0,
0x48f927,0x6543a0,
0x48f934,0x6543a0,
0x48f93c,0x6543a0,
0x48f944,0x6543a0,
0x48f950,0x6543a0,
0x48f955,0x59c540,
0x48f961,0x59c4a0,
0x48f970,0x59c4a4,
0x48f976,0x59c540,
0x48f97b,0x4fad14,
0x48f991,0x59c4a4,
0x48f99c,0x59c4a0,
0x48f9c3,0x654398,
0x48f9c8,0x65439c,
0x48f9cd,0x6543c0,
0x48f9e4,0x6543bc,
0x48f9e9,0x654390,
0x48f9ee,0x6543b8,
0x48fa05,0x6543b0,
0x48fa0a,0x654384,
0x48fa21,0x654388,
0x48fa26,0x6543a8,
0x48fa3c,0x6543b4,
0x48fa41,0x6543a0,
0x48fa51,0x65438c,
0x48fa61,0x654384,
0x48fa6a,0x654384,
0x48fa73,0x654384,
0x48fa7b,0x6543a8,
0x48fa84,0x6543a8,
0x48fa8c,0x654384,
0x48fa94,0x654384,
0x48fa9a,0x6543a8,
0x48faa3,0x6543a8,
0x48faab,0x59c540,
0x48fac2,0x6543a4,
0x48fac8,0x4be7c8,
0x48fadc,0x6543a4,
0x48fae6,0x6543a4,
0x48faec,0x4faf18,
0x48faf2,0x6543b0,
0x48fb02,0x6543ac,
0x48fb08,0x4faf18,
0x48fb1d,0x654384,
0x48fb3b,0x65439c,
0x48fbbe,0x6543b4,
0x48fbc4,0x6543a0,
0x48fc0f,0x65439c,
0x48fc20,0x6543c0,
0x48fc29,0x6543c0,
0x48fc38,0x65439c,
0x48fc3e,0x654384,
0x48fc5b,0x6543ac,
0x48fc68,0x6543ac,
0x48fc7f,0x65439c,
0x48fc85,0x654384,
0x48fc97,0x65439c,
0x48fca7,0x4faca8,
0x48fcbc,0x4facc0,
0x48fcd1,0x65439c,
0x48fcdd,0x4faca8,
0x48fcef,0x65439c,
0x48fcfa,0x654384,
0x48fd03,0x654384,
0x48fd0c,0x654384,
0x48fd21,0x654384,
0x48fd2b,0x654384,
0x48fd3b,0x59c498,
0x48fd43,0x654388,
0x48fd51,0x6543bc,
0x48fd57,0x59c498,
0x48fd5c,0x6543b8,
0x48fd62,0x6543b0,
0x48fd75,0x654398,
0x48fd7d,0x6543c0,
0x48fd84,0x59c540,
0x48fd8f,0x59c4a4,
0x48fd96,0x4fad14,
0x48fdaa,0x4fad14,
0x48fdb8,0x59c540,
0x48fdc6,0x6543b4,
0x48fdd3,0x6543a0,
0x48fdd9,0x59c540,
0x48fde4,0x6543ac,
0x48fdee,0x6543a4,
0x48fe19,0x6543ac,
0x48fe20,0x6543c0,
0x48fe4f,0x6543ac,
0x48fe55,0x4faf18,
0x48feba,0x4be7d4,
0x48feeb,0x4be7d4,
0x48ff1e,0x4be7d4,
0x48ff3d,0x6543ac,
0x48ff54,0x6543c0,
0x48ff86,0x6543ac,
0x48ff96,0x6543c0,
0x48ffc7,0x4be7d4,
0x48fff0,0x4be7d4,
0x490006,0x654388,
0x490016,0x6543a8,
0x49002e,0x654390,
0x49006c,0x654390,
0x490082,0x654388,
0x49009c,0x6543a8,
0x4900b1,0x654390,
0x4900fb,0x654390,
0x490116,0x59c540,
0x490124,0x59c4a4,
0x490140,0x59c4a4,
0x49014b,0x59c4a0,
0x490154,0x6543c0,
0x49017d,0x6543c0,
0x49018a,0x6543b0,
0x490198,0x654384,
0x4901a5,0x654384,
0x4901ab,0x6543c0,
0x4901b3,0x6543c0,
0x4901b8,0x65439c,
0x4901c1,0x654384,
0x4901cc,0x654394,
0x4901e2,0x654394,
0x4901fe,0x654394,
0x490211,0x6543c0,
0x49021a,0x6543c0,
0x490222,0x6543c0,
0x490228,0x654394,
0x490230,0x654394,
0x490236,0x6543c0,
0x49023e,0x654384,
0x49024a,0x6543c0,
0x490254,0x4face0,
0x49025e,0x6543c0,
0x4902a0,0x6543c0,
0x4902a5,0x654394,
0x4902ad,0x654394,
0x4902b3,0x6543c0,
0x4902bc,0x6543c0,
0x4902c5,0x654384,
0x4902ca,0x6543c0,
0x4902d4,0x6543c0,
0x4902e2,0x6543c0,
0x4902e9,0x6543c0,
0x4902f3,0x4face0,
0x4902fd,0x6543c0,
0x490302,0x654384,
0x49030e,0x654384,
0x490325,0x654394,
0x490352,0x654394,
0x490362,0x6543c0,
0x49036b,0x6543c0,
0x490374,0x6543c0,
0x490379,0x654394,
0x490382,0x654394,
0x490388,0x6543c0,
0x490390,0x654384,
0x49039c,0x6543c0,
0x4903ae,0x6543c0,
0x4903c0,0x4face0,
0x4903ca,0x6543c0,
0x4903df,0x65439c,
0x4903eb,0x6543c0,
0x4903f6,0x654384,
0x4903fc,0x6543c0,
0x490405,0x65439c,
0x49040a,0x6543c0,
0x490415,0x6543c0,
0x490423,0x6543c0,
0x49042a,0x6543c0,
0x490434,0x4face0,
0x49043e,0x6543c0,
0x490443,0x65439c,
0x49044f,0x65439c,
0x49045b,0x65439c,
0x490476,0x6543ac,
0x490498,0x4faf18,
0x4904a0,0x4faf18,
0x4904ce,0x654388,
0x4904d5,0x6543a8,
0x4904df,0x6543b8,
0x4904ea,0x6543b8,
0x4904f6,0x6543b8,
0x4904fd,0x6543b8,
0x49050b,0x6543b8,
0x490517,0x6543b8,
0x490523,0x6543b8,
0x49052a,0x6543b8,
0x490532,0x6543a8,
0x490538,0x6543b8,
0x490540,0x6543b8,
0x49054c,0x6543a8,
0x490551,0x6543b8,
0x490559,0x6543b8,
0x490561,0x6543b8,
0x490566,0x6543a8,
0x49057c,0x59c498,
0x490591,0x6543c0,
0x490596,0x65439c,
0x4905a2,0x65439c,
0x4905ad,0x65439c,
0x4905c1,0x6543c0,
0x4905cb,0x4face0,
0x4905d4,0x6543c0,
0x4905e1,0x654398,
0x4905f3,0x6543b0,
0x490605,0x6543bc,
0x490617,0x654388,
0x490629,0x6543b4,
0x49065a,0x5dd320,
0x4906c2,0x4be7d8,
0x490739,0x5dd320,
0x4907e6,0x4fad24,
0x4907f3,0x4fad20,
0x490804,0x4fad20,
0x49080e,0x4fad24,
0x490819,0x4fad20,
0x490823,0x4fad24,
0x490833,0x5a4588,
0x490838,0x5a45c8,
0x49084e,0x5a4618,
0x49085c,0x5a4588,
0x490873,0x5a4588,
0x490878,0x5a45c8,
0x49088e,0x5a4618,
0x49089c,0x5a4588,
0x4908a1,0x5a45c8,
0x4908a8,0x5a4588,
0x4908ae,0x5a4618,
0x4908c1,0x5a45a8,
0x4908c9,0x5a45ac,
0x4908d8,0x5a4638,
0x4908fd,0x4faddc,
0x49091b,0x5a45c8,
0x490941,0x5a4618,
0x49094c,0x5a45cc,
0x49095a,0x5a461c,
0x490968,0x4fada8,
0x490975,0x5a45c8,
0x49097a,0x4fad58,
0x4909a3,0x4fad6c,
0x4909b3,0x5a4588,
0x4909b8,0x5a45c8,
0x4909be,0x5a4618,
0x4909d1,0x5a45a8,
0x4909d9,0x5a45ac,
0x4909e8,0x5a4638,
0x490a07,0x6435f0,
0x490a0d,0x6435f4,
0x490a13,0x6435f8,
0x490a1d,0x59c578,
0x490a23,0x59c564,
0x490a29,0x59c57c,
0x490a2f,0x59c580,
0x490a3a,0x59c54c,
0x490a44,0x5a4618,
0x490a58,0x59c584,
0x490a61,0x59c554,
0x490a6e,0x59c584,
0x490a77,0x59c554,
0x490a81,0x59c570,
0x490a87,0x6442d4,
0x490a94,0x5dd324,
0x490a9b,0x4be7f8,
0x490aa3,0x4fad24,
0x490aa9,0x6442c0,
0x490aaf,0x4be7fc,
0x490ab5,0x6442cc,
0x490ac5,0x59c560,
0x490acb,0x4fad20,
0x490ad6,0x59c574,
0x490adf,0x6442ec,
0x490aea,0x654380,
0x490af0,0x6442d0,
0x490af6,0x6442c8,
0x490b02,0x6442c4,
0x490b08,0x6442f8,
0x490b14,0x6442c4,
0x490b1a,0x644300,
0x490b2b,0x6442f4,
0x490b31,0x6543ac,
0x490b3b,0x6543a4,
0x490b80,0x6442f8,
0x490b86,0x4faf18,
0x490b90,0x6442e4,
0x490b96,0x59c56c,
0x490b9c,0x59c568,
0x490ba2,0x5a45c0,
0x490bab,0x644300,
0x490bb1,0x4faf18,
0x490bbd,0x6442d8,
0x490bc3,0x6442e8,
0x490bd1,0x6442e0,
0x490bd7,0x6442dc,
0x490bdd,0x6442ec,
0x490bf2,0x6442ec,
0x490bfe,0x5dd320,
0x490c0f,0x5dd320,
0x490c23,0x5dd320,
0x490c36,0x4be80c,
0x490c3c,0x5dd2ec,
0x490c48,0x4be80c,
0x490c4e,0x5dd2ec,
0x490c58,0x6442e0,
0x490c5e,0x6442ec,
0x490c65,0x6442e4,
0x490c7a,0x6442ec,
0x490c86,0x5dd320,
0x490c9a,0x5dd320,
0x490cb4,0x5dd320,
0x490cc1,0x4be80c,
0x490cc7,0x5dd2ec,
0x490cd3,0x4be80c,
0x490cd9,0x5dd2ec,
0x490ce3,0x6442e0,
0x490ce9,0x6442ec,
0x490cee,0x6442e4,
0x490d0d,0x6442ec,
0x490d13,0x5dd320,
0x490d26,0x5dd320,
0x490d3b,0x5dd320,
0x490d4e,0x4be80c,
0x490d54,0x5dd2ec,
0x490d60,0x4be80c,
0x490d66,0x5dd2ec,
0x490d70,0x6442e0,
0x490d75,0x6442e4,
0x490d7b,0x6442ec,
0x490d98,0x6442ec,
0x490d9e,0x5dd320,
0x490db2,0x5dd320,
0x490dc6,0x5dd320,
0x490dd9,0x4be80c,
0x490ddf,0x5dd2ec,
0x490deb,0x4be80c,
0x490df1,0x5dd2ec,
0x490dfa,0x654380,
0x490e0b,0x654380,
0x490e1e,0x59c568,
0x490e25,0x59c568,
0x490e2b,0x654380,
0x490e35,0x654380,
0x490e4c,0x59c568,
0x490e52,0x654380,
0x490e5a,0x59c568,
0x490e63,0x654380,
0x490e7a,0x59c568,
0x490e81,0x59c568,
0x490e87,0x654380,
0x490e91,0x654380,
0x490eac,0x59c568,
0x490eb3,0x59c568,
0x490ee1,0x59c560,
0x490ef3,0x5a4618,
0x490efc,0x6442ec,
0x490f09,0x5dd2ec,
0x490f12,0x4be810,
0x490f18,0x4faf18,
0x490f1e,0x4be818,
0x490f2b,0x4be810,
0x490f30,0x5dd320,
0x490f36,0x4faf18,
0x490f44,0x4be818,
0x490f57,0x5dd2ec,
0x490f64,0x6442ec,
0x490f70,0x654b8b,
0x490f79,0x4922f0,
0x490f7e,0x48e190,
0x490f92,0x4924b0,
0x490f97,0x4923f0,
0x490fb5,0x4be820,
0x490fbb,0x6442c0,
0x491100,0x4be824,
0x491108,0x4be824,
0x491124,0x4be828,
0x491136,0x59c578,
0x491140,0x59c580,
0x491148,0x59c57c,
0x491157,0x4be800,
0x491166,0x59c54c,
0x491176,0x643600,
0x49117c,0x6435fc,
0x491182,0x4be82c,
0x491191,0x4be82c,
0x491197,0x4be830,
0x4911a6,0x4be830,
0x4911b0,0x59c54c,
0x4911ba,0x4be830,
0x4911c9,0x4be830,
0x4911ed,0x5dd320,
0x491217,0x4be818,
0x49122c,0x4be838,
0x491234,0x4be840,
0x49124f,0x4be848,
0x49125b,0x6442f0,
0x49126a,0x644310,
0x491288,0x4be850,
0x491297,0x4be850,
0x4912ab,0x6442f0,
0x4912bf,0x5dd320,
0x491311,0x6442f8,
0x491319,0x644300,
0x491343,0x6442c8,
0x491389,0x6442cc,
0x491397,0x4be818,
0x4913ad,0x4be818,
0x4913cc,0x4be85c,
0x491434,0x4be85c,
0x49147f,0x4be85c,
0x4914cf,0x4be85c,
0x49151e,0x4be85c,
0x491547,0x4be7f8,
0x4915cd,0x644380,
0x4916aa,0x654380,
0x4916c1,0x654380,
0x4916d6,0x59c568,
0x4916de,0x59c568,
0x49179c,0x5a45c0,
0x4917a4,0x5a45c0,
0x4917cf,0x59c560,
0x4917db,0x59c560,
0x4917e0,0x59c574,
0x4917ee,0x59c574,
0x4917f9,0x59c574,
0x491817,0x5dd320,
0x491821,0x654380,
0x491831,0x654380,
0x491839,0x4be818,
0x49184a,0x4be818,
0x49185d,0x5dd320,
0x49186d,0x4be818,
0x49189a,0x59c56c,
0x4918a1,0x59c56c,
0x4918b1,0x654380,
0x4918bf,0x654380,
0x4918d9,0x59c568,
0x4918e0,0x59c568,
0x491908,0x5dd320,
0x491928,0x4be818,
0x49193b,0x4be818,
0x49194a,0x6442ec,
0x491961,0x6442ec,
0x491967,0x5dd320,
0x49197c,0x5dd320,
0x491992,0x5dd320,
0x4919a7,0x4be80c,
0x4919ad,0x5dd2ec,
0x4919ba,0x4be80c,
0x4919c0,0x5dd2ec,
0x4919c9,0x654380,
0x4919d5,0x654380,
0x4919ea,0x59c568,
0x4919f1,0x59c568,
0x4919fd,0x654380,
0x491a06,0x654380,
0x491a19,0x59c568,
0x491a21,0x59c568,
0x491a37,0x6442d4,
0x491a3d,0x59c560,
0x491a5d,0x6435f4,
0x491a67,0x6435f8,
0x491a77,0x6435f0,
0x491a81,0x6435f0,
0x491a92,0x6435f8,
0x491aa1,0x6435f8,
0x491aa9,0x6435f0,
0x491ab1,0x6435f4,
0x491abd,0x6435f4,
0x491acf,0x59c578,
0x491ae5,0x59c57c,
0x491aea,0x59c580,
0x491c7e,0x6442ec,
0x491c84,0x5dd320,
0x491c8c,0x6442ec,
0x491c97,0x5dd2ec,
0x491cb7,0x5dd2ec,
0x491ccb,0x4be838,
0x491cda,0x5dd320,
0x491ce0,0x4be838,
0x491cf0,0x5dd320,
0x491cfa,0x4be838,
0x491d09,0x5dd2ec,
0x491d0f,0x4be838,
0x491d1e,0x5dd2ec,
0x491d2a,0x4be838,
0x491d3b,0x5dd320,
0x491d4d,0x5dd320,
0x491d59,0x4be830,
0x491d90,0x4be830,
0x491e22,0x5dd320,
0x491e77,0x5dd320,
0x491eb6,0x4be800,
0x491edd,0x4be800,
0x491ef6,0x59c578,
0x491f02,0x59c57c,
0x491f0a,0x59c580,
0x491f1a,0x4be800,
0x491f26,0x59c54c,
0x491f38,0x643600,
0x491f3e,0x6435fc,
0x491f44,0x4be82c,
0x491f53,0x4be82c,
0x491f59,0x4be830,
0x491f68,0x4be830,
0x491f72,0x59c54c,
0x491f7c,0x4be830,
0x491f8b,0x4be830,
0x491f9d,0x59c578,
0x491fa9,0x59c57c,
0x491fb1,0x59c580,
0x491fc1,0x4be800,
0x491fd0,0x59c54c,
0x491fdc,0x643600,
0x491fe2,0x6435fc,
0x491fe8,0x4be82c,
0x491ff7,0x4be82c,
0x491ffd,0x4be830,
0x49200c,0x4be830,
0x492016,0x59c54c,
0x492020,0x4be830,
0x49202f,0x4be830,
0x49203b,0x4be860,
0x492043,0x4be860,
0x492049,0x4fa48c,
0x492051,0x4fa48c,
0x492059,0x4faf18,
0x492061,0x4faf18,
0x4920ca,0x5dd320,
0x492150,0x4be800,
0x492160,0x5a4618,
0x492179,0x59c580,
0x492186,0x59c57c,
0x49218e,0x59c578,
0x49219e,0x4be800,
0x4921ab,0x59c54c,
0x4921bd,0x643600,
0x4921c3,0x6435fc,
0x4921c9,0x4be82c,
0x4921d8,0x4be82c,
0x4921de,0x4be830,
0x4921ed,0x4be830,
0x4921f7,0x59c54c,
0x492201,0x4be830,
0x492210,0x4be830,
0x492328,0x5dd320,
0x492349,0x5a4618,
0x492355,0x5dd2ec,
0x49238d,0x4be800,
0x4923a7,0x6442d4,
0x4923b3,0x4f9538,
0x4923ca,0x59c584,
0x492407,0x4be80c,
0x49240d,0x59c55c,
0x492425,0x4be80c,
0x49242b,0x59c550,
0x492436,0x59c570,
0x49243b,0x59c548,
0x492443,0x59c554,
0x492449,0x59c548,
0x49244f,0x6442d4,
0x49248f,0x5a4588,
0x49249e,0x59c558,
0x4924cd,0x59c558,
0x4924d6,0x59c548,
0x4924f9,0x5dd320,
0x49251a,0x5dd2ec,
0x492523,0x59c55c,
0x49252b,0x5dd2ec,
0x492535,0x59c550,
0x49253e,0x5a4618,
0x492548,0x5dd2ec,
0x492582,0x4be800,
0x49259f,0x6442d4,
0x4925ab,0x4f9538,
0x4925e2,0x644200,
0x492636,0x4be85c,
0x49264e,0x4be85c,
0x492667,0x4be85c,
0x492690,0x644200,
0x49269a,0x644200,
0x4926ad,0x644200,
0x4926c1,0x644200,
0x4926ce,0x4fae0c,
0x4926e4,0x644200,
0x4926f2,0x6442c4,
0x4926fd,0x4faf18,
0x492707,0x6442c4,
0x49271b,0x4faf18,
0x49275c,0x644380,
0x49277a,0x644220,
0x49278a,0x644224,
0x49279a,0x644228,
0x4927aa,0x644230,
0x4927b5,0x6442c4,
0x4927ca,0x4faf18,
0x4927d4,0x6442c4,
0x4927e4,0x4faf18,
0x49280c,0x6442c4,
0x492816,0x4faf18,
0x492820,0x6442c4,
0x492834,0x4faf18,
0x492875,0x644380,
0x492a06,0x4be878,
0x492a1e,0x6442c4,
0x492a26,0x6442c4,
0x492a2f,0x4be850,
0x492a3e,0x4faf18,
0x492a4d,0x4faf18,
0x492ac8,0x6442c4,
0x492ace,0x6442c4,
0x492ae0,0x4be850,
0x492ae6,0x4faf18,
0x492aec,0x4faf18,
0x492b8b,0x4faf18,
0x492b98,0x4faf18,
0x492c02,0x6442c4,
0x492c2e,0x4faf18,
0x492c34,0x4faf18,
0x492ccb,0x6442e0,
0x492cd3,0x6442e4,
0x492cf4,0x6442e8,
0x492d3e,0x4be880,
0x492da3,0x4be888,
0x492de6,0x4be850,
0x492e28,0x4be890,
0x492ebd,0x4be850,
0x492ed8,0x4be868,
0x492ee2,0x4be870,
0x492f46,0x4be850,
0x492f4c,0x4be850,
0x492f7b,0x4be830,
0x492fa5,0x644308,
0x493017,0x644318,
0x49301d,0x4be850,
0x493061,0x6442f0,
0x49308c,0x4fad24,
0x493096,0x4fad20,
0x4930a7,0x4fad20,
0x4930b1,0x4fad24,
0x4930bd,0x4fad20,
0x4930c7,0x4fad24,
0x4930d1,0x4be830,
0x4930e2,0x6442c0,
0x4930e8,0x6442d0,
0x4930f2,0x59c588,
0x4930f7,0x644380,
0x4930fd,0x6442c4,
0x49312b,0x644380,
0x4931a0,0x644380,
0x4931c5,0x6442c4,
0x4931da,0x4faf18,
0x4931e4,0x6442c4,
0x4931f4,0x4faf18,
0x493249,0x6442c4,
0x49325b,0x6442c4,
0x4932dd,0x644380,
0x493331,0x644380,
0x493383,0x644380,
0x4933ea,0x644380,
0x493440,0x644380,
0x493497,0x644380,
0x4934b9,0x6442c4,
0x4934bf,0x4be8a8,
0x4934e6,0x4be8ac,
0x493558,0x6442c4,
0x49356c,0x4faf18,
0x493575,0x6442c4,
0x493583,0x4faf18,
0x49359f,0x4be8a0,
0x4935cf,0x6442c4,
0x4935de,0x6442c4,
0x49364e,0x644380,
0x4936a1,0x644380,
0x4936f4,0x644380,
0x493739,0x644380,
0x4937ab,0x4be8a8,
0x4937ca,0x6442c0,
0x4937d0,0x6442d4,
0x4937dd,0x4faed8,
0x49383b,0x6442ec,
0x493846,0x5dd320,
0x4938d9,0x4be8a8,
0x4938e1,0x6543ac,
0x4938ec,0x6442f4,
0x4938f5,0x4be8b8,
0x4938fb,0x4be8b0,
0x493901,0x6543a4,
0x49391a,0x5a4768,
0x493928,0x5a4628,
0x493943,0x4fae18,
0x49397b,0x5a4768,
0x493988,0x5a4620,
0x493993,0x5a4768,
0x4939b3,0x4fae58,
0x4939f8,0x4faeb8,
0x4939ff,0x4bc234,
0x493a15,0x4bc16c,
0x493a3e,0x4f4bb4,
0x493ac1,0x4faeb0,
0x493ac8,0x4bc234,
0x493ae1,0x4bc16c,
0x493af3,0x4bc118,
0x493afd,0x4faea4,
0x493b0d,0x4faea4,
0x493b14,0x4bc114,
0x493b22,0x4faea4,
0x493b29,0x4faea4,
0x493b2f,0x4faea8,
0x493b35,0x4faeac,
0x493b5d,0x5a6068,
0x493b68,0x5a606c,
0x493b75,0x5a6070,
0x493b84,0x4fae90,
0x493b9f,0x5a4620,
0x493ba8,0x5a6070,
0x493bad,0x5a4628,
0x493bd8,0x654b87,
0x493bf1,0x5a4768,
0x493c07,0x5a4628,
0x493c11,0x5a6068,
0x493c23,0x4faea4,
0x493c29,0x4bc118,
0x493c2e,0x4faea4,
0x493c34,0x4bc0f0,
0x493c70,0x4be8c0,
0x493c87,0x655180,
0x493c95,0x655200,
0x493daf,0x4faed8,
0x493e0f,0x4faed8,
0x493e75,0x4faed8,
0x493e88,0x4faed8,
0x493f20,0x4faed8,
0x49401f,0x4be8c8,
0x494038,0x4be8d0,
0x494044,0x4faed8,
0x494132,0x4be8d8,
0x49413f,0x4be8d8,
0x494147,0x4be8d8,
0x4941f8,0x4be8e0,
0x494216,0x4be8e8,
0x494234,0x4be8e8,
0x4942fd,0x4be8ec,
0x49430a,0x4be8d8,
0x494310,0x4be8f0,
0x494338,0x4be8f0,
0x4943a6,0x4faec8,
0x4943be,0x4be8d8,
0x4943c4,0x4faec8,
0x4943e5,0x4be8f0,
0x4943ef,0x4be8f0,
0x494469,0x4be8f0,
0x4944ff,0x4be8d8,
0x494505,0x4be8f4,
0x494516,0x4be8e8,
0x49451f,0x4be8f4,
0x494532,0x4be8e8,
0x494551,0x4be8e8,
0x494567,0x4be8e8,
0x4945aa,0x4be8e8,
0x4945f8,0x4be8e8,
0x49460a,0x4be8f8,
0x494624,0x4be8f8,
0x4946a6,0x4be8e8,
0x4946ae,0x4be8f4,
0x4946bd,0x4be900,
0x49491d,0x4be908,
0x49494b,0x4be8ec,
0x495025,0x655180,
0x495048,0x4faf28,
0x495050,0x4faf20,
0x495058,0x4faf30,
0x495062,0x5dd2a8,
0x49507d,0x504be8,
0x49508b,0x608bc0,
0x49509a,0x5a60b8,
0x4950a4,0x5a60b8,
0x4950b2,0x654b80,
0x4950b8,0x504c10,
0x4950bd,0x5a60c0,
0x4950c2,0x5a60bc,
0x4950cd,0x4fc0b8,
0x4950d1,0x4fbf70,
0x4950d8,0x4fc0bc,
0x4950de,0x4fcec0,
0x4950e2,0x4fc440,
0x4950ea,0x654b98,
0x4950f3,0x5dd2f4,
0x4950fd,0x4fc458,
0x495101,0x4fc220,
0x495106,0x4fc45c,
0x49510e,0x4fc458,
0x495112,0x4fc350,
0x495118,0x4fc45c,
0x495121,0x495170,
0x495126,0x4fc0a0,
0x49513c,0x654b40,
0x495141,0x654ba0,
0x49517f,0x5a60c0,
0x495184,0x654b80,
0x49518d,0x5a60c0,
0x495193,0x654b80,
0x49519e,0x5dcec0,
0x4951a3,0x5dd360,
0x4951a9,0x5dd2cc,
0x4951b5,0x4f8c6c,
0x4951f1,0x4edf28,
0x4951f6,0x4fd7dc,
0x4951fc,0x4bc23c,
0x49520f,0x654b40,
0x495215,0x4bc1ec,
0x49521f,0x4bc264,
0x495228,0x654b98,
0x495231,0x535f78,
0x49523b,0x654b90,
0x495249,0x654b92,
0x49525e,0x654b93,
0x49527b,0x5a60c0,
0x495282,0x5a60bc,
0x4952b2,0x654b20,
0x4952bc,0x654a34,
0x4952cb,0x654a24,
0x4952d9,0x654a34,
0x4952e2,0x654a6c,
0x4952ec,0x654a68,
0x4952f2,0x4bc038,
0x495302,0x654a68,
0x49530b,0x654aa0,
0x495318,0x654ad4,
0x49532a,0x654b08,
0x495334,0x4bc068,
0x49533e,0x654b08,
0x495344,0x4bc040,
0x495352,0x654b08,
0x49535b,0x654a38,
0x495368,0x4fd7e8,
0x495375,0x654a4c,
0x495381,0x654a54,
0x49538d,0x654a58,
0x495399,0x654a5c,
0x4953a5,0x654a60,
0x4953b1,0x654a64,
0x4953c4,0x654a20,
0x4953cf,0x654b20,
0x4953eb,0x5a60c4,
0x4953f4,0x4fb138,
0x495418,0x4fb798,
0x49543d,0x5a60c4,
0x495446,0x5a60c8,
0x49544c,0x6562c0,
0x495456,0x4bc20c,
0x495464,0x6562c0,
0x49546a,0x5a60c8,
0x495481,0x4fc0c4,
0x495487,0x4fc1ac,
0x49548d,0x4fc464,
0x495493,0x4fc71c,
0x495499,0x4fcb5c,
0x49549f,0x4fcd5c,
0x4954a5,0x4fcee4,
0x4954ab,0x654b0c,
0x4954b0,0x5dcec0,
0x4954b6,0x5dd2d0,
0x4954c0,0x4bc034,
0x4954c7,0x654b08,
0x4954cf,0x5dcfa8,
0x4954da,0x5dcec0,
0x4954e0,0x5dd2c4,
0x4954e5,0x654b08,
0x4954f5,0x4fb018,
0x49550d,0x654a4c,
0x49551a,0x4fb040,
0x495532,0x654a54,
0x49553f,0x4fb068,
0x495557,0x654a58,
0x495564,0x4fb090,
0x49557c,0x654a5c,
0x495589,0x4fb0b8,
0x4955a1,0x654a60,
0x4955ae,0x4fb0e0,
0x4955c6,0x654a64,
0x4955d3,0x4fb108,
0x4955eb,0x654a50,
0x4955fc,0x4fd7e8,
0x495609,0x654a38,
0x49563a,0x654ad4,
0x495644,0x654ae8,
0x49564d,0x4fd830,
0x495654,0x654b80,
0x49565a,0x654c00,
0x49565e,0x4fb790,
0x495668,0x654c00,
0x49566c,0x4fb130,
0x495682,0x4fd820,
0x495692,0x5dcec0,
0x495697,0x654b18,
0x49569d,0x5dd2d4,
0x4956b0,0x4fd7f0,
0x4956c2,0x5dcec0,
0x4956c8,0x5dd2d4,
0x4956f7,0x654a34,
0x495700,0x654a24,
0x49570e,0x654a34,
0x495713,0x654a6c,
0x49571d,0x654a68,
0x49572b,0x4bc038,
0x495731,0x654a68,
0x495736,0x654aa0,
0x49574c,0x654a20,
0x49575c,0x654a24,
0x495769,0x654a24,
0x49577d,0x654a34,
0x495784,0x654a24,
0x495789,0x4fd8a4,
0x495793,0x4fc0a0,
0x4957a5,0x654b18,
0x4957e1,0x654a6c,
0x4957ec,0x654a80,
0x4957f3,0x4fd87c,
0x495811,0x654a34,
0x495816,0x654a68,
0x495826,0x654a34,
0x495838,0x654a34,
0x49583d,0x5dcee8,
0x495843,0x5dcee0,
0x49584c,0x5dcee4,
0x49585a,0x5dcedc,
0x49586c,0x654a40,
0x49587c,0x654a3c,
0x495886,0x654a44,
0x495891,0x654b08,
0x495897,0x654a48,
0x4958b6,0x654aa0,
0x4958c0,0x654a68,
0x4958c9,0x4fd860,
0x495906,0x5dcec0,
0x49590c,0x5dd2e8,
0x495921,0x5a6154,
0x495927,0x654b1c,
0x49597f,0x504c10,
0x495989,0x654b98,
0x495992,0x5dd2f4,
0x49599b,0x4fc440,
0x4959a1,0x4fc458,
0x4959a5,0x4fc220,
0x4959ab,0x4fc45c,
0x4959c2,0x4fc440,
0x4959c8,0x4fc458,
0x4959cc,0x4fc350,
0x4959d1,0x4fc45c,
0x4959f8,0x4fc6f8,
0x495a18,0x4fcb38,
0x495a38,0x4fcd38,
0x495ac1,0x5367f9,
0x495adc,0x654b18,
0x495aff,0x654b18,
0x495b18,0x4fcec0,
0x495b1e,0x4fcdd8,
0x495b22,0x496810,
0x495b48,0x4fcec0,
0x495b4e,0x4fcdd8,
0x495b52,0x496830,
0x495b82,0x654bf8,
0x495b87,0x654b98,
0x495b97,0x654b98,
0x495ba9,0x654b98,
0x495bc2,0x654b98,
0x495bd6,0x654b98,
0x495c02,0x654bf8,
0x495c07,0x654b98,
0x495c1b,0x654b98,
0x495c25,0x4fc458,
0x495c29,0x4fc350,
0x495c2e,0x654b98,
0x495c34,0x4fc45c,
0x495c46,0x4fc458,
0x495c4a,0x4fc220,
0x495c4f,0x654b98,
0x495c55,0x4fc45c,
0x495c65,0x654b98,
0x495c92,0x654bf8,
0x495c97,0x654b98,
0x495cab,0x654b98,
0x495cb4,0x654b98,
0x495cc1,0x654b98,
0x495ccd,0x654b98,
0x495d02,0x654bf8,
0x495d07,0x654b98,
0x495d1b,0x654b98,
0x495d24,0x654b98,
0x495d31,0x654b98,
0x495d3d,0x654b98,
0x495d72,0x654bf8,
0x495d77,0x654b98,
0x495d8b,0x654b98,
0x495d94,0x654b98,
0x495da1,0x654b98,
0x495dad,0x654b98,
0x495de2,0x654bf8,
0x495de7,0x654b98,
0x495dfb,0x654b98,
0x495e04,0x654b98,
0x495e11,0x654b98,
0x495e1d,0x654b98,
0x495e4f,0x495ea4,
0x495e55,0x654b9c,
0x495e7a,0x654b9c,
0x495e81,0x654b9c,
0x495e8c,0x654bfc,
0x495e92,0x654bfc,
0x495e97,0x654b9c,
0x495ea4,0x495e53,
0x495ea8,0x495e6c,
0x495eac,0x495e7f,
0x495eb0,0x495e91,
0x495ed6,0x495fa0,
0x495edb,0x5a60c0,
0x495f11,0x495fc0,
0x495f61,0x4f9e08,
0x495f7a,0x5a60c0,
0x495f7f,0x654be0,
0x495f8d,0x654be0,
0x495f92,0x5a60c0,
0x495fa0,0x495ef4,
0x495fa4,0x495ef4,
0x495fa8,0x495f96,
0x495fac,0x495f96,
0x495fb0,0x495eda,
0x495fb4,0x495f96,
0x495fb8,0x495f72,
0x495fbc,0x495f8c,
0x495fc0,0x495f15,
0x495fc4,0x495f34,
0x495fc8,0x495f15,
0x495fcc,0x495f34,
0x495fe3,0x496100,
0x495fe9,0x654b8c,
0x496012,0x654b8c,
0x49602d,0x504be8,
0x49603b,0x608bc0,
0x496043,0x4c2730,
0x496051,0x608bb4,
0x49605d,0x4c2730,
0x49606f,0x5dcec0,
0x496075,0x5dd2e8,
0x496084,0x654bec,
0x496093,0x654b8c,
0x4960aa,0x504be8,
0x4960b8,0x608bc0,
0x4960c6,0x654b8c,
0x4960cb,0x654bec,
0x4960da,0x504be8,
0x4960e8,0x608bc0,
0x496100,0x495fe7,
0x496104,0x496000,
0x496108,0x4960c5,
0x49610c,0x496082,
0x49611f,0x496178,
0x49612b,0x654b8a,
0x496146,0x654b8a,
0x49614d,0x654b8a,
0x496155,0x654bea,
0x496168,0x654bea,
0x49616d,0x654b8a,
0x496178,0x496123,
0x49617c,0x496138,
0x496180,0x49614b,
0x496184,0x496167,
0x49619f,0x4961fc,
0x4961ab,0x654b8d,
0x4961c6,0x654b8d,
0x4961cd,0x654b8d,
0x4961d5,0x654bed,
0x4961ed,0x654bed,
0x4961f2,0x654b8d,
0x4961fc,0x4961a3,
0x496200,0x4961b8,
0x496204,0x4961cb,
0x496208,0x4961ec,
0x49621f,0x496290,
0x49622e,0x654b81,
0x49623b,0x654b81,
0x496260,0x654b81,
0x49626c,0x654b81,
0x496277,0x654be1,
0x49627e,0x654be1,
0x496284,0x654b81,
0x496290,0x496223,
0x496294,0x496248,
0x496298,0x49626a,
0x49629c,0x49627c,
0x4962af,0x496320,
0x4962be,0x654b8f,
0x4962cb,0x654b8f,
0x4962f0,0x654b8f,
0x4962fc,0x654b8f,
0x496307,0x654bef,
0x49630e,0x654bef,
0x496314,0x654b8f,
0x496320,0x4962b3,
0x496324,0x4962d8,
0x496328,0x4962fa,
0x49632c,0x49630c,
0x49633f,0x496390,
0x49634b,0x654b8e,
0x496366,0x654b8e,
0x49636d,0x654b8e,
0x496378,0x654bee,
0x49637e,0x654bee,
0x496383,0x654b8e,
0x496390,0x496343,
0x496394,0x496358,
0x496398,0x49636b,
0x49639c,0x49637d,
0x4963af,0x496404,
0x4963bb,0x654b89,
0x4963d6,0x654b89,
0x4963dd,0x654be5,
0x4963e8,0x654b89,
0x4963ee,0x654b85,
0x4963f3,0x654be9,
0x496404,0x4963b3,
0x496408,0x4963c8,
0x49640c,0x4963ed,
0x496410,0x4963db,
0x49642f,0x4964a4,
0x49643e,0x654b8b,
0x49644b,0x654b8b,
0x496470,0x654b8b,
0x49647c,0x654b8b,
0x496482,0x654beb,
0x496493,0x654beb,
0x496499,0x654b8b,
0x4964a4,0x496433,
0x4964a8,0x496458,
0x4964ac,0x49647a,
0x4964b0,0x496491,
0x4964cf,0x496528,
0x4964db,0x654b87,
0x4964f6,0x654b87,
0x4964fc,0x654b87,
0x496505,0x654be7,
0x496519,0x654be7,
0x49651e,0x654b87,
0x496528,0x4964d3,
0x49652c,0x4964e8,
0x496530,0x4964fb,
0x496534,0x496518,
0x496552,0x654be2,
0x496557,0x654b82,
0x49656f,0x654b82,
0x49657b,0x654b82,
0x49659f,0x4965f0,
0x4965ab,0x654b86,
0x4965c6,0x654b86,
0x4965cd,0x654be6,
0x4965d8,0x654b86,
0x4965de,0x654b86,
0x4965e3,0x654be6,
0x4965f0,0x4965a3,
0x4965f4,0x4965b8,
0x4965f8,0x4965dd,
0x4965fc,0x4965cb,
0x49660f,0x49667c,
0x496615,0x654b90,
0x496637,0x654b90,
0x49664b,0x654bf0,
0x496657,0x654b90,
0x49666a,0x654b90,
0x49666f,0x654bf0,
0x49667c,0x496613,
0x496680,0x49662c,
0x496684,0x496669,
0x496688,0x496649,
0x49669f,0x496708,
0x4966ab,0x654b91,
0x4966c3,0x654b91,
0x4966d7,0x654bf1,
0x4966e3,0x654b91,
0x4966f6,0x654b91,
0x4966fb,0x654bf1,
0x496708,0x4966a3,
0x49670c,0x4966b8,
0x496710,0x4966f5,
0x496714,0x4966d5,
0x49672f,0x496798,
0x49673b,0x654b92,
0x496753,0x654b92,
0x496767,0x654bf2,
0x496773,0x654b92,
0x496786,0x654b92,
0x49678b,0x654bf2,
0x496798,0x496733,
0x49679c,0x496748,
0x4967a0,0x496785,
0x4967a4,0x496765,
0x4967c2,0x654bf3,
0x4967c7,0x654b93,
0x4967da,0x654b93,
0x4967e3,0x654bf3,
0x4967f4,0x654b93,
0x49681f,0x654b18,
0x49683f,0x654b18,
0x496858,0x654a20,
0x496876,0x654a20,
0x496883,0x654aa0,
0x496893,0x4bc068,
0x496899,0x4bc040,
0x49689f,0x654b08,
0x4968a8,0x654a68,
0x4968ae,0x654b08,
0x4968bb,0x654b08,
0x4968c2,0x4bc090,
0x4968c8,0x654b08,
0x4968d4,0x4bc06c,
0x4968da,0x654b08,
0x4968e6,0x4bc070,
0x4968eb,0x654b08,
0x4968f4,0x4bc048,
0x4968f9,0x654a20,
0x496909,0x6562c4,
0x496933,0x4fd8c0,
0x49693a,0x4bc234,
0x49693f,0x654a50,
0x496945,0x654b08,
0x496952,0x654b80,
0x496969,0x654b08,
0x49697c,0x4bc02c,
0x496991,0x654c00,
0x4969b5,0x654c00,
0x4969d8,0x654a20,
0x4969fb,0x4bc040,
0x496a01,0x4bc044,
0x496a06,0x5a6154,
0x496a0f,0x5dcec0,
0x496a15,0x5a6154,
0x496a1f,0x5dd2e8,
0x496a27,0x5dcec0,
0x496a2d,0x5dd2bc,
0x496a39,0x654a40,
0x496a3f,0x654a3c,
0x496a48,0x654a6c,
0x496a4d,0x5dcec0,
0x496a58,0x654a40,
0x496a5d,0x654a3c,
0x496a69,0x654aa0,
0x496a6e,0x5dcec0,
0x496a7b,0x5dcec0,
0x496a81,0x5dd2c0,
0x496a8e,0x654b08,
0x496a97,0x5dcec0,
0x496a9d,0x5dd2e0,
0x496ad8,0x654a54,
0x496adf,0x654a4c,
0x496af6,0x654a60,
0x496b26,0x654a5c,
0x496b2d,0x654a58,
0x496b34,0x654a64,
0x496b3e,0x654b08,
0x496b45,0x4bc040,
0x496b73,0x654a38,
0x496b8e,0x654b08,
0x496b95,0x4bc050,
0x496baa,0x654b80,
0x496bfe,0x654b08,
0x496c0c,0x4bc054,
0x496c2d,0x654b08,
0x496c86,0x654b80,
0x496c8f,0x654a38,
0x496cb6,0x654ad4,
0x496cbb,0x654aa0,
0x496cf8,0x4fd8d0,
0x496d03,0x4bc234,
0x496d0d,0x4bc2a8,
0x496d12,0x4fd8cc,
0x496d2e,0x654b80,
0x496d69,0x654ad4,
0x496d6e,0x654aa0,
0x496db1,0x654b08,
0x496dbf,0x4bc054,
0x496df2,0x654b08,
0x496dfc,0x4bc02c,
0x496e13,0x654b1c,
0x496e2d,0x5367c8,
0x496e79,0x5367c8,
0x496e8a,0x536812,
0x496e91,0x536815,
0x496eb0,0x654a20,
0x496ed0,0x4970b4,
0x496ed7,0x4970a0,
0x496ee9,0x497a30,
0x496f09,0x4970c0,
0x496f7f,0x4970d0,
0x497007,0x4979a0,
0x497075,0x4970e0,
0x4970a0,0x496ef2,
0x4970a4,0x496f36,
0x4970a8,0x496ff6,
0x4970ac,0x496edb,
0x4970b0,0x497014,
0x4970c0,0x496f0d,
0x4970c4,0x496f16,
0x4970c8,0x496f0d,
0x4970cc,0x496f16,
0x4970d0,0x496f83,
0x4970d4,0x496fbb,
0x4970d8,0x496f83,
0x4970dc,0x496fbb,
0x4970e0,0x497094,
0x4970e4,0x497079,
0x4970e8,0x497080,
0x4970ec,0x49708a,
0x4970ff,0x654b40,
0x497104,0x5dce80,
0x497110,0x654b40,
0x497124,0x4bc23c,
0x49712a,0x654b80,
0x49713b,0x654b84,
0x497140,0x4c2098,
0x497148,0x4fd7dc,
0x49714e,0x654b88,
0x497157,0x654b90,
0x49715e,0x654b8c,
0x497164,0x654b91,
0x49716b,0x654b92,
0x497172,0x654b93,
0x497179,0x654b94,
0x49717f,0x654b95,
0x497188,0x4bc264,
0x49719a,0x654b40,
0x4971a0,0x4bc268,
0x4971ae,0x654b80,
0x4971c1,0x4f9e08,
0x4971cc,0x4f9e24,
0x4971d9,0x4f9ee8,
0x4971e3,0x654b80,
0x4971f1,0x504be8,
0x4971fb,0x654b81,
0x497201,0x654b8f,
0x497207,0x654b8b,
0x49720c,0x4fcf58,
0x497215,0x4edf28,
0x49721a,0x4fd7dc,
0x49722e,0x654b40,
0x497234,0x4bc1ec,
0x497243,0x654b98,
0x49724c,0x535f78,
0x497254,0x654b93,
0x497271,0x4fcf58,
0x497292,0x4edf28,
0x497297,0x4fd7dc,
0x49729d,0x4bc23c,
0x4972b0,0x654b40,
0x4972b6,0x4bc1ec,
0x4972c0,0x4bc264,
0x4972e1,0x5dd360,
0x4972ef,0x654a20,
0x49730e,0x4f9f20,
0x497318,0x504bf8,
0x49732c,0x4f9e14,
0x497336,0x4f9e1c,
0x497349,0x4f9e18,
0x497353,0x4f9e20,
0x49736e,0x654a3c,
0x49737c,0x654a44,
0x497387,0x654a40,
0x497395,0x654a48,
0x49741d,0x654b80,
0x4974f1,0x654b1c,
0x497518,0x654b1c,
0x497525,0x654a20,
0x4975f5,0x654b1c,
0x497606,0x654a20,
0x49762a,0x654b1c,
0x497648,0x654b98,
0x49764d,0x4fc0a0,
0x497652,0x654bf8,
0x49767a,0x4fc6f8,
0x49768d,0x654a20,
0x4976ae,0x654b98,
0x4976b7,0x4edf28,
0x4976bc,0x4fd7dc,
0x4976c2,0x654b98,
0x4976c8,0x4bc23c,
0x4976dd,0x654b40,
0x4976e3,0x4bc1ec,
0x4976ed,0x4bc264,
0x4976f5,0x4bc2a8,
0x4976fb,0x535f78,
0x497700,0x4fd8d8,
0x49770e,0x4fd360,
0x497719,0x4fd360,
0x49771e,0x4fd348,
0x497727,0x4fd360,
0x497730,0x4fd360,
0x497739,0x4fd368,
0x497761,0x5a60b8,
0x49776b,0x5a60b8,
0x497779,0x504c10,
0x497783,0x654b98,
0x49778b,0x5dd2f4,
0x497795,0x4fd360,
0x497799,0x4fd0b0,
0x49779f,0x4fd364,
0x4977ab,0x4fd360,
0x4977af,0x4fd218,
0x4977b5,0x4fd364,
0x4977bf,0x4fcec0,
0x4977c3,0x4fd348,
0x4977d9,0x4bc2a8,
0x4977e3,0x4fd920,
0x4977ef,0x4fd360,
0x4977fa,0x4bc2a8,
0x4977ff,0x4fd904,
0x49780d,0x4fd360,
0x497818,0x4fd360,
0x497825,0x4fd360,
0x49782c,0x4976a0,
0x497832,0x4fd368,
0x497843,0x4fd360,
0x49784b,0x4fd360,
0x497858,0x4fd360,
0x497865,0x4fd360,
0x497872,0x4fd368,
0x49787b,0x4978b0,
0x497880,0x4fd348,
0x4978e8,0x654a20,
0x4978ee,0x654b20,
0x497918,0x654a20,
0x49791e,0x654b20,
0x497948,0x4fc0a0,
0x49796a,0x654a20,
0x497981,0x654a20,
0x4979a7,0x654a20,
0x4979e8,0x4fcb38,
0x4979ee,0x654b20,
0x4979fa,0x4fc6f8,
0x497a02,0x654b98,
0x497a0a,0x4fd018,
0x497a1b,0x654a20,
0x497a36,0x654a20,
0x497a7b,0x654a20,
0x497a81,0x654b20,
0x497acd,0x654b80,
0x497ad6,0x654b84,
0x497adf,0x654b88,
0x497ae5,0x5a60bc,
0x497aed,0x654b80,
0x497af3,0x654b8c,
0x497af9,0x654a20,
0x497aff,0x5a60c0,
0x497b05,0x654b80,
0x497b21,0x4bc2a8,
0x497b26,0x4fdd98,
0x497b34,0x4bc2a8,
0x497b3c,0x4fbe0c,
0x497b43,0x4fdd88,
0x497b4f,0x4bc2a8,
0x497b57,0x4fbe48,
0x497b5e,0x4fdd78,
0x497b69,0x4fbe84,
0x497b6e,0x4bc2a8,
0x497b78,0x4fdd68,
0x497b84,0x4bc2a8,
0x497b8c,0x4fbec0,
0x497b93,0x4fdd58,
0x497b9f,0x4bc2a8,
0x497ba7,0x4fbefc,
0x497bae,0x4fdd50,
0x497bb9,0x4fbf38,
0x497bbe,0x4bc2a8,
0x497bc8,0x4fdd88,
0x497bd4,0x4bc2a8,
0x497bdc,0x4fbf74,
0x497be3,0x4fdd78,
0x497bef,0x4bc2a8,
0x497bf7,0x4fbfb0,
0x497bfe,0x4fdd68,
0x497c09,0x4fbfec,
0x497c0e,0x4bc2a8,
0x497c18,0x4fdd58,
0x497c24,0x4bc2a8,
0x497c2c,0x4fc028,
0x497c33,0x4fdd50,
0x497c3f,0x4bc2a8,
0x497c47,0x4fc064,
0x497c4e,0x4fdd48,
0x497c59,0x4fc224,
0x497c5e,0x4bc2a8,
0x497c68,0x4fdd3c,
0x497c74,0x4bc2a8,
0x497c7c,0x4fc260,
0x497c83,0x4fdd88,
0x497c8f,0x4bc2a8,
0x497c97,0x4fc29c,
0x497c9e,0x4fdd30,
0x497ca9,0x4fc2d8,
0x497cae,0x4bc2a8,
0x497cb8,0x4fdd28,
0x497cc4,0x4bc2a8,
0x497ccc,0x4fc314,
0x497cd3,0x4fdd48,
0x497cdf,0x4bc2a8,
0x497ce7,0x4fc354,
0x497cee,0x4fdd88,
0x497cf9,0x4fc390,
0x497cfe,0x4bc2a8,
0x497d08,0x4fdd30,
0x497d14,0x4bc2a8,
0x497d1c,0x4fc3cc,
0x497d23,0x4fdd28,
0x497d2f,0x4bc2a8,
0x497d37,0x4fc408,
0x497d3e,0x4fdd18,
0x497d49,0x4fc4dc,
0x497d4e,0x4bc2a8,
0x497d58,0x4fdd08,
0x497d64,0x4bc2a8,
0x497d6c,0x4fc518,
0x497d73,0x4fdcfc,
0x497d81,0x4fc554,
0x497d86,0x4fdcec,
0x497d8c,0x4bc2a8,
0x497d99,0x4fc590,
0x497d9e,0x4bc2a8,
0x497da8,0x4fdcd8,
0x497db4,0x4bc2a8,
0x497dbc,0x4fc5cc,
0x497dc3,0x4fdcc4,
0x497dcf,0x4bc2a8,
0x497dd7,0x4fc608,
0x497dde,0x4fdcb0,
0x497de9,0x4fc644,
0x497dee,0x4bc2a8,
0x497df8,0x4fdca8,
0x497e04,0x4bc2a8,
0x497e0c,0x4fc680,
0x497e13,0x4fdd28,
0x497e1f,0x4bc2a8,
0x497e27,0x4fc6bc,
0x497e2e,0x4fdc94,
0x497e39,0x4fc7b4,
0x497e3e,0x4bc2a8,
0x497e48,0x4fdc80,
0x497e54,0x4bc2a8,
0x497e5c,0x4fc7f0,
0x497e63,0x4fdc6c,
0x497e6f,0x4bc2a8,
0x497e77,0x4fc82c,
0x497e7e,0x4fdc64,
0x497e89,0x4fc868,
0x497e8e,0x4bc2a8,
0x497e98,0x4fdc50,
0x497ea4,0x4bc2a8,
0x497eac,0x4fc8a4,
0x497eb3,0x4fdc3c,
0x497ebf,0x4bc2a8,
0x497ec7,0x4fc8e0,
0x497ece,0x4fdc28,
0x497ed9,0x4fc91c,
0x497ede,0x4bc2a8,
0x497ee8,0x4fdc18,
0x497ef4,0x4bc2a8,
0x497efc,0x4fc958,
0x497f03,0x4fdc08,
0x497f0f,0x4bc2a8,
0x497f17,0x4fc994,
0x497f1e,0x4fdbf8,
0x497f29,0x4fc9d0,
0x497f2e,0x4bc2a8,
0x497f38,0x4fdbe4,
0x497f44,0x4bc2a8,
0x497f4c,0x4fca0c,
0x497f53,0x4fdbd8,
0x497f5f,0x4bc2a8,
0x497f67,0x4fca48,
0x497f6e,0x4fdbd0,
0x497f79,0x4fca84,
0x497f7e,0x4bc2a8,
0x497f88,0x4fdca8,
0x497f94,0x4bc2a8,
0x497f9c,0x4fcac0,
0x497fa3,0x4fdd28,
0x497faf,0x4bc2a8,
0x497fb7,0x4fcafc,
0x497fbe,0x4fdbc4,
0x497fc9,0x4fcbd4,
0x497fce,0x4bc2a8,
0x497fd8,0x4fdbb8,
0x497fe4,0x4bc2a8,
0x497fec,0x4fcc10,
0x497ff1,0x4fdbac,
0x497fff,0x4bc2a8,
0x498007,0x4fcc4c,
0x49800e,0x4fdb98,
0x498019,0x4fcc88,
0x49801e,0x4bc2a8,
0x498028,0x4fdca8,
0x498034,0x4bc2a8,
0x49803c,0x4fccc4,
0x498043,0x4fdd28,
0x49804f,0x4bc2a8,
0x498057,0x4fcd00,
0x49805e,0x4fdb94,
0x498069,0x4fcdd4,
0x49806e,0x4bc2a8,
0x498078,0x4fdb70,
0x498084,0x4bc2a8,
0x49808c,0x4fce10,
0x498092,0x4fce4c,
0x49809d,0x4fdb6c,
0x4980a9,0x4bc2a8,
0x4980b1,0x4fce88,
0x4980b8,0x4fdb0c,
0x4980c3,0x4fcf64,
0x4980c8,0x4bc2a8,
0x4980d2,0x4fdafc,
0x4980de,0x4bc2a8,
0x4980e6,0x4fcfa0,
0x4980ed,0x4fdaec,
0x4980f9,0x4bc2a8,
0x498101,0x4fcfdc,
0x498108,0x4fdd48,
0x498113,0x4fd12c,
0x498118,0x4bc2a8,
0x498122,0x4fdd3c,
0x49812e,0x4bc2a8,
0x498136,0x4fd168,
0x49813d,0x4fdd88,
0x498149,0x4bc2a8,
0x498151,0x4fd1a4,
0x498158,0x4fdd30,
0x498163,0x4fd1e0,
0x498168,0x4bc2a8,
0x498172,0x4fdd48,
0x49817e,0x4bc2a8,
0x498186,0x4fd294,
0x49818d,0x4fdd88,
0x498199,0x4bc2a8,
0x4981a1,0x4fd2d0,
0x4981a8,0x4fdd30,
0x4981b3,0x4fd30c,
0x4981b8,0x4bc2a8,
0x4981c2,0x4fdae8,
0x4981ce,0x4bc2a8,
0x4981d6,0x4fd45c,
0x4981dd,0x4fdae8,
0x4981e9,0x4bc2a8,
0x4981f1,0x4fd514,
0x4981f8,0x4fdd28,
0x498203,0x4fd550,
0x498208,0x4bc2a8,
0x498212,0x4fdb94,
0x49821e,0x4bc2a8,
0x498226,0x4fd660,
0x49822d,0x4fdb6c,
0x49823b,0x4fd69c,
0x498241,0x655120,
0x498245,0x4fdadc,
0x49824b,0x655124,
0x49824f,0x4fdacc,
0x498255,0x655128,
0x498259,0x4fdabc,
0x49825f,0x65512c,
0x498263,0x4fdaac,
0x498269,0x655130,
0x49826d,0x4fdaa4,
0x498273,0x655134,
0x498277,0x4fda94,
0x49827d,0x655138,
0x498281,0x4fda78,
0x498287,0x65513c,
0x49828b,0x4fda68,
0x498291,0x655140,
0x498295,0x4fda58,
0x49829b,0x4bc2a8,
0x4982a1,0x655144,
0x4982a5,0x4fda48,
0x4982ab,0x655148,
0x4982af,0x4fda30,
0x4982b5,0x65514c,
0x4982b9,0x4fda20,
0x4982bf,0x655150,
0x4982c3,0x4fda0c,
0x4982c9,0x655154,
0x4982cd,0x4fd9f8,
0x4982d3,0x655158,
0x4982d7,0x4fd9e0,
0x4982dd,0x65515c,
0x4982e1,0x4fd9d0,
0x4982e7,0x655160,
0x4982eb,0x4fd9b8,
0x4982f2,0x4fd9b0,
0x4982fd,0x5a60d0,
0x498302,0x4bc2a8,
0x49830c,0x4fd9a8,
0x498318,0x4bc2a8,
0x498320,0x5a60d4,
0x498327,0x4fd9a0,
0x498333,0x4bc2a8,
0x49833b,0x5a60d8,
0x498342,0x4fd998,
0x49834d,0x4fc790,
0x498352,0x4bc2a8,
0x49835c,0x4fd990,
0x498368,0x4bc2a8,
0x498370,0x5a60e0,
0x498377,0x4fd988,
0x498383,0x4bc2a8,
0x49838b,0x5a60e4,
0x498392,0x4fd984,
0x49839d,0x5a60e8,
0x4983a2,0x4bc2a8,
0x4983ac,0x4fd8cc,
0x4983b8,0x4bc2a8,
0x4983c0,0x5a60f0,
0x4983c7,0x4fd980,
0x4983d3,0x4bc2a8,
0x4983db,0x5a60f4,
0x4983e2,0x4fd8cc,
0x4983ed,0x5a60f8,
0x4983f2,0x4bc2a8,
0x4983fc,0x4fd980,
0x498408,0x4bc2a8,
0x498410,0x5a60fc,
0x498417,0x4fd8cc,
0x498423,0x4bc2a8,
0x49842b,0x5a6100,
0x498432,0x4fd980,
0x49843d,0x5a6104,
0x498442,0x4bc2a8,
0x49844c,0x4fd97c,
0x498458,0x4bc2a8,
0x498460,0x5a6108,
0x498467,0x4fd974,
0x498473,0x4bc2a8,
0x49847b,0x5a610c,
0x498482,0x4fd8cc,
0x49848d,0x5a6110,
0x498492,0x4bc2a8,
0x49849c,0x4fd980,
0x4984a8,0x4bc2a8,
0x4984b0,0x5a6114,
0x4984b7,0x4fd97c,
0x4984c3,0x4bc2a8,
0x4984cb,0x5a6118,
0x4984d2,0x4fd988,
0x4984dd,0x5a611c,
0x4984e2,0x4bc2a8,
0x4984ec,0x4fd974,
0x4984f8,0x4bc2a8,
0x498500,0x5a6120,
0x498507,0x4fd97c,
0x498513,0x4bc2a8,
0x49851b,0x5a6128,
0x498522,0x4fd974,
0x498530,0x5a612c,
0x498535,0x4bc2a8,
0x49853a,0x4fd8cc,
0x498548,0x4bc2a8,
0x498550,0x5a6130,
0x498557,0x4fd97c,
0x498563,0x4bc2a8,
0x49856b,0x5a6134,
0x498572,0x4fd974,
0x49857d,0x5a6138,
0x498582,0x4bc2a8,
0x49858c,0x4fd97c,
0x498598,0x4bc2a8,
0x4985a0,0x5a6140,
0x4985a7,0x4fd974,
0x4985b3,0x4bc2a8,
0x4985bb,0x5a6144,
0x4985c2,0x4fd8cc,
0x4985cd,0x5a6148,
0x4985d2,0x4bc2a8,
0x4985dc,0x4fd97c,
0x4985e8,0x4bc2a8,
0x4985f0,0x5a614c,
0x4985f7,0x4fd974,
0x498602,0x5a6150,
0x498607,0x4fe194,
0x49862b,0x4fb310,
0x498634,0x4fb318,
0x49863a,0x4fb970,
0x498644,0x4fb978,
0x49864e,0x4fb330,
0x498658,0x4fb338,
0x498662,0x4fb990,
0x49866c,0x4fb998,
0x498676,0x4fb350,
0x498680,0x4fb358,
0x49868a,0x4fb9b0,
0x498693,0x4fb9b8,
0x4986b7,0x4fbb30,
0x4986c0,0x4fb4d8,
0x4986c6,0x4fbb38,
0x4986d0,0x4fb330,
0x4986d9,0x4fb338,
0x4986df,0x4fb990,
0x4986e9,0x4fb998,
0x498702,0x5a6158,
0x49870e,0x5a6158,
0x498722,0x5a6158,
0x498755,0x5a615c,
0x498763,0x5a6160,
0x498769,0x4be918,
0x49876f,0x5a6164,
0x49877e,0x5a6160,
0x49878e,0x4be91c,
0x49879f,0x4be924,
0x4987ac,0x5a6160,
0x4987b2,0x5a6164,
0x4987bc,0x4be928,
0x4987cf,0x5a6160,
0x4987d5,0x4be918,
0x4987db,0x5a6164,
0x4987e8,0x5a6160,
0x4987ee,0x4be91c,
0x4987fb,0x5a615c,
0x498801,0x5a6158,
0x498809,0x4be930,
0x498816,0x4bc20c,
0x49882f,0x4be91c,
0x498847,0x4be924,
0x498856,0x5a6168,
0x498862,0x4be928,
0x498879,0x5a6168,
0x498883,0x4be91c,
0x498893,0x5a6168,
0x4988a2,0x4be924,
0x4988b1,0x5a616c,
0x4988bd,0x4be928,
0x4988d4,0x5a616c,
0x4988da,0x5a616c,
0x498906,0x5a6164,
0x498912,0x4c2724,
0x498921,0x5a6160,
0x49892b,0x5a6164,
0x498934,0x5a6158,
0x498939,0x5a615c,
0x49894e,0x4bc124,
0x498972,0x4bc120,
0x4989c6,0x4bc11c,
0x4989e2,0x5a6170,
0x4989eb,0x5a6170,
0x498a03,0x5a6170,
0x498a31,0x5a6170,
0x498a3f,0x4bc11c,
0x498a65,0x5a6170,
0x498a9b,0x4bc128,
0x498ab4,0x4fdda8,
0x498ad3,0x4bc120,
0x498af2,0x4c2298,
0x498af7,0x4fdde0,
0x498afd,0x4bc23c,
0x498b02,0x5a7c90,
0x498b09,0x5a7c5c,
0x498b0e,0x5a6c38,
0x498b13,0x5a6ad8,
0x498b18,0x5a7c60,
0x498b1d,0x5a6ae0,
0x498b27,0x5a6ae4,
0x498b2c,0x5a6af8,
0x498b31,0x5a6ae8,
0x498b39,0x5a6aec,
0x498b3f,0x5a7c8c,
0x498b4a,0x5a6af0,
0x498b51,0x5a7c90,
0x498b5b,0x4bc370,
0x498b60,0x5a7c58,
0x498b65,0x5a7c88,
0x498b6b,0x5a6c3c,
0x498b81,0x5a7c90,
0x498b8d,0x4bc370,
0x498b93,0x5a7c5c,
0x498b99,0x5a6c3c,
0x498ba0,0x5a6c38,
0x498bbd,0x5a6178,
0x498bdd,0x5a7c88,
0x498be7,0x5a7c88,
0x498bee,0x5a6c40,
0x498bf5,0x5a6c3c,
0x498c06,0x5a7c90,
0x498c13,0x5a7c5c,
0x498c1a,0x4bc298,
0x498c27,0x498d50,
0x498c2f,0x5a6cb8,
0x498c35,0x4bc1e8,
0x498c3a,0x5a7c5c,
0x498c58,0x5a6cb8,
0x498c6a,0x4be948,
0x498c7e,0x4fde18,
0x498c87,0x5a7c5c,
0x498c8c,0x5a6c38,
0x498c92,0x5a7c90,
0x498c9d,0x5a7c5c,
0x498ca6,0x5a6c38,
0x498cad,0x5a6ae0,
0x498cba,0x5a6af0,
0x498cc2,0x5a7c8c,
0x498cd5,0x4fddf0,
0x498ce1,0x5a7c8c,
0x498ced,0x5a6af0,
0x498d05,0x4fddf0,
0x498d11,0x5a7c90,
0x498d19,0x5a6ae0,
0x498d20,0x5a6ae4,
0x498d26,0x5a6ae8,
0x498d2c,0x5a6aec,
0x498d32,0x5a6af0,
0x498d38,0x4bc264,
0x498d41,0x5a7c90,
0x498d61,0x5a7c90,
0x498d76,0x4bc370,
0x498d7c,0x5a7c58,
0x498d83,0x5a7c5c,
0x498d89,0x4bc298,
0x498d91,0x5a6c38,
0x498d9a,0x5a6cb8,
0x498da8,0x5a7c90,
0x498dad,0x4c3dd0,
0x498db5,0x5a6c3c,
0x498dc3,0x5a6178,
0x498dc8,0x5a7c90,
0x498dce,0x4fde60,
0x498dd6,0x5a6c3c,
0x498de7,0x5a7c90,
0x498dec,0x4fde58,
0x498dfc,0x5a7c90,
0x498e02,0x4fde4c,
0x498e13,0x5a7c90,
0x498e18,0x4f25c0,
0x498e24,0x5a6ad8,
0x498e2a,0x5a7c60,
0x498e3e,0x5a7c68,
0x498e54,0x5a7c68,
0x498e64,0x5a6cb8,
0x498e75,0x5a6ae0,
0x498e85,0x5a6ae4,
0x498e98,0x5a6af4,
0x498ea1,0x5a6adc,
0x498ea7,0x5a6ad8,
0x498ead,0x5a7c5c,
0x498eb3,0x5a7c90,
0x498ec4,0x5a6cb8,
0x498ecd,0x5a6c3c,
0x498ed6,0x5a6c40,
0x498ede,0x4fde48,
0x498ee6,0x5a6c3c,
0x498efb,0x4fde48,
0x498f08,0x654a00,
0x498f1a,0x654a10,
0x498f29,0x654a00,
0x498f34,0x4fde44,
0x498f4b,0x4f25c0,
0x498f53,0x5a7c5c,
0x498f59,0x5a6ad8,
0x498f69,0x5a7c5c,
0x498f75,0x5a7c90,
0x498f80,0x498d50,
0x498f88,0x5a6cb8,
0x498f8e,0x4bc1e8,
0x498f93,0x5a7c5c,
0x498fa9,0x5a6cb8,
0x498fbb,0x4be948,
0x498fcf,0x4fde18,
0x498fd8,0x5a7c5c,
0x498fdd,0x5a6c38,
0x498fe3,0x5a7c90,
0x498fee,0x5a7c5c,
0x498ff3,0x5a6c38,
0x498ff8,0x5a6ad8,
0x498fff,0x5a6ad8,
0x499004,0x5a7c60,
0x499010,0x5a7c60,
0x49901d,0x5a6ae0,
0x49902a,0x5a6af0,
0x499032,0x5a7c8c,
0x499043,0x4fddf0,
0x49904f,0x5a7c8c,
0x499057,0x5a6af0,
0x49906f,0x4fddf0,
0x49907a,0x5a7c60,
0x499082,0x5a6ae0,
0x49908d,0x5a6ae4,
0x499092,0x5a7c60,
0x499098,0x5a6ae8,
0x49909e,0x5a6aec,
0x4990a4,0x5a6af0,
0x4990b4,0x4c2298,
0x4990b9,0x4fde7c,
0x4990bf,0x4bc23c,
0x4990c5,0x4bc298,
0x4990cf,0x4fde6c,
0x4990da,0x5a6af8,
0x4990e2,0x4fde64,
0x4990f1,0x5a6c38,
0x4990fa,0x4bc264,
0x49916d,0x4bc170,
0x4991b8,0x4bc1bc,
0x4991d3,0x4bc170,
0x499299,0x6547e4,
0x4992cc,0x5a7c94,
0x499391,0x4bc04c,
0x49942d,0x499210,
0x4994fe,0x4bc04c,
0x499518,0x499360,
0x499521,0x499360,
0x49952a,0x499210,
0x499579,0x4bc02c,
0x49958f,0x4bc054,
0x499649,0x4bc12c,
0x49964f,0x4bc31c,
0x499665,0x4bc174,
0x49966a,0x4fe1f4,
0x49967d,0x4fe1e8,
0x499693,0x4bc210,
0x49969c,0x4fe1e0,
0x4996ac,0x6547e0,
0x4996be,0x4fe1d8,
0x4996ce,0x6547e0,
0x4996e0,0x4fe1cc,
0x4996f6,0x4f5228,
0x4996fc,0x6547e0,
0x499715,0x4fe1c8,
0x49972c,0x6547e0,
0x499744,0x6547e0,
0x499756,0x6547e0,
0x49976e,0x6547e0,
0x499773,0x6547e0,
0x499781,0x4fe194,
0x499785,0x4fe148,
0x49978c,0x4fe1c0,
0x499794,0x4fe160,
0x499798,0x501580,
0x4997a7,0x4fe1f4,
0x4997af,0x4fe160,
0x4997b3,0x4f56f0,
0x4997c9,0x4fe194,
0x4997cd,0x4fe170,
0x4997d5,0x4fe184,
0x4997d9,0x501388,
0x4997df,0x4fe188,
0x4997e3,0x501190,
0x4997f1,0x4fe188,
0x4997f5,0x500f98,
0x4997fd,0x4fe188,
0x499801,0x4f56f0,
0x499806,0x4fe1b4,
0x49980f,0x5a7c98,
0x499825,0x654902,
0x49982a,0x65490a,
0x499831,0x65490c,
0x499838,0x6549d6,
0x49983f,0x6549d8,
0x49985e,0x6549dc,
0x499865,0x6549f4,
0x499879,0x6549f8,
0x499881,0x5a7c98,
0x49988b,0x4fe194,
0x499892,0x654800,
0x499897,0x4fe194,
0x4998a4,0x6547e4,
0x4998ad,0x6547e0,
0x4998b3,0x5a7c94,
0x4998ba,0x6547e0,
0x4998d2,0x4fe194,
0x4998f2,0x4fe194,
0x49990f,0x4fdec8,
0x499915,0x4fdec8,
0x499922,0x6547e0,
0x49992b,0x4fe194,
0x499937,0x4fe194,
0x49993d,0x4fe194,
0x499949,0x4fe194,
0x49995d,0x4bc124,
0x4999d0,0x4fe240,
0x499aec,0x5a7ca0,
0x499b30,0x5a7ca4,
0x499b38,0x5a7ca4,
0x499b49,0x5a7ca4,
0x499b5f,0x5a7ca8,
0x499b65,0x5a7cbc,
0x499b87,0x5a7ca0,
0x499ba1,0x5a7ca4,
0x499bbd,0x5a7ca8,
0x499bdd,0x504be8,
0x499bee,0x4fe201,
0x499bf4,0x4fe20f,
0x499bfa,0x4fe20b,
0x499c07,0x4fe200,
0x499c32,0x4bc0b4,
0x499c37,0x5a7cc4,
0x499c3d,0x5a7cc8,
0x499c46,0x5a7cc0,
0x499c51,0x5a7cc8,
0x499c5c,0x4bc10c,
0x499c61,0x5a7cc4,
0x499c67,0x5a7cc8,
0x499c70,0x5a7cc0,
0x499c81,0x5a7cc4,
0x499c86,0x5a7cc0,
0x499c91,0x5a7cc8,
0x499c9e,0x4bc110,
0x499ca3,0x5a7cc8,
0x499ca8,0x5a7cc0,
0x499cb1,0x5a7cc8,
0x499cbc,0x4bc10c,
0x499cc1,0x5a7cc4,
0x499cc7,0x5a7cc8,
0x499cd0,0x5a7cc0,
0x499ce6,0x5a7cc0,
0x499cf0,0x4bc108,
0x499d06,0x5a7cc0,
0x499d15,0x4bc108,
0x499d2a,0x5a7cc0,
0x499d35,0x4bc0e4,
0x499d41,0x5a7cc0,
0x499d53,0x4bc104,
0x499d67,0x504c1c,
0x499d8a,0x5a7d70,
0x499d99,0x5a7d74,
0x499dbc,0x5a7d74,
0x499dcd,0x4bc3d4,
0x499dd2,0x5a7d74,
0x499deb,0x5a7d70,
0x499df8,0x4bc3e8,
0x499dfd,0x5a7d70,
0x499e04,0x4bc3ec,
0x499e0a,0x5a7d70,
0x499e10,0x4bc3e4,
0x499e22,0x4bc3f0,
0x499e33,0x5a7d70,
0x499e57,0x5a7d74,
0x499e6c,0x5a7d70,
0x499e82,0x5a7d70,
0x499ea5,0x5a7d74,
0x499eb4,0x5a7d70,
0x499ec9,0x4bc3c4,
0x499ede,0x5a7d74,
0x499ee9,0x4bc3f4,
0x499eee,0x5a7d70,
0x499ef4,0x5a7d74,
0x499f03,0x4bc3e0,
0x499f09,0x5a7d70,
0x499f19,0x504be8,
0x499f26,0x5dd32c,
0x499f2c,0x5dcec0,
0x499f38,0x5dd32c,
0x499f3e,0x5dcec0,
0x499f44,0x5dd2e4,
0x499f4c,0x5dcec0,
0x499f52,0x5dd2e0,
0x499f57,0x5a7d6c,
0x499f5f,0x5dd360,
0x499f65,0x5dcec0,
0x499f6b,0x5dd2cc,
0x499f77,0x4f8c6c,
0x499f84,0x5dcfa8,
0x499f89,0x5dcec0,
0x499f8f,0x5dd2c8,
0x499f95,0x524564,
0x499fa9,0x524564,
0x499fca,0x4bc350,
0x49a041,0x524564,
0x49a04e,0x4bc3f8,
0x49a05c,0x4bc3f8,
0x49a071,0x5a7d70,
0x49a088,0x5a7d74,
0x49a09b,0x4bc350,
0x49a105,0x524564,
0x49a12a,0x4fe294,
0x49a12f,0x4fe298,
0x49a135,0x4fe29c,
0x49a13b,0x5a7cd8,
0x49a141,0x4fe2a0,
0x49a146,0x5a7cdc,
0x49a14c,0x5a7ce0,
0x49a152,0x5a7ce4,
0x49a15c,0x5a7cd8,
0x49a163,0x4fe28c,
0x49a169,0x4fe290,
0x49a16e,0x5a7cd8,
0x49a174,0x5a7cdc,
0x49a191,0x5a7cd8,
0x49a1af,0x5a7cd8,
0x49a1e1,0x4bc3d0,
0x49a1ee,0x5a7cd8,
0x49a1f7,0x5a7d70,
0x49a212,0x4fe28c,
0x49a218,0x4fe290,
0x49a21e,0x5a7cd8,
0x49a22b,0x5a7cdc,
0x49a23a,0x5a7cd8,
0x49a258,0x5a7cd8,
0x49a291,0x5a7cd8,
0x49a298,0x5a7d70,
0x49a2a1,0x5a7d70,
0x49a2ab,0x5a7d74,
0x49a2ba,0x4bc3f4,
0x49a2bf,0x5a7d70,
0x49a2c5,0x5a7d74,
0x49a2d4,0x4bc3e0,
0x49a2dc,0x5a7d70,
0x49a2e6,0x504be8,
0x49a2f7,0x5dd32c,
0x49a2fd,0x5dcec0,
0x49a30d,0x5dd360,
0x49a315,0x5a7d6c,
0x49a31d,0x5dcec0,
0x49a323,0x5dd360,
0x49a329,0x5dd2cc,
0x49a335,0x4f8c6c,
0x49a342,0x5a7d70,
0x49a35d,0x4bc3fc,
0x49a364,0x5a7d74,
0x49a36f,0x5a7d70,
0x49a37a,0x4bc3e0,
0x49a380,0x5a7d70,
0x49a38c,0x504be8,
0x49a399,0x5dd32c,
0x49a39f,0x5dcec0,
0x49a3ac,0x5dd32c,
0x49a3b2,0x5dcec0,
0x49a3b8,0x5dd2e4,
0x49a3c0,0x5dcec0,
0x49a3c6,0x5dd2e0,
0x49a3cb,0x5a7d6c,
0x49a3d3,0x5dd360,
0x49a3d9,0x5dcec0,
0x49a3df,0x5dd2cc,
0x49a3eb,0x4f8c6c,
0x49a3f8,0x5dcfa8,
0x49a3fd,0x5dcec0,
0x49a403,0x5dd2c8,
0x49a408,0x524564,
0x49a43b,0x504be8,
0x49a443,0x5dd32c,
0x49a449,0x5dcec0,
0x49a456,0x5dd32c,
0x49a45c,0x5dcec0,
0x49a462,0x5dd2e4,
0x49a46a,0x5dcec0,
0x49a470,0x5dd2e0,
0x49a475,0x5a7d74,
0x49a48f,0x5a7d70,
0x49a49a,0x4bc3dc,
0x49a4ee,0x4fe294,
0x49a4f4,0x4fe298,
0x49a4fa,0x4fe29c,
0x49a4ff,0x5a7cd8,
0x49a504,0x4fe2a0,
0x49a50a,0x5a7cdc,
0x49a510,0x5a7ce0,
0x49a515,0x5a7ce4,
0x49a51f,0x5a7cd8,
0x49a527,0x4fe28c,
0x49a52d,0x4fe290,
0x49a533,0x5a7cd8,
0x49a539,0x5a7cdc,
0x49a546,0x4bc16c,
0x49a555,0x5a7cd8,
0x49a573,0x5a7cd8,
0x49a59c,0x4fe28c,
0x49a5a2,0x4fe290,
0x49a5a8,0x5a7cd8,
0x49a5b5,0x5a7cdc,
0x49a5c4,0x5a7cd8,
0x49a5e2,0x5a7cd8,
0x49a632,0x5a7d70,
0x49a641,0x4f9f20,
0x49a64a,0x5a7d74,
0x49a655,0x4bc3cc,
0x49a664,0x5a7d7c,
0x49a671,0x5a7d70,
0x49a68d,0x4bc3c8,
0x49a69a,0x4f9f20,
0x49a6a8,0x5dcf7c,
0x49a6ae,0x4bc2c8,
0x49a6bb,0x5a7d70,
0x49a6ca,0x5a7d74,
0x49a6f4,0x5dcec0,
0x49a6fa,0x5dd2c8,
0x49a702,0x5dcec0,
0x49a708,0x5a7d7c,
0x49a712,0x5dd2bc,
0x49a717,0x5a7d74,
0x49a71d,0x5dced4,
0x49a72f,0x5a7d70,
0x49a73c,0x4bc3dc,
0x49a742,0x5a7d70,
0x49a749,0x4bc3ec,
0x49a74e,0x5dcec0,
0x49a754,0x5dd2c0,
0x49a75c,0x5dcec0,
0x49a762,0x5dd2e0,
0x49a76a,0x5a7d70,
0x49a77f,0x4bc3c4,
0x49a793,0x5a7d74,
0x49a79e,0x4bc3f4,
0x49a7a3,0x5a7d70,
0x49a7a9,0x5a7d74,
0x49a7b8,0x4bc3e0,
0x49a7be,0x5a7d70,
0x49a7ce,0x504be8,
0x49a7db,0x5dd32c,
0x49a7e1,0x5dcec0,
0x49a7ed,0x5dd32c,
0x49a7f3,0x5dcec0,
0x49a7f9,0x5dd2e4,
0x49a801,0x5dcec0,
0x49a807,0x5dd2e0,
0x49a80c,0x5a7d6c,
0x49a814,0x5dd360,
0x49a81a,0x5dcec0,
0x49a820,0x5dd2cc,
0x49a82c,0x4f8c6c,
0x49a839,0x5dcfa8,
0x49a83e,0x5dcec0,
0x49a844,0x5dd2c8,
0x49a84a,0x524564,
0x49a85e,0x524564,
0x49a87f,0x4bc350,
0x49a8f3,0x5dcec0,
0x49a8f9,0x5dd2d0,
0x49a921,0x5a7d74,
0x49a92c,0x4bc3f4,
0x49a932,0x5a7d74,
0x49a93b,0x5a7d70,
0x49a946,0x4bc3e0,
0x49a94c,0x5a7d70,
0x49a95c,0x504be8,
0x49a968,0x5dd32c,
0x49a96e,0x5dcec0,
0x49a97b,0x5dd32c,
0x49a981,0x5dcec0,
0x49a987,0x5dd2e4,
0x49a98f,0x5dcec0,
0x49a995,0x5dd2e0,
0x49a99a,0x5a7d6c,
0x49a9a2,0x5dd360,
0x49a9a8,0x5dcec0,
0x49a9ae,0x5dd2cc,
0x49a9ba,0x4f8c6c,
0x49a9c7,0x5dcfa8,
0x49a9cc,0x5dcec0,
0x49a9d2,0x5dd2c8,
0x49a9d8,0x524564,
0x49a9f1,0x5a7d74,
0x49aa00,0x4bc3f4,
0x49aa06,0x5a7d74,
0x49aa0f,0x5a7d70,
0x49aa1a,0x4bc3e0,
0x49aa20,0x5a7d70,
0x49aa30,0x504be8,
0x49aa3c,0x5dd32c,
0x49aa42,0x5dcec0,
0x49aa4f,0x5dd32c,
0x49aa55,0x5dcec0,
0x49aa5b,0x5dd2e4,
0x49aa63,0x5dcec0,
0x49aa69,0x5dd2e0,
0x49aa6e,0x5a7d6c,
0x49aa76,0x5dd360,
0x49aa7c,0x5dcec0,
0x49aa82,0x5dd2cc,
0x49aa8e,0x4f8c6c,
0x49aa9b,0x5dcfa8,
0x49aaa0,0x5dcec0,
0x49aaa6,0x5dd2c8,
0x49aaac,0x524564,
0x49aabf,0x524564,
0x49aae0,0x4bc350,
0x49ab69,0x4bc244,
0x49ab91,0x4bc248,
0x49abc0,0x4bc24c,
0x49ac79,0x4bc248,
0x49acd3,0x4bc248,
0x49ace0,0x4bc248,
0x49ad64,0x4bc248,
0x49adc5,0x4bc250,
0x49add2,0x4bc24c,
0x49adec,0x4bc24c,
0x49ae21,0x5a7d70,
0x49ae2e,0x4bc3d8,
0x49ae38,0x5a7d78,
0x49ae40,0x5a7d78,
0x49ae51,0x5a7d70,
0x49ae5a,0x4f9f20,
0x49ae63,0x5a7d74,
0x49ae6e,0x4bc3cc,
0x49ae76,0x5a7d7c,
0x49ae7f,0x5a7d70,
0x49ae88,0x4bc3d8,
0x49ae92,0x5a7d78,
0x49ae9a,0x5a7d78,
0x49aea2,0x5a7cd0,
0x49aeb2,0x5a7cd0,
0x49aec5,0x5a7cd0,
0x49aed1,0x5a7cd0,
0x49aed7,0x5a7cd0,
0x49aef7,0x5a7d94,
0x49aefd,0x4bc110,
0x49af02,0x5a7d90,
0x49af08,0x504c0c,
0x49af51,0x6547e4,
0x49af82,0x5a7d88,
0x49af8b,0x5a7d80,
0x49af96,0x5a7d8c,
0x49af9c,0x5a7d84,
0x49afa7,0x5a7d94,
0x49afd5,0x5a7d88,
0x49afe8,0x5a7d80,
0x49affb,0x5a7d88,
0x49b00a,0x5a7d88,
0x49b06d,0x5a7d90,
0x49b077,0x4bc104,
0x49b08a,0x5a7d90,
0x49b09a,0x4bc108,
0x49b0e4,0x5a7d90,
0x49b0f7,0x4bc108,
0x49b164,0x5a7d88,
0x49b173,0x5a7d80,
0x49b186,0x5a7d88,
0x49b190,0x5a7d88,
0x49b1c7,0x4fe2a4,
0x49b1d2,0x5a7d90,
0x49b1df,0x4bc104,
0x49b223,0x5a7d90,
0x49b233,0x4bc108,
0x49b263,0x5a7d94,
0x49b271,0x5a7d94,
0x49b380,0x4bc1c8,
0x49b434,0x5dcec4,
0x49b43a,0x5dcec0,
0x49b44b,0x5a7d94,
0x49b45e,0x5dcec0,
0x49b46a,0x4be950,
0x49b472,0x4be954,
0x49b53b,0x4be958,
0x49b54d,0x4be958,
0x49b55b,0x4be958,
0x49b572,0x504c0c,
0x49b57f,0x504c0c,
0x49b5ef,0x504c28,
0x49b645,0x504c0c,
0x49b6e3,0x5dcec0,
0x49b70a,0x5a7d84,
0x49b710,0x5a7d8c,
0x49b738,0x5a7d90,
0x49b73e,0x4bc104,
0x49b74c,0x5a7d90,
0x49b758,0x5a7d94,
0x49b771,0x5a7d94,
0x49b780,0x4bc104,
0x49b787,0x5a7d94,
0x49b79b,0x5a7d90,
0x49b7aa,0x5a7d90,
0x49b7b6,0x5a7d94,
0x49b7c0,0x5a7d94,
0x49b7d1,0x5a7d90,
0x49b7d8,0x4bc10c,
0x49b7e8,0x5a7d98,
0x49b7f2,0x4bc110,
0x49b7f7,0x5a7d9c,
0x49b807,0x5a7d9c,
0x49b818,0x4bc108,
0x49b862,0x504c0c,
0x49b870,0x504c0c,
0x49b8b2,0x6547e4,
0x49b953,0x4fe2cc,
0x49b95e,0x5a7d9c,
0x49b96b,0x4bc104,
0x49b985,0x5a7d98,
0x49b999,0x5a7d98,
0x49b9f7,0x5a7d98,
0x49ba85,0x4bc1f0,
0x49babe,0x4bc28c,
0x49bb04,0x4bc28c,
0x49bb92,0x49bdec,
0x49bb99,0x49bdd4,
0x49bbc9,0x4bc1f0,
0x49bcbe,0x4bc1e0,
0x49bd83,0x4bc1f0,
0x49bdd4,0x49bb9d,
0x49bdd8,0x49bc3a,
0x49bddc,0x49bc06,
0x49bde0,0x49bc82,
0x49bde4,0x49bc75,
0x49bde8,0x49bcb2,
0x49beb1,0x5a7d98,
0x49bee8,0x5dcec0,
0x49beed,0x5dcec4,
0x49bef6,0x4be95c,
0x49bf02,0x5a7d98,
0x49bf19,0x4be960,
0x49bf91,0x4be964,
0x49bfa1,0x4be964,
0x49bfae,0x4be964,
0x49bfcb,0x504c0c,
0x49bfd8,0x504c0c,
0x49bfef,0x504c0c,
0x49c016,0x504c0c,
0x49c07f,0x6547e4,
0x49c0ae,0x504c0c,
0x49c133,0x6547e4,
0x49c1a9,0x6547e4,
0x49c23a,0x5dcec0,
0x49c274,0x5a7d9c,
0x49c281,0x4bc104,
0x49c287,0x5a7d98,
0x49c2a1,0x5a7d98,
0x49c2ae,0x4bc104,
0x49c2c2,0x5a7d9c,
0x49c2d1,0x5a7d98,
0x49c2db,0x5a7d98,
0x49c2eb,0x5a7d9c,
0x49c2f2,0x4bc10c,
0x49c308,0x4bc110,
0x49c30d,0x5a7da0,
0x49c321,0x5a7da0,
0x49c32d,0x4bc108,
0x49c37d,0x5a7da0,
0x49c386,0x4bc104,
0x49c397,0x5a7da0,
0x49c39e,0x4bc104,
0x49c3b1,0x5a7da0,
0x49c3b8,0x4bc10c,
0x49c3be,0x5a7da0,
0x49c3d3,0x4bc20c,
0x49c3e1,0x4be968,
0x49c3e9,0x4be970,
0x49c405,0x5a7dc8,
0x49c40b,0x5a7e04,
0x49c411,0x5a7e08,
0x49c417,0x5a7da8,
0x49c41c,0x4fe2f8,
0x49c429,0x4fe3bb,
0x49c431,0x4bc1e8,
0x49c436,0x49c3d0,
0x49c43f,0x5a7dc8,
0x49c44a,0x5a7dc4,
0x49c44f,0x5a7db0,
0x49c454,0x4fe3d0,
0x49c461,0x4fe411,
0x49c468,0x49c3d0,
0x49c471,0x5a7db0,
0x49c486,0x5a7e04,
0x49c48f,0x5a7e08,
0x49c4b7,0x5a7e04,
0x49c4c1,0x5a7e08,
0x49c4d4,0x4fe3c0,
0x49c4ec,0x4fe414,
0x49c503,0x4fe3c0,
0x49c518,0x5a7da8,
0x49c522,0x5a7dc8,
0x49c529,0x5a7da8,
0x49c533,0x5a7dc4,
0x49c53d,0x5a7db0,
0x49c547,0x5a7dc4,
0x49c551,0x5a7da8,
0x49c557,0x4bc1e8,
0x49c565,0x5a7da8,
0x49c56e,0x5a7dc8,
0x49c573,0x4fe2f8,
0x49c580,0x4fe3bb,
0x49c587,0x49c3d0,
0x49c590,0x5a7dc8,
0x49c59b,0x5a7dc4,
0x49c5a4,0x5a7dc4,
0x49c5ad,0x5a7db0,
0x49c5b2,0x4fe3d0,
0x49c5bf,0x4fe411,
0x49c5c6,0x49c3d0,
0x49c5cf,0x5a7db0,
0x49c5e6,0x4bc20c,
0x49c5f7,0x4be974,
0x49c5fd,0x4be978,
0x49c619,0x4be974,
0x49c621,0x4be984,
0x49c629,0x4be978,
0x49c62f,0x4be97c,
0x49c643,0x4be978,
0x49c65c,0x4be988,
0x49c67a,0x6545e0,
0x49c6a2,0x6547dc,
0x49c6aa,0x6543e0,
0x49c6bc,0x6547e0,
0x49c6d8,0x4bc20c,
0x49c6fb,0x4be974,
0x49c70b,0x4be978,
0x49c71b,0x4be984,
0x49c723,0x4be98c,
0x49c737,0x4be978,
0x49c750,0x4be988,
0x49c76c,0x6543e0,
0x49c7a2,0x4fe420,
0x49c7b2,0x4fe424,
0x49c7c2,0x5a7e70,
0x49c7d1,0x5a7e1c,
0x49c7e2,0x5a7e14,
0x49c7f5,0x4be99c,
0x49c7fb,0x4be9a0,
0x49c801,0x4be998,
0x49c807,0x4be99c,
0x49c80d,0x4be9a0,
0x49c813,0x4be998,
0x49c81b,0x4fe420,
0x49c823,0x4fe424,
0x49c82b,0x5a7e70,
0x49c831,0x5a7e14,
0x49c83b,0x5a7e18,
0x49c845,0x4fe428,
0x49c84b,0x5a7e1c,
0x49c855,0x4fe42c,
0x49c85b,0x5a7e74,
0x49c861,0x4bc100,
0x49c878,0x5a7e20,
0x49c87e,0x4be994,
0x49c884,0x5a7e10,
0x49c891,0x5a7e70,
0x49c89b,0x4be9a4,
0x49c8b2,0x4fe428,
0x49c8c2,0x5a7e74,
0x49c8ec,0x5a7e70,
0x49c8f4,0x5a7e78,
0x49c8fa,0x5a7e7c,
0x49c902,0x5a7e7c,
0x49c90c,0x5a7e80,
0x49c925,0x5a7e1c,
0x49c92b,0x4bc100,
0x49c941,0x4fe534,
0x49c948,0x4be994,
0x49c961,0x4fe420,
0x49c96a,0x5a7e10,
0x49c970,0x4fe428,
0x49c97a,0x4fe42c,
0x49c984,0x4fe424,
0x49c996,0x5a7e10,
0x49c99c,0x5a7e18,
0x49c9a1,0x4be990,
0x49c9a9,0x4fe428,
0x49c9b3,0x5a7e18,
0x49c9bb,0x5a7e14,
0x49c9c1,0x4fe428,
0x49c9c7,0x5a7e14,
0x49c9d6,0x4fe428,
0x49c9dc,0x4be9ac,
0x49c9e9,0x4fe428,
0x49c9f5,0x4fe428,
0x49c9fb,0x4be9b0,
0x49ca08,0x4fe428,
0x49ca12,0x4fe428,
0x49ca18,0x4be9b4,
0x49ca1e,0x5a7e74,
0x49ca24,0x4fe428,
0x49ca30,0x5a7e10,
0x49ca36,0x5a7e74,
0x49ca41,0x4fe428,
0x49ca47,0x4be9b8,
0x49ca54,0x4fe42c,
0x49ca60,0x4be9a4,
0x49ca66,0x4fe428,
0x49ca6c,0x4fe42c,
0x49ca8b,0x5a7e80,
0x49ca99,0x5a7e7c,
0x49ca9f,0x4fe428,
0x49caa5,0x5a7e78,
0x49caab,0x4fe428,
0x49cab3,0x4fe420,
0x49cab9,0x4be998,
0x49cabe,0x5a7e70,
0x49cac4,0x5a7e80,
0x49cad2,0x5a7e70,
0x49cadf,0x4fe428,
0x49cae5,0x5a7e70,
0x49caf1,0x5a7e70,
0x49caf7,0x5a7e70,
0x49cb04,0x4fe420,
0x49cb10,0x5a7e70,
0x49cb1a,0x4fe420,
0x49cb22,0x4fe428,
0x49cb28,0x5a7e70,
0x49cb2e,0x4fe428,
0x49cb34,0x4fe420,
0x49cb3a,0x5a7e70,
0x49cb40,0x4fe420,
0x49cb46,0x4be9b4,
0x49cb53,0x4fe420,
0x49cb59,0x4be9b8,
0x49cb66,0x4fe424,
0x49cb72,0x4be9a4,
0x49cb78,0x4fe420,
0x49cb7e,0x4fe424,
0x49cb86,0x4fe428,
0x49cb8c,0x5a7e70,
0x49cb92,0x4fe428,
0x49cb97,0x4fe42c,
0x49cb9d,0x4fe420,
0x49cba2,0x4fe424,
0x49cba8,0x5a7e70,
0x49cbae,0x4fe420,
0x49cbb4,0x4be9a4,
0x49cbc1,0x4fe420,
0x49cbcb,0x4fe424,
0x49cbe6,0x4be9b8,
0x49cbf3,0x4be9a4,
0x49cc0c,0x4be9a8,
0x49cc22,0x4fe420,
0x49cc48,0x5a7e1c,
0x49cc4e,0x4fe420,
0x49cc86,0x5a7e1c,
0x49ccb5,0x4be998,
0x49ccc1,0x4fe520,
0x49ccdd,0x4fe520,
0x49ccf8,0x4fe52c,
0x49ccff,0x4bc1d0,
0x49cd09,0x4bc260,
0x49cd1f,0x4fe528,
0x49cd34,0x4fe524,
0x49cd4b,0x4fe520,
0x49cd57,0x4fe434,
0x49cd79,0x4fe524,
0x49cd88,0x4fe520,
0x49cd9a,0x4fe438,
0x49cda0,0x4fe520,
0x49cdb1,0x4fe520,
0x49cdc6,0x4fe538,
0x49cdcb,0x4fe534,
0x49cdd1,0x4fe534,
0x49cddd,0x4fe534,
0x49cde9,0x4fe534,
0x49cdf1,0x4fe534,
0x49ce04,0x4fe5e0,
0x49ce1b,0x4fe5d4,
0x49ce31,0x5a7e90,
0x49ce3b,0x5a7e88,
0x49ce51,0x5a7e88,
0x49ce5c,0x4fe534,
0x49ce71,0x5a7ec8,
0x49ce7c,0x4fe5b0,
0x49ce9e,0x5a7ec8,
0x49ceba,0x5a7e88,
0x49cec1,0x5a7ec8,
0x49cec6,0x4fe598,
0x49ced7,0x5a7ec8,
0x49cee8,0x5a7ec8,
0x49ceed,0x4fe584,
0x49cefa,0x5a7e90,
0x49cf04,0x5a7e88,
0x49cf1e,0x5a7e88,
0x49cf2a,0x5a7e88,
0x49cf52,0x5a7e90,
0x49cf5d,0x5a7ea4,
0x49cf64,0x4fe560,
0x49cf6b,0x5a7e90,
0x49cf7c,0x4fe53c,
0x49cf89,0x5a7e90,
0x49cf93,0x5a7e88,
0x49cfa9,0x5a7e88,
0x49cfc2,0x4fe5e0,
0x49cfd2,0x4fe5d4,
0x49cfdd,0x4fe534,
0x49cff1,0x4fe534,
0x49d001,0x4fe534,
0x49d015,0x49d130,
0x49d01c,0x49d11c,
0x49d027,0x5367c8,
0x49d04e,0x4fe534,
0x49d060,0x4fe538,
0x49d072,0x4fe538,
0x49d078,0x4fe534,
0x49d082,0x4fe534,
0x49d08d,0x5367c8,
0x49d095,0x4fe534,
0x49d09c,0x5367c8,
0x49d0ae,0x4fe538,
0x49d0c0,0x4fe534,
0x49d0ca,0x4fe538,
0x49d0d4,0x4fe534,
0x49d0db,0x5367c8,
0x49d0e5,0x5367c8,
0x49d0ed,0x5367ec,
0x49d102,0x5367c8,
0x49d10a,0x5367ed,
0x49d11c,0x49d025,
0x49d120,0x49d0e2,
0x49d124,0x49d0ff,
0x49d128,0x49d020,
0x49d12c,0x49d093,
0x49d14b,0x4fe534,
0x49d15d,0x4fe538,
0x49d16f,0x4fe538,
0x49d175,0x4fe534,
0x49d17f,0x4fe534,
0x49d189,0x4fe534,
0x49d199,0x4fe538,
0x49d1ab,0x4fe534,
0x49d1b5,0x4fe538,
0x49d1bf,0x4fe534,
0x49d1db,0x4fe5ec,
0x49d1e5,0x4bc204,
0x49d1f2,0x609564,
0x49d209,0x4bc210,
0x49d220,0x4fe664,
0x49d22f,0x4f9f20,
0x49d239,0x4fe65c,
0x49d249,0x4fe650,
0x49d24e,0x4fe654,
0x49d255,0x4fe658,
0x49d25b,0x5dd340,
0x49d261,0x4fe65a,
0x49d267,0x504bf8,
0x49d26d,0x504be8,
0x49d272,0x5dd344,
0x49d279,0x5dd348,
0x49d27f,0x5dd34a,
0x49d289,0x4fe648,
0x49d298,0x4fe638,
0x49d29e,0x4fe63c,
0x49d2a4,0x4fe640,
0x49d2a9,0x5dd340,
0x49d2ae,0x4fe644,
0x49d2b4,0x504bf8,
0x49d2ba,0x504be8,
0x49d2c0,0x5dd344,
0x49d2c6,0x5dd348,
0x49d2cb,0x5dd34c,
0x49d2d5,0x4fe634,
0x49d2e5,0x4fe624,
0x49d2eb,0x4fe628,
0x49d2f0,0x4fe62c,
0x49d2f6,0x5dd340,
0x49d2fc,0x4fe630,
0x49d302,0x504bf8,
0x49d308,0x504be8,
0x49d30e,0x5dd344,
0x49d313,0x5dd348,
0x49d319,0x5dd34c,
0x49d323,0x4fe61c,
0x49d333,0x4fe60c,
0x49d338,0x4fe610,
0x49d33e,0x4fe614,
0x49d344,0x5dd340,
0x49d34a,0x4fe618,
0x49d350,0x504bf8,
0x49d356,0x504be8,
0x49d35b,0x5dd344,
0x49d361,0x5dd348,
0x49d367,0x5dd34c,
0x49d36e,0x4fe608,
0x49d37e,0x504bf8,
0x49d385,0x4fe5fc,
0x49d395,0x504bfc,
0x49d39e,0x4fe5f0,
0x49d3a5,0x4bc260,
0x49d3b5,0x504c08,
0x49d3c4,0x504c08,
0x49d3cc,0x4f8b80,
0x49d3d3,0x4bc1d0,
0x49d3db,0x4fe5ec,
0x49d3e3,0x4bc204,
0x49d42a,0x4fe668,
0x49d43a,0x5a7ee0,
0x49d43e,0x49d420,
0x49d443,0x5a7ed8,
0x49d448,0x5a7edc,
0x49d44e,0x4c2728,
0x49d457,0x4c2724,
0x49d45d,0x4c2720,
0x49d461,0x48e190,
0x49d47a,0x4fe68c,
0x49d48a,0x5a7ee0,
0x49d48e,0x49d470,
0x49d493,0x5a7ed8,
0x49d498,0x5a7edc,
0x49d4c9,0x4be9c0,
0x49d4d7,0x4be9c0,
0x49d4e9,0x4be9c0,
0x49d507,0x4be9c4,
0x49d525,0x4be9c4,
0x49d53d,0x4be9c4,
0x49d59f,0x4be9c8,
0x49d5c1,0x4c2730,
0x49d5d0,0x5a7ed8,
0x49d5d5,0x5a7edc,
0x49d5dc,0x5a7ee0,
0x49d5e0,0x49d4a0,
0x49d616,0x4be9c0,
0x49d61e,0x4be9c0,
0x49d626,0x4be9c0,
0x49d6d0,0x4be9c8,
0x49d6fa,0x4c2730,
0x49d709,0x5a7ed8,
0x49d70e,0x5a7edc,
0x49d715,0x5a7ee0,
0x49d719,0x49d5f0,
0x49d731,0x5a7ed8,
0x49d737,0x5a7ed8,
0x49d74a,0x5a7ee0,
0x49d756,0x49d740,
0x49d75e,0x5a7edc,
0x49d76d,0x5a7f08,
0x49d773,0x5a7f0c,
0x49d779,0x5a7f10,
0x49d77e,0x5a7ef8,
0x49d783,0x5a7f14,
0x49d78c,0x5a7efc,
0x49d792,0x5a7f00,
0x49d797,0x5a7f04,
0x49d7b4,0x4be9c0,
0x49d7c2,0x4be9c0,
0x49d7d3,0x5a7ef0,
0x49d7dc,0x5a7ee8,
0x49d7e2,0x4be9d8,
0x49d7f3,0x5a7ee4,
0x49d803,0x5a7edc,
0x49d809,0x5a7ee0,
0x49d80f,0x5a7ed8,
0x49d81f,0x5a7ee8,
0x49d840,0x4be9e4,
0x49d856,0x4be9e8,
0x49d85f,0x5a7ee4,
0x49d874,0x5a7ef8,
0x49d879,0x5a7f04,
0x49d87f,0x5a7f00,
0x49d888,0x5a7f00,
0x49d88e,0x5a7efc,
0x49d894,0x5a7ef8,
0x49d8a0,0x5a7ee0,
0x49d8a4,0x49d740,
0x49d8aa,0x5a7edc,
0x49d8b0,0x5a7ed8,
0x49d91a,0x4be9c8,
0x49d939,0x4c2730,
0x49d944,0x5a7f08,
0x49d94a,0x5a7ef8,
0x49d960,0x4be9f0,
0x49d972,0x4be9f8,
0x49d97b,0x5a7ef8,
0x49d981,0x5a7f10,
0x49d987,0x5a7f00,
0x49d99a,0x4be9f0,
0x49d9ac,0x4be9f8,
0x49d9b5,0x5a7f00,
0x49d9be,0x5a7ee8,
0x49d9c6,0x5a7ee8,
0x49d9cf,0x5a7f18,
0x49d9d5,0x5a7f08,
0x49d9db,0x5a7f08,
0x49d9e4,0x5a7f20,
0x49d9ea,0x5a7f10,
0x49d9f0,0x5a7f10,
0x49da0e,0x5a7ee4,
0x49da48,0x5a7ee8,
0x49da6a,0x5a7f08,
0x49da8f,0x5a7f18,
0x49da97,0x5a7f20,
0x49da9f,0x5a7f10,
0x49daaf,0x5a7ef0,
0x49daca,0x5a7ee0,
0x49dad6,0x49dac0,
0x49dade,0x5a7edc,
0x49daed,0x5a7f08,
0x49daf3,0x5a7f0c,
0x49daf9,0x5a7f10,
0x49dafe,0x5a7ef8,
0x49db03,0x5a7f14,
0x49db0c,0x5a7efc,
0x49db12,0x5a7f00,
0x49db17,0x5a7f04,
0x49db2f,0x4be9c0,
0x49db44,0x4be9c4,
0x49db5b,0x4be9c4,
0x49db78,0x4be9c4,
0x49db85,0x4be9c0,
0x49db96,0x5a7ef0,
0x49db9f,0x5a7ee8,
0x49dba5,0x4be9d8,
0x49dbb6,0x5a7ee4,
0x49dbc6,0x5a7edc,
0x49dbcc,0x5a7ee0,
0x49dbd2,0x5a7ed8,
0x49dbe2,0x5a7ee8,
0x49dc03,0x4be9e4,
0x49dc19,0x4be9e8,
0x49dc22,0x5a7ee4,
0x49dc36,0x5a7f04,
0x49dc3c,0x5a7f00,
0x49dc42,0x5a7efc,
0x49dc48,0x5a7ef8,
0x49dc51,0x5a7ee0,
0x49dc55,0x49dac0,
0x49dc5b,0x5a7edc,
0x49dc61,0x5a7ed8,
0x49dc77,0x4be9c8,
0x49dc90,0x5a7f00,
0x49dca3,0x5a7ef8,
0x49dcd2,0x4c2730,
0x49dcdd,0x5a7f08,
0x49dce3,0x5a7ef8,
0x49dcf9,0x4be9f0,
0x49dd0b,0x4be9f8,
0x49dd14,0x5a7ef8,
0x49dd1a,0x5a7f10,
0x49dd20,0x5a7f00,
0x49dd33,0x4be9f0,
0x49dd45,0x4be9f8,
0x49dd4e,0x5a7f00,
0x49dd57,0x5a7ee8,
0x49dd5f,0x5a7ee8,
0x49dd68,0x5a7f18,
0x49dd6e,0x5a7f08,
0x49dd74,0x5a7f08,
0x49dd7d,0x5a7f20,
0x49dd83,0x5a7f10,
0x49dd89,0x5a7f10,
0x49ddd2,0x4be9fc,
0x49ddf0,0x4be9c0,
0x49ddfc,0x4be9c0,
0x49def2,0x4bea00,
0x49df14,0x4bea00,
0x49df1a,0x4bea04,
0x49df24,0x4bea08,
0x49e047,0x4be9c8,
0x49e069,0x4c2730,
0x49e077,0x5a7ed8,
0x49e081,0x5a7edc,
0x49e08b,0x5a7ee0,
0x49e08f,0x49dda0,
0x49e0a1,0x5a7f28,
0x49e0af,0x5a7f28,
0x49e0b9,0x4fe6ac,
0x49e0c0,0x4bc234,
0x49e0fe,0x4bea10,
0x49e114,0x4bea14,
0x49e14a,0x4bea18,
0x49e167,0x4bea20,
0x49e18b,0x4bea28,
0x49e2a4,0x49e2f0,
0x49e2ab,0x49e2b8,
0x49e2b8,0x49e2af,
0x49e2bc,0x49e2af,
0x49e2c0,0x49e2af,
0x49e2c4,0x49e2af,
0x49e2c8,0x49e2af,
0x49e2cc,0x49e2af,
0x49e2d0,0x49e2af,
0x49e2d4,0x49e2af,
0x49e2d8,0x49e2af,
0x49e2dc,0x49e2af,
0x49e2e0,0x49e2af,
0x49e2e4,0x49e2af,
0x49e2e8,0x49e2af,
0x49e2ec,0x49e2b5,
0x49e356,0x49e400,
0x49e35d,0x49e3d8,
0x49e37a,0x49e478,
0x49e381,0x49e450,
0x49e3d8,0x49e385,
0x49e3dc,0x49e385,
0x49e3e0,0x49e385,
0x49e3e4,0x49e385,
0x49e3e8,0x49e385,
0x49e3ec,0x49e385,
0x49e3f0,0x49e385,
0x49e3f4,0x49e385,
0x49e3f8,0x49e385,
0x49e3fc,0x49e38c,
0x49e450,0x49e385,
0x49e454,0x49e385,
0x49e458,0x49e385,
0x49e45c,0x49e385,
0x49e460,0x49e385,
0x49e464,0x49e385,
0x49e468,0x49e385,
0x49e46c,0x49e385,
0x49e470,0x49e385,
0x49e474,0x49e38c,
0x49e4f4,0x49e520,
0x49e4fb,0x49e508,
0x49e508,0x49e4ff,
0x49e50c,0x49e4ff,
0x49e510,0x49e4ff,
0x49e514,0x49e4ff,
0x49e518,0x49e4ff,
0x49e51c,0x49e505,
0x49e5c4,0x49e604,
0x49e5cb,0x49e5d8,
0x49e5d8,0x49e5cf,
0x49e5dc,0x49e5cf,
0x49e5e0,0x49e5cf,
0x49e5e4,0x49e5cf,
0x49e5e8,0x49e5cf,
0x49e5ec,0x49e5cf,
0x49e5f0,0x49e5cf,
0x49e5f4,0x49e5cf,
0x49e5f8,0x49e5cf,
0x49e5fc,0x49e5cf,
0x49e600,0x49e5d5,
0x49e646,0x49e670,
0x49e64d,0x49e65c,
0x49e65c,0x49e651,
0x49e660,0x49e651,
0x49e664,0x49e651,
0x49e668,0x49e651,
0x49e66c,0x49e657,
0x49e7f4,0x4bc17c,
0x49e805,0x4bc17c,
0x49e89b,0x4bc178,
0x49e8f6,0x4bc110,
0x49e90a,0x5a80f4,
0x49e911,0x5a80f8,
0x49e91d,0x5a7f30,
0x49e92a,0x4fe6d4,
0x49e930,0x5a80fc,
0x49e948,0x4fe6c8,
0x49e95c,0x4fe6bc,
0x49e98d,0x4bc1e0,
0x49e9e6,0x5a7f30,
0x49ea13,0x5a80f8,
0x49ea2a,0x4bc108,
0x49ea84,0x5a7f30,
0x49ea8e,0x5a7f30,
0x49eaeb,0x4bc1e0,
0x49eb46,0x5a7f30,
0x49eb90,0x4fe6e0,
0x49ec13,0x4faed8,
0x49ec41,0x4fe6e0,
0x49ec55,0x5a80fc,
0x49ec63,0x4fe6e0,
0x49ec7b,0x5a80fc,
0x49ec8c,0x5a80fc,
0x49ecc3,0x49eee0,
0x49ece4,0x4bea2c,
0x49ed3b,0x4fe6e0,
0x49edca,0x4bc1e0,
0x49ee23,0x5a7f30,
0x49ef17,0x4bc1e0,
0x49ef70,0x5a7f30,
0x49ef9a,0x4fe6e0,
0x49efe1,0x5a80fc,
0x49f03c,0x4bc1e0,
0x49f083,0x5a7f30,
0x49f0af,0x4fe6e0,
0x49f0d6,0x5a80fc,
0x49f0ea,0x5a80fc,
0x49f104,0x5a7f30,
0x49f126,0x4fe6e0,
0x49f14d,0x4fe6e0,
0x49f167,0x5a80f8,
0x49f173,0x4bc104,
0x49f183,0x5a80f4,
0x49f18e,0x5a80f4,
0x49f194,0x4bc10c,
0x49f19d,0x5a80f8,
0x49f1b1,0x5a80f4,
0x49f1bc,0x4bc108,
0x49f1d6,0x5a80f4,
0x49f1e0,0x4bc104,
0x49f1f8,0x4bc110,
0x49f1fd,0x5a8104,
0x49f203,0x5a8100,
0x49f224,0x5a8104,
0x49f230,0x4bc108,
0x49f236,0x5a8100,
0x49f245,0x4fe6e8,
0x49f24f,0x5a8100,
0x49f2ad,0x4bc28c,
0x49f30b,0x5a8100,
0x49f331,0x4fe6e8,
0x49f343,0x5a8100,
0x49f369,0x5a8100,
0x49f371,0x4fe6e8,
0x49f37d,0x5a8104,
0x49f38a,0x4bc104,
0x49f3df,0x49f410,
0x49f411,0x5a8100,
0x49f471,0x5a8100,
0x49f480,0x4bc104,
0x49f488,0x5a8100,
0x49f4b4,0x5a8100,
0x49f4bc,0x4fe6e8,
0x49f4c8,0x5a8104,
0x49f4dd,0x5a8104,
0x49f4e4,0x4bc10c,
0x49f4f2,0x5a810c,
0x49f4fc,0x5a8108,
0x49f50b,0x655284,
0x49f5ad,0x5a810c,
0x49f5c3,0x4bea30,
0x49f5c9,0x4bea34,
0x49f5d5,0x5a8108,
0x49f5e5,0x5a810c,
0x49f5f0,0x655290,
0x49f619,0x5a810c,
0x49f62c,0x5a810c,
0x49f63d,0x655284,
0x49f679,0x4bc104,
0x49f693,0x4fe6f0,
0x49f6ab,0x4fe6f0,
0x49f6c5,0x4fe6f0,
0x49f6f9,0x4bc10c,
0x49f761,0x5a810c,
0x49f781,0x5a810c,
0x49f7b1,0x5a810c,
0x49f7c6,0x655280,
0x49f7f1,0x4fe6f0,
0x49f87b,0x4fe6f8,
0x49f882,0x4bc234,
0x49f88e,0x4bc110,
0x49f8ce,0x49faec,
0x49f8d5,0x49fab4,
0x49fa67,0x4bc28c,
0x49fa8b,0x5a810c,
0x49fa91,0x5a810c,
0x49fab4,0x49f902,
0x49fab8,0x49f8e2,
0x49fabc,0x49f8ee,
0x49fac0,0x49f90b,
0x49fac4,0x49f934,
0x49fac8,0x49f8d9,
0x49facc,0x49f91b,
0x49fad0,0x49f8fb,
0x49fad4,0x49f944,
0x49fad8,0x49f902,
0x49fadc,0x49f8fb,
0x49fae0,0x49f944,
0x49fae4,0x49f92b,
0x49fae8,0x49f94b,
0x49fb2a,0x655280,
0x49fb89,0x4a035c,
0x49fba1,0x655308,
0x49fbe7,0x655308,
0x49fc2e,0x655308,
0x49fc70,0x6552b4,
0x49fc79,0x6552a0,
0x49fc87,0x655280,
0x49fc97,0x65529c,
0x49fcaf,0x4fe6f0,
0x49fcd7,0x655284,
0x49fcec,0x6552bc,
0x49fcfa,0x655284,
0x49fd0a,0x655298,
0x49fd14,0x4bc108,
0x49fd2b,0x655280,
0x49fd33,0x6552c4,
0x49fd3e,0x6552c8,
0x49fd44,0x6552c8,
0x49fd5d,0x65529c,
0x49fd76,0x6552a4,
0x49fd7c,0x6552ac,
0x49fd86,0x65528c,
0x49fdb6,0x6552bc,
0x49fdcc,0x655280,
0x49fddc,0x6552bc,
0x49fdea,0x655294,
0x49fe40,0x4bc20c,
0x49fe54,0x4bea38,
0x49fe72,0x4bea38,
0x49fe97,0x4bea38,
0x49fe9d,0x4bea40,
0x49feaf,0x4a03a4,
0x49feb6,0x4a0370,
0x49fec0,0x4bea34,
0x49fed5,0x4bea34,
0x49fefa,0x4bea44,
0x49ff20,0x4bea44,
0x49ff5f,0x4bea34,
0x49ffc7,0x4bea38,
0x49ffd8,0x4bea48,
0x4a0019,0x4bea4c,
0x4a0021,0x4bea38,
0x4a006d,0x4bea38,
0x4a0073,0x4bea50,
0x4a0079,0x4bea54,
0x4a00a7,0x4bea38,
0x4a00ad,0x4bea48,
0x4a00b3,0x4bea58,
0x4a00e3,0x6552c0,
0x4a0115,0x4a03ec,
0x4a011c,0x4a03bc,
0x4a0122,0x6552c8,
0x4a0128,0x6552c8,
0x4a015b,0x6552c8,
0x4a01ac,0x6552c8,
0x4a01b2,0x6552c8,
0x4a01e5,0x6552e0,
0x4a01f8,0x6552e0,
0x4a0228,0x4bea34,
0x4a02c4,0x655280,
0x4a02d4,0x6552c8,
0x4a02da,0x6552c8,
0x4a02ee,0x655280,
0x4a0302,0x4fe6f0,
0x4a0313,0x4fe6f0,
0x4a031f,0x6552c0,
0x4a035c,0x49fb8d,
0x4a0360,0x49fbd7,
0x4a0364,0x49fc1e,
0x4a0368,0x49fc65,
0x4a036c,0x49fc58,
0x4a0370,0x49feba,
0x4a0374,0x4a0043,
0x4a0378,0x4a0088,
0x4a037c,0x49feba,
0x4a0380,0x4a0043,
0x4a0384,0x49ffad,
0x4a0388,0x49ffad,
0x4a038c,0x49feba,
0x4a0390,0x49ffad,
0x4a0394,0x49feba,
0x4a0398,0x4a0043,
0x4a039c,0x49feba,
0x4a03a0,0x4a00d6,
0x4a03bc,0x4a01e0,
0x4a03c0,0x4a01f6,
0x4a03c4,0x4a01e0,
0x4a03c8,0x4a01f6,
0x4a03cc,0x4a01aa,
0x4a03d0,0x4a01aa,
0x4a03d4,0x4a0120,
0x4a03d8,0x4a01e0,
0x4a03dc,0x4a01f6,
0x4a03e0,0x4a0156,
0x4a03e4,0x4a01f6,
0x4a03e8,0x4a021f,
0x4a0426,0x4bea34,
0x4a0432,0x5a810c,
0x4a0443,0x655290,
0x4a0465,0x5a810c,
0x4a04a4,0x4bea5c,
0x4a0515,0x4bea34,
0x4a0523,0x4bea34,
0x4a05d9,0x4bc104,
0x4a0618,0x655294,
0x4a0626,0x655294,
0x4a064e,0x6552a0,
0x4a0655,0x6552a0,
0x4a066e,0x655290,
0x4a0677,0x655290,
0x4a0684,0x655290,
0x4a068d,0x6552a8,
0x4a06a2,0x65528c,
0x4a06b2,0x65528c,
0x4a06c2,0x65528c,
0x4a06cb,0x65528c,
0x4a06d4,0x6552a4,
0x4a06db,0x6552a4,
0x4a0745,0x655294,
0x4a0750,0x655294,
0x4a0756,0x6552a0,
0x4a075d,0x6552a0,
0x4a077b,0x655290,
0x4a0786,0x655290,
0x4a078c,0x6552a8,
0x4a0793,0x6552a8,
0x4a07b1,0x6552a4,
0x4a07b7,0x6552a4,
0x4a07d6,0x5a8108,
0x4a07e6,0x4bea34,
0x4a081e,0x4a0938,
0x4a0938,0x4a0822,
0x4a093c,0x4a086a,
0x4a0940,0x4a0877,
0x4a0944,0x4a0843,
0x4a0948,0x4a085d,
0x4a094c,0x4a0822,
0x4a0950,0x4a0843,
0x4a0954,0x4a0895,
0x4a0958,0x4a0932,
0x4a095c,0x4a0932,
0x4a0960,0x4a0932,
0x4a0964,0x4a08e6,
0x4a0968,0x4a0932,
0x4a096c,0x4a08fa,
0x4a0970,0x4a0922,
0x4a0974,0x4a0922,
0x4a0978,0x4a090e,
0x4a097c,0x4a0822,
0x4a0980,0x4a0922,
0x4a0984,0x4a08b3,
0x4a0988,0x4a0836,
0x4a098c,0x4a0850,
0x4a09c7,0x5a8108,
0x4a09d7,0x4bea34,
0x4a0a36,0x655280,
0x4a0a46,0x6552c8,
0x4a0a4c,0x6552c8,
0x4a0a60,0x655280,
0x4a0a74,0x4fe6f0,
0x4a0a85,0x4fe6f0,
0x4a0a91,0x6552c0,
0x4a0af5,0x4bea34,
0x4a0b29,0x4fe6f0,
0x4a0b41,0x4fe6f0,
0x4a0bef,0x4bc20c,
0x4a0c22,0x4bea38,
0x4a0c28,0x4bea64,
0x4a0c2e,0x4bea68,
0x4a0c42,0x4bea38,
0x4a0c48,0x4bea6c,
0x4a0c4e,0x4bea70,
0x4a0c69,0x4bea44,
0x4a0c75,0x4bea38,
0x4a0c7d,0x4bea44,
0x4a0c85,0x4bea70,
0x4a0c96,0x4bea74,
0x4a0ca8,0x4bea44,
0x4a0dd6,0x4bea44,
0x4a0e0d,0x4bea44,
0x4a0e28,0x4bea34,
0x4a0e75,0x4bea34,
0x4a0f0c,0x4bea78,
0x4a0f51,0x655280,
0x4a0f6e,0x4bc110,
0x4a0f73,0x5aaac0,
0x4a0f7f,0x5a8118,
0x4a0f84,0x4fe71c,
0x4a0f91,0x5aaac4,
0x4a0f99,0x5aaac4,
0x4a0fa9,0x5aaac4,
0x4a0fb6,0x5a82e8,
0x4a0fbf,0x5aaac8,
0x4a0fc5,0x5aaacc,
0x4a0fca,0x5a82dc,
0x4a0fe3,0x5a82e0,
0x4a1025,0x5a8118,
0x4a1045,0x5aaac0,
0x4a1052,0x4bc108,
0x4a107c,0x5a8118,
0x4a1089,0x5a8118,
0x4a120d,0x5a8118,
0x4a123a,0x5a8118,
0x4a124b,0x5a8118,
0x4a127d,0x5aaac0,
0x4a128c,0x4bc0e4,
0x4a1293,0x5a8118,
0x4a12a2,0x5a8118,
0x4a12ac,0x4bc28c,
0x4a132f,0x5a8118,
0x4a143b,0x4fe71c,
0x4a1455,0x4fe724,
0x4a149d,0x5aaac4,
0x4a14a9,0x5aaac8,
0x4a14b6,0x5aaac8,
0x4a14be,0x5aaacc,
0x4a1562,0x4bea80,
0x4a15a1,0x4bea88,
0x4a15c7,0x4bea88,
0x4a15dd,0x4bea88,
0x4a161d,0x4bea8c,
0x4a162e,0x4bea88,
0x4a1640,0x4bea88,
0x4a164a,0x4bea88,
0x4a1694,0x4bea8c,
0x4a16c7,0x4bea90,
0x4a16d8,0x4bea94,
0x4a16ea,0x4bea94,
0x4a16f4,0x4bea94,
0x4a1736,0x4bea90,
0x4a178c,0x5a8118,
0x4a17a1,0x5a8118,
0x4a17d7,0x5aaac0,
0x4a17e0,0x4bc104,
0x4a1847,0x5a8118,
0x4a1873,0x4bc20c,
0x4a193e,0x4fe71c,
0x4a1956,0x4fe724,
0x4a19b5,0x4fe738,
0x4a19bc,0x4bc1d0,
0x4a19ce,0x4fe708,
0x4a19d6,0x4bc26c,
0x4a19dd,0x4fe708,
0x4a19ec,0x4fe72c,
0x4a19f2,0x4bc29c,
0x4a1a35,0x5aaac4,
0x4a1a41,0x5aaac8,
0x4a1a4e,0x5aaac8,
0x4a1a57,0x5aaacc,
0x4a1aeb,0x5a8118,
0x4a1b00,0x5a8118,
0x4a1b36,0x5aaac0,
0x4a1b3f,0x4bc104,
0x4a1b86,0x4fe71c,
0x4a1be4,0x4faed8,
0x4a1be9,0x4fe71c,
0x4a1c4a,0x4fe71c,
0x4a1c86,0x4bea98,
0x4a1c9e,0x4bea98,
0x4a1cb7,0x4bea98,
0x4a1d0f,0x4fe71c,
0x4a1d6f,0x4fe71c,
0x4a1dbe,0x4bea9c,
0x4a1ddc,0x4fe71c,
0x4a1df4,0x5aaac4,
0x4a1e00,0x5aaac8,
0x4a1e0d,0x5aaac8,
0x4a1e16,0x5aaacc,
0x4a1e62,0x4fe71c,
0x4a1e75,0x5aaac4,
0x4a1e81,0x5aaac8,
0x4a1e8e,0x5aaac8,
0x4a1e97,0x5aaacc,
0x4a1eda,0x5aaac4,
0x4a1f6e,0x4fe71c,
0x4a1f9a,0x4bc104,
0x4a1f9f,0x5a8118,
0x4a1fb1,0x5aaac0,
0x4a1fcb,0x5a82dc,
0x4a1fd3,0x5aaac0,
0x4a1fda,0x4bc10c,
0x4a1fe2,0x5aaacc,
0x4a1fec,0x5aaac8,
0x4a1ff6,0x5a82e0,
0x4a2003,0x5a82dc,
0x4a200c,0x5aaac8,
0x4a2022,0x4fe71c,
0x4a202e,0x5a82dc,
0x4a2045,0x5a82dc,
0x4a205f,0x4beaa0,
0x4a20aa,0x4fe71c,
0x4a211c,0x6442c4,
0x4a212f,0x4faf18,
0x4a213d,0x6442c4,
0x4a2147,0x4faf18,
0x4a2171,0x4fe71c,
0x4a220b,0x4bea98,
0x4a2215,0x4bea80,
0x4a2231,0x4fe71c,
0x4a2277,0x4beaa4,
0x4a22ad,0x4beaa8,
0x4a22cd,0x4beaa8,
0x4a22df,0x4beaa8,
0x4a22e9,0x4beab0,
0x4a2441,0x5a82e0,
0x4a2450,0x5aaacc,
0x4a245a,0x5aaac8,
0x4a2462,0x5aaac8,
0x4a246b,0x5aaacc,
0x4a2471,0x5aaac4,
0x4a247b,0x5aaac8,
0x4a2481,0x5aaacc,
0x4a2487,0x5a82dc,
0x4a2491,0x5a82dc,
0x4a24ba,0x4fe738,
0x4a24c1,0x4bc1d0,
0x4a24d3,0x4fe708,
0x4a24db,0x4bc26c,
0x4a24e2,0x4fe708,
0x4a24f1,0x4fe72c,
0x4a24f7,0x4bc29c,
0x4a2575,0x4fe71c,
0x4a25d4,0x4fe71c,
0x4a25fe,0x4bc110,
0x4a2603,0x5aab04,
0x4a260f,0x5aaad0,
0x4a2616,0x4f7d2c,
0x4a261c,0x4f7d30,
0x4a263e,0x4faed8,
0x4a2659,0x4f7d30,
0x4a265f,0x4f7d2c,
0x4a2665,0x4fe724,
0x4a267c,0x4f7d2c,
0x4a2681,0x4f7d30,
0x4a269e,0x4bc1e0,
0x4a26ea,0x5aaad0,
0x4a2711,0x5aab04,
0x4a2718,0x4bc108,
0x4a275c,0x5aaad0,
0x4a2766,0x5aaad0,
0x4a2776,0x4f7d24,
0x4a277c,0x4f7d28,
0x4a279c,0x4faed8,
0x4a27bc,0x4f7d28,
0x4a27c2,0x4f7d24,
0x4a27c9,0x4fe724,
0x4a27e0,0x4f7d24,
0x4a27e5,0x4f7d28,
0x4a2800,0x4bc1e0,
0x4a284c,0x5aaad0,
0x4a2873,0x5aab04,
0x4a287a,0x4bc108,
0x4a28be,0x5aaad0,
0x4a28c8,0x5aaad0,
0x4a28d8,0x4f8160,
0x4a28de,0x4f8164,
0x4a28fe,0x4faed8,
0x4a291e,0x4f8164,
0x4a2924,0x4f8160,
0x4a292b,0x4fe724,
0x4a2942,0x4f8160,
0x4a2947,0x4f8164,
0x4a2962,0x4bc1e0,
0x4a29ae,0x5aaad0,
0x4a29d5,0x5aab04,
0x4a29dc,0x4bc108,
0x4a2a20,0x5aaad0,
0x4a2a2a,0x5aaad0,
0x4a2a3a,0x4f89d0,
0x4a2a40,0x4f89d4,
0x4a2a60,0x4faed8,
0x4a2a80,0x4f89d4,
0x4a2a86,0x4f89d0,
0x4a2a8d,0x4fe724,
0x4a2aa4,0x4f89d0,
0x4a2aa9,0x4f89d4,
0x4a2ac4,0x4bc1e0,
0x4a2b10,0x5aaad0,
0x4a2b37,0x5aab04,
0x4a2b3e,0x4bc108,
0x4a2b82,0x5aaad0,
0x4a2b8c,0x5aaad0,
0x4a2bb7,0x4fe71c,
0x4a2bce,0x4faed8,
0x4a2bf7,0x4bc1e0,
0x4a2c63,0x5aaad0,
0x4a2caf,0x4fe71c,
0x4a2cd5,0x4bc104,
0x4a2cda,0x5aaad0,
0x4a2ce8,0x4fe71c,
0x4a2cf4,0x5aab04,
0x4a2d0f,0x5aab04,
0x4a2d17,0x5aab04,
0x4a2d1e,0x4bc10c,
0x4a2d3c,0x4fed64,
0x4a2d47,0x5be4d8,
0x4a2d55,0x5aab08,
0x4a2d61,0x5d88d8,
0x4a2d69,0x5da750,
0x4a2d6f,0x5d88d4,
0x4a2d75,0x5da78c,
0x4a2d7b,0x5da754,
0x4a2d81,0x5d88d0,
0x4a2d87,0x5da794,
0x4a2d8d,0x5da798,
0x4a2d93,0x5da79c,
0x4a2d99,0x5da74c,
0x4a2d9f,0x5da7a0,
0x4a2dbe,0x5da758,
0x4a2dca,0x5da738,
0x4a2dce,0x5367de,
0x4a2dd4,0x5da73c,
0x4a2dd8,0x5367df,
0x4a2dde,0x5da740,
0x4a2de2,0x5367e0,
0x4a2de8,0x5da744,
0x4a2dec,0x5367e1,
0x4a2df2,0x5da748,
0x4a2df6,0x5367e2,
0x4a2e0a,0x5da78c,
0x4a2e18,0x5be4d8,
0x4a2e5a,0x5be4d8,
0x4a2e60,0x5be528,
0x4a2e6a,0x5be4fc,
0x4a2e74,0x5be530,
0x4a2e7a,0x5be4dc,
0x4a2e9e,0x5be4f8,
0x4a2ea8,0x5be798,
0x4a2eae,0x5be514,
0x4a2ec9,0x5da78c,
0x4a2ed0,0x4fed68,
0x4a2edb,0x5da78c,
0x4a2eef,0x5be210,
0x4a2f02,0x5be4d8,
0x4a2f08,0x5da754,
0x4a2f93,0x4a51a0,
0x4a2fa1,0x4bc1e8,
0x4a2fc7,0x5aab24,
0x4a2fd0,0x5aab24,
0x4a3001,0x5d8930,
0x4a3019,0x5da790,
0x4a302c,0x5d88d4,
0x4a3047,0x5d88d8,
0x4a3119,0x4bc28c,
0x4a315a,0x4fedd0,
0x4a3168,0x5d88d4,
0x4a3171,0x5d88d4,
0x4a317e,0x5da754,
0x4a31b8,0x4fed9c,
0x4a31d2,0x5da78c,
0x4a31e7,0x5be4d8,
0x4a3230,0x5be528,
0x4a323d,0x5be580,
0x4a3250,0x5be528,
0x4a325e,0x5be738,
0x4a3268,0x5be790,
0x4a3282,0x5da78c,
0x4a3292,0x5be4d8,
0x4a32b6,0x5be798,
0x4a32d3,0x5aab08,
0x4a32d9,0x5aab38,
0x4a32fb,0x5d8930,
0x4a3303,0x5d8934,
0x4a330c,0x5aab24,
0x4a3318,0x5aab20,
0x4a3325,0x5aab18,
0x4a332e,0x5d8940,
0x4a3337,0x5d895c,
0x4a3340,0x5d8958,
0x4a3355,0x5aab24,
0x4a335b,0x5aab20,
0x4a3382,0x5da750,
0x4a3393,0x5aab08,
0x4a3413,0x5aab08,
0x4a3425,0x5aab0c,
0x4a3449,0x5aab14,
0x4a3455,0x5aab28,
0x4a3463,0x5aab2c,
0x4a3469,0x4beab8,
0x4a3476,0x5aab3c,
0x4a347e,0x5aab40,
0x4a3492,0x5aab44,
0x4a349b,0x5aab24,
0x4a34a8,0x5aab20,
0x4a34c2,0x5da78c,
0x4a34d2,0x5be4d8,
0x4a34fd,0x5be530,
0x4a351a,0x5be580,
0x4a3524,0x4fedf4,
0x4a3548,0x5aab14,
0x4a3550,0x5aab28,
0x4a3571,0x5aab44,
0x4a3595,0x5da78c,
0x4a35a0,0x5be4d8,
0x4a35e4,0x5be580,
0x4a3600,0x4bc1f0,
0x4a3606,0x5be7a0,
0x4a361c,0x5be4d8,
0x4a3626,0x5da78c,
0x4a362f,0x5da78c,
0x4a3648,0x5be4d8,
0x4a366b,0x5aab20,
0x4a3684,0x4a3730,
0x4a3692,0x4bc1e8,
0x4a36a7,0x5da750,
0x4a36c1,0x5aab54,
0x4a36c8,0x5aab08,
0x4a36db,0x5da750,
0x4a36e5,0x5da750,
0x4a36fb,0x5aab24,
0x4a3789,0x5da78c,
0x4a3794,0x5be4d8,
0x4a37c0,0x5be4d8,
0x4a37d5,0x5da750,
0x4a37ea,0x5aab10,
0x4a3808,0x5d88d8,
0x4a3875,0x4beac0,
0x4a389a,0x4beac4,
0x4a38a5,0x4beac8,
0x4a3aa7,0x4beab8,
0x4a3ac5,0x4bead0,
0x4a3c1b,0x4beadc,
0x4a3c2c,0x4beae0,
0x4a3c4e,0x4beae4,
0x4a3c6d,0x4beab8,
0x4a3c82,0x4beab8,
0x4a3c8e,0x4beab8,
0x4a3c9b,0x4beac0,
0x4a3ca3,0x4beae8,
0x4a3cb7,0x4beab8,
0x4a3cd5,0x4faed8,
0x4a3d57,0x4beaf0,
0x4a3db2,0x4beaf8,
0x4a3dcf,0x4beab8,
0x4a3ddc,0x4beab8,
0x4a3de8,0x4beab8,
0x4a3df5,0x4beac0,
0x4a3dfd,0x4beae8,
0x4a3e1b,0x4beab8,
0x4a3e3f,0x4faed8,
0x4a3ea2,0x4beb00,
0x4a3ed8,0x4beaf0,
0x4a3f44,0x4beb08,
0x4a3f55,0x4beb08,
0x4a3f72,0x4beb08,
0x4a4047,0x4beabc,
0x4a4053,0x5da794,
0x4a405a,0x4fee50,
0x4a4088,0x4beabc,
0x4a4096,0x5da794,
0x4a409c,0x4fee40,
0x4a40a3,0x5da794,
0x4a40a9,0x4fee30,
0x4a410f,0x5da750,
0x4a4157,0x5da78c,
0x4a416a,0x5be4d8,
0x4a418d,0x654b98,
0x4a419d,0x5da798,
0x4a41a9,0x5da798,
0x4a41e2,0x4beab8,
0x4a420b,0x5367dc,
0x4a4211,0x5367dc,
0x4a4223,0x5367dd,
0x4a422c,0x5da79c,
0x4a4239,0x5da79c,
0x4a423e,0x5da79c,
0x4a42b0,0x5aab38,
0x4a42b7,0x5aab08,
0x4a42c4,0x5d88d8,
0x4a42d5,0x5da798,
0x4a4302,0x5aab08,
0x4a430c,0x4beab8,
0x4a4331,0x5d893c,
0x4a433f,0x4beac0,
0x4a4347,0x4beb10,
0x4a4357,0x4beb14,
0x4a4370,0x4beab8,
0x4a437d,0x4bc20c,
0x4a438f,0x4beb18,
0x4a43ec,0x5da78c,
0x4a43f7,0x5be4d8,
0x4a4423,0x5be4d8,
0x4a446b,0x5da78c,
0x4a4476,0x5be4d8,
0x4a44a2,0x5be4d8,
0x4a44df,0x5da74c,
0x4a44e7,0x4fed64,
0x4a44ec,0x4fee60,
0x4a44f8,0x4fe748,
0x4a44fd,0x5da794,
0x4a4519,0x5da74c,
0x4a4532,0x5da750,
0x4a4547,0x5aab08,
0x4a45c8,0x5da758,
0x4a45ec,0x5da758,
0x4a4602,0x5da78c,
0x4a460d,0x5be4d8,
0x4a4639,0x5be4d8,
0x4a464b,0x654b80,
0x4a4654,0x4fed64,
0x4a465d,0x4fe755,
0x4a4666,0x4fed64,
0x4a4673,0x4fe748,
0x4a4687,0x4fed64,
0x4a4694,0x4fe748,
0x4a46a5,0x5da794,
0x4a46b3,0x5da794,
0x4a46d6,0x5da7a0,
0x4a471f,0x5da7a0,
0x4a4734,0x5da78c,
0x4a473f,0x5be4d8,
0x4a476b,0x5be4d8,
0x4a477d,0x5da794,
0x4a47a8,0x4fec88,
0x4a47b0,0x4fec70,
0x4a47c4,0x4bc20c,
0x4a47d2,0x4beb1c,
0x4a47d8,0x4bead8,
0x4a47eb,0x4fed64,
0x4a47f0,0x5da758,
0x4a47fa,0x4fe930,
0x4a4806,0x4fe8c0,
0x4a4810,0x5da794,
0x4a4817,0x4fe748,
0x4a4839,0x5aab4c,
0x4a4859,0x5aab24,
0x4a4888,0x5aab38,
0x4a4898,0x4fed64,
0x4a489f,0x5d8980,
0x4a48a9,0x4fed64,
0x4a48b0,0x5d8995,
0x4a48c0,0x5da758,
0x4a48cc,0x4fea10,
0x4a48d7,0x4fe748,
0x4a48dc,0x5da794,
0x4a48ec,0x5aab28,
0x4a4907,0x4fec40,
0x4a4926,0x4fec58,
0x4a49b9,0x4fed64,
0x4a49be,0x4fee60,
0x4a49ca,0x4fe748,
0x4a49cf,0x5da794,
0x4a4a01,0x5da76c,
0x4a4a0a,0x4fed64,
0x4a4a24,0x5da758,
0x4a4a31,0x5da758,
0x4a4a42,0x5da78c,
0x4a4a59,0x5be4d8,
0x4a4aa1,0x5be528,
0x4a4aaf,0x5be580,
0x4a4aca,0x5be738,
0x4a4ad0,0x5be790,
0x4a4b16,0x4beb20,
0x4a4b21,0x5da78c,
0x4a4b2c,0x5be4d8,
0x4a4b61,0x5be530,
0x4a4b7e,0x5be580,
0x4a4b88,0x4fedf4,
0x4a4ba8,0x5aab14,
0x4a4bb0,0x5aab28,
0x4a4be1,0x5aab20,
0x4a4c02,0x5aab08,
0x4a4c0c,0x4beab8,
0x4a4c33,0x5d893c,
0x4a4c52,0x5da750,
0x4a4c62,0x5aab08,
0x4a4c92,0x5da750,
0x4a4ca2,0x5aab08,
0x4a4cca,0x5d893c,
0x4a4cd2,0x5da78c,
0x4a4ce2,0x5be4d8,
0x4a4d0b,0x5be4d8,
0x4a4d6c,0x5aab14,
0x4a4d72,0x5aab38,
0x4a4d8b,0x5d893c,
0x4a4d99,0x4beb24,
0x4a4db2,0x4fe7b0,
0x4a4dba,0x4fe7b4,
0x4a4dd0,0x4fed64,
0x4a4dda,0x5da758,
0x4a4de1,0x4fe798,
0x4a4df3,0x4fe9a0,
0x4a4dfe,0x4fe748,
0x4a4e04,0x5da794,
0x4a4e1c,0x5da74c,
0x4a4e62,0x5aab28,
0x4a4ebe,0x4fec40,
0x4a4ede,0x4fec40,
0x4a4ee5,0x4fec40,
0x4a4eef,0x4fec40,
0x4a4efa,0x4fec40,
0x4a4eff,0x4fed64,
0x4a4f06,0x4beb28,
0x4a4f0c,0x4fe77d,
0x4a4f12,0x4fe768,
0x4a4f28,0x4fea80,
0x4a4f32,0x5da794,
0x4a4f39,0x4fe748,
0x4a4f51,0x5da758,
0x4a4f60,0x5da74c,
0x4a4f6b,0x4fec58,
0x4a4f83,0x4fec58,
0x4a4f8a,0x4fec58,
0x4a4f98,0x4fec58,
0x4a4fa3,0x4fec58,
0x4a4fa8,0x4fed64,
0x4a4faf,0x4beb28,
0x4a4fb5,0x4fe77d,
0x4a4fbb,0x4fe768,
0x4a4fd1,0x4feaf0,
0x4a4fdb,0x5da794,
0x4a4fe2,0x4fe748,
0x4a4ffa,0x5da758,
0x4a5009,0x5da74c,
0x4a5019,0x4fec70,
0x4a5035,0x4fec70,
0x4a503c,0x4fec70,
0x4a5045,0x4fec70,
0x4a5050,0x4fec70,
0x4a5055,0x4fed64,
0x4a505c,0x4beb28,
0x4a5062,0x4fe77d,
0x4a5068,0x4fe768,
0x4a507e,0x4feb60,
0x4a5088,0x5da794,
0x4a508f,0x4fe748,
0x4a50a7,0x5da758,
0x4a50b6,0x5da74c,
0x4a50c1,0x4fec88,
0x4a50dd,0x4fec88,
0x4a50e4,0x4fec88,
0x4a50ed,0x4fec88,
0x4a50f8,0x4fec88,
0x4a50fd,0x4fed64,
0x4a5104,0x4beb28,
0x4a510a,0x4fe77d,
0x4a5110,0x4fe768,
0x4a5126,0x4febd0,
0x4a5130,0x5da794,
0x4a5137,0x4fe748,
0x4a514f,0x5da758,
0x4a515a,0x5da74c,
0x4a5172,0x5da78c,
0x4a5182,0x5be4d8,
0x4a52e9,0x5da750,
0x4a52fe,0x5da78c,
0x4a5316,0x5be4d8,
0x4a533f,0x5be4d8,
0x4a5370,0x5aab08,
0x4a5392,0x5d893c,
0x4a539b,0x5d8938,
0x4a53a4,0x5d893c,
0x4a53dd,0x5da750,
0x4a5425,0x4beb30,
0x4a5537,0x4beb30,
0x4a567d,0x4feeb8,
0x4a56dc,0x4faed8,
0x4a57e4,0x4beab8,
0x4a580d,0x4fee8c,
0x4a5814,0x4fee68,
0x4a5822,0x5da750,
0x4a582e,0x5da750,
0x4a5886,0x5da78c,
0x4a5891,0x5be4d8,
0x4a58bd,0x5be4d8,
0x4a5904,0x4f2364,
0x4a5909,0x5da738,
0x4a5932,0x5aab24,
0x4a5946,0x5367db,
0x4a595c,0x5aab08,
0x4a5968,0x4beab8,
0x4a598d,0x5d893c,
0x4a599b,0x4beab8,
0x4a59a8,0x5aab38,
0x4a59bc,0x5d8934,
0x4a59c4,0x5d8930,
0x4a59cc,0x5aab50,
0x4a59d2,0x4beabc,
0x4a59e3,0x5aab44,
0x4a59f2,0x5aab44,
0x4a59fd,0x5da794,
0x4a5a04,0x4fee24,
0x4a5a0a,0x5aab44,
0x4a5a15,0x5aab38,
0x4a5a27,0x5d8930,
0x4a5a2d,0x5d8934,
0x4a5a42,0x4feaf0,
0x4a5a5b,0x4fec80,
0x4a5a6c,0x5aab44,
0x4a5a7f,0x5da74c,
0x4a5ac9,0x5aab28,
0x4a5ad2,0x5367db,
0x4a5ad8,0x5aab44,
0x4a5ae0,0x5aab44,
0x4a5b1c,0x5aab28,
0x4a5b25,0x5367db,
0x4a5b2b,0x5aab44,
0x4a5b39,0x5aab44,
0x4a5b7c,0x5aab08,
0x4a5b86,0x4beab8,
0x4a5bab,0x5d893c,
0x4a5bb9,0x4beab8,
0x4a5bf6,0x5da78c,
0x4a5c01,0x5be4d8,
0x4a5c2d,0x5be4d8,
0x4a5cc6,0x5aab08,
0x4a5cd0,0x4beab8,
0x4a5cf7,0x5d893c,
0x4a5d05,0x4beab8,
0x4a5d72,0x4fed64,
0x4a5d79,0x5aab38,
0x4a5d86,0x5d8995,
0x4a5d96,0x5da758,
0x4a5da8,0x4fea10,
0x4a5db3,0x4fe748,
0x4a5db9,0x5da794,
0x4a5df3,0x5da794,
0x4a5dfb,0x4feec0,
0x4a5e18,0x4f234c,
0x4a5e2c,0x5aab38,
0x4a5e37,0x4fed64,
0x4a5e3e,0x5d8980,
0x4a5e4d,0x5da758,
0x4a5e5d,0x4fed64,
0x4a5e69,0x4fea10,
0x4a5e74,0x4fe748,
0x4a5e7a,0x5da794,
0x4a5eab,0x5da78c,
0x4a5eb6,0x5be4d8,
0x4a5ee2,0x5be4d8,
0x4a5ef0,0x5da794,
0x4a5f02,0x4fed64,
0x4a5f09,0x5da758,
0x4a5f0f,0x4fe838,
0x4a5f21,0x4fe850,
0x4a5f2c,0x4fe748,
0x4a5f3c,0x5da74c,
0x4a5f64,0x5da78c,
0x4a5f6f,0x5be4d8,
0x4a5f9b,0x5be4d8,
0x4a6015,0x5da794,
0x4a601d,0x4feec0,
0x4a602e,0x4f2354,
0x4a603b,0x4fed64,
0x4a6042,0x5aab38,
0x4a604f,0x5d8995,
0x4a6067,0x5da758,
0x4a6075,0x4fed64,
0x4a607f,0x4fea10,
0x4a608a,0x4fe748,
0x4a6090,0x5da794,
0x4a60ca,0x5da78c,
0x4a60d5,0x5be4d8,
0x4a6101,0x5be4d8,
0x4a610f,0x5da794,
0x4a6121,0x4fed64,
0x4a6128,0x5da758,
0x4a612e,0x4fe838,
0x4a6140,0x4fe850,
0x4a614b,0x4fe748,
0x4a615b,0x5da74c,
0x4a6184,0x5da78c,
0x4a618f,0x5be4d8,
0x4a61bb,0x5be4d8,
0x4a6217,0x5aab38,
0x4a621d,0x5aab4c,
0x4a6261,0x5aab4c,
0x4a6267,0x5aab38,
0x4a627f,0x5d8934,
0x4a628a,0x5d8930,
0x4a629a,0x5d8930,
0x4a62af,0x5d8934,
0x4a62c3,0x5aab08,
0x4a62cf,0x4beab8,
0x4a62f4,0x5d893c,
0x4a6302,0x4beab8,
0x4a6327,0x5da794,
0x4a632f,0x4feec0,
0x4a633a,0x4fed64,
0x4a6349,0x5d8980,
0x4a634f,0x4f2350,
0x4a635e,0x5da758,
0x4a636e,0x4fed64,
0x4a637a,0x4fea10,
0x4a6385,0x4fe748,
0x4a638b,0x5da794,
0x4a63c3,0x5da78c,
0x4a63ce,0x5be4d8,
0x4a63fa,0x5be4d8,
0x4a6408,0x5da794,
0x4a641a,0x4fed64,
0x4a6421,0x5da758,
0x4a6427,0x4fe838,
0x4a6439,0x4fe850,
0x4a6444,0x4fe748,
0x4a6454,0x5da74c,
0x4a6489,0x5da78c,
0x4a6494,0x5be4d8,
0x4a64c0,0x5be4d8,
0x4a64cf,0x5da750,
0x4a64f6,0x5aab38,
0x4a64fc,0x5aab08,
0x4a6509,0x5d88d8,
0x4a6518,0x5aab20,
0x4a6572,0x4beab8,
0x4a65aa,0x4beab8,
0x4a65c2,0x4beab8,
0x4a65ea,0x4beab8,
0x4a6602,0x4beab8,
0x4a6629,0x4beb38,
0x4a664e,0x4beac0,
0x4a66cd,0x4feaf4,
0x4a66ea,0x4fec84,
0x4a66f4,0x4f2364,
0x4a66fd,0x4beb3c,
0x4a6708,0x4f236c,
0x4a6711,0x4f2358,
0x4a67de,0x5da798,
0x4a6813,0x5da794,
0x4a681a,0x4feecc,
0x4a6850,0x4feaf0,
0x4a6858,0x4f2364,
0x4a685e,0x4f235c,
0x4a6882,0x4fec80,
0x4a688a,0x4f2364,
0x4a6890,0x4f235c,
0x4a68c2,0x5da798,
0x4a68d9,0x4beac0,
0x4a6916,0x4beb40,
0x4a6926,0x4beac0,
0x4a692f,0x4beae8,
0x4a6935,0x4beb44,
0x4a693f,0x4beae8,
0x4a6965,0x4beab8,
0x4a69d2,0x4feaf4,
0x4a69f3,0x4fec84,
0x4a69fd,0x4f2364,
0x4a6a06,0x4beb3c,
0x4a6a11,0x4f236c,
0x4a6a1a,0x4f2358,
0x4a6aeb,0x5d8934,
0x4a6af6,0x4beab8,
0x4a6afc,0x4f2368,
0x4a6b4e,0x4beab8,
0x4a6b74,0x4beab8,
0x4a6ba3,0x4beab8,
0x4a6bfe,0x4feaf4,
0x4a6c1b,0x4fec84,
0x4a6c25,0x4f2364,
0x4a6c2e,0x4beb3c,
0x4a6c39,0x4f236c,
0x4a6c42,0x4f2358,
0x4a6d13,0x5d8934,
0x4a6d1e,0x4beab8,
0x4a6d24,0x4f2368,
0x4a6d34,0x4beb48,
0x4a6da4,0x5da794,
0x4a6dab,0x4feecc,
0x4a6ddd,0x4feaf0,
0x4a6dfa,0x4fec80,
0x4a6e00,0x4f2364,
0x4a6e06,0x4f235c,
0x4a6e1a,0x4beab8,
0x4a6e37,0x4beab8,
0x4a6e52,0x5da750,
0x4a6f39,0x5da798,
0x4a6f94,0x4a70d0,
0x4a6f9b,0x4a70bc,
0x4a70bc,0x4a6ff3,
0x4a70c0,0x4a6f9f,
0x4a70c4,0x4a6ff3,
0x4a70c8,0x4a6ff3,
0x4a70cc,0x4a7028,
0x4a70ff,0x5aab20,
0x4a7125,0x5da7a4,
0x4a7131,0x5da7a4,
0x4a713f,0x5da7a4,
0x4a7151,0x5da7a4,
0x4a7167,0x655280,
0x4a7178,0x6562c0,
0x4a719b,0x655280,
0x4a71ae,0x6562c0,
0x4a71d1,0x4a7338,
0x4a71fe,0x655308,
0x4a7206,0x65530c,
0x4a7221,0x655310,
0x4a7259,0x655320,
0x4a7261,0x655324,
0x4a727c,0x655328,
0x4a72b4,0x655338,
0x4a72bc,0x65533c,
0x4a72d3,0x655340,
0x4a7308,0x6552f0,
0x4a7310,0x6552f4,
0x4a7327,0x6552f8,
0x4a7338,0x4a71d5,
0x4a733c,0x4a7230,
0x4a7340,0x4a728b,
0x4a7344,0x4a71d5,
0x4a7348,0x4a7334,
0x4a734c,0x4a7334,
0x4a7350,0x4a7334,
0x4a7354,0x4a71d5,
0x4a7358,0x4a71d5,
0x4a735c,0x4a7334,
0x4a7360,0x4a728b,
0x4a7364,0x4a7230,
0x4a7382,0x4fe6f0,
0x4a73ab,0x4fe6f0,
0x4a73cd,0x655280,
0x4a73e8,0x6562c0,
0x4a746a,0x6552b8,
0x4a7470,0x4beb50,
0x4a76e1,0x4beb54,
0x4a76e8,0x654b9c,
0x4a76fe,0x4beb58,
0x4a7706,0x4beb54,
0x4a770e,0x4beb5c,
0x4a7725,0x655280,
0x4a7738,0x6562c0,
0x4a775e,0x6552e8,
0x4a7885,0x4beb54,
0x4a7921,0x6442c4,
0x4a7927,0x6442c4,
0x4a7945,0x4faf18,
0x4a794d,0x4faf18,
0x4a7a7e,0x4beb60,
0x4a7a8a,0x4beb60,
0x4a7ab2,0x4beb60,
0x4a7afb,0x4beb64,
0x4a7c87,0x5da7a8,
0x4a7de4,0x4beb68,
0x4a7e39,0x4beb6c,
0x4a7e7d,0x4beb70,
0x4a7f50,0x4f2478,
0x4a7f63,0x4f2478,
0x4a7fed,0x4f247c,
0x4a8000,0x4f247c,
0x4a808a,0x4f2480,
0x4a809d,0x4f2480,
0x4a8127,0x4f2484,
0x4a813a,0x4f2484,
0x4a81bf,0x4feed8,
0x4a81dc,0x4feed8,
0x4a81f0,0x4feed8,
0x4a8241,0x5da7a8,
0x4a82b1,0x5da7a8,
0x4a865c,0x4beb7c,
0x4a8737,0x4beb88,
0x4a8745,0x4beb88,
0x4a8753,0x4beb88,
0x4a8874,0x6442c4,
0x4a887a,0x6442c4,
0x4a8898,0x4faf18,
0x4a88a0,0x4faf18,
0x4a88f3,0x4beb80,
0x4a8914,0x4beb8c,
0x4a8932,0x4beb80,
0x4a8952,0x4bebac,
0x4a8a73,0x4bebb4,
0x4a8a94,0x4bebb4,
0x4a8aa2,0x4bebb4,
0x4a8ac8,0x4beba4,
0x4a8ace,0x4beba8,
0x4a8d4c,0x4bebb8,
0x4a8d6b,0x4beba0,
0x4a8dca,0x4beba4,
0x4a8ddf,0x4beba8,
0x4a9021,0x5da7ac,
0x4a902d,0x4bc104,
0x4a9039,0x5da7b0,
0x4a9047,0x5da7ac,
0x4a904e,0x5da7b0,
0x4a9059,0x4bc10c,
0x4a9065,0x4bc110,
0x4a906c,0x5da7b0,
0x4a9072,0x5da7ac,
0x4a907c,0x4bc224,
0x4a9086,0x4bc258,
0x4a909a,0x5da7b0,
0x4a90ab,0x4bc108,
0x4a90b6,0x4bc20c,
0x4a90da,0x4bebbc,
0x4a90e0,0x4bebc0,
0x4a9111,0x4bebbc,
0x4a9117,0x4bebc4,
0x4a911d,0x4bebc8,
0x4a913a,0x4bebbc,
0x4a9148,0x4bebc4,
0x4a9155,0x4bebc8,
0x4a918b,0x4bebbc,
0x4a9191,0x4bebcc,
0x4a91bf,0x5da7ac,
0x4a91cc,0x5da7ac,
0x4a91ef,0x5da7ac,
0x4a92a8,0x5da7ac,
0x4a92af,0x5da7b0,
0x4a92b8,0x4bc104,
0x4a9360,0x4bebd0,
0x4a9409,0x4feee0,
0x4a942e,0x4feee0,
0x4a9472,0x4bebd4,
0x4a948e,0x4bebd4,
0x4a94a3,0x4bebd4,
0x4a9515,0x4bebd0,
0x4a9581,0x4bebd8,
0x4a987e,0x4bebe0,
0x4a9885,0x4feee0,
0x4a9979,0x4feee0,
0x4a9b0c,0x4bebe8,
0x4a9b1b,0x4bebe8,
0x4a9b26,0x4bebe4,
0x4a9b93,0x4bebe8,
0x4a9c1a,0x4bebec,
0x4a9d7d,0x4bebd0,
0x4a9d9f,0x6552f8,
0x4a9fa5,0x4bebf4,
0x4a9fc4,0x4bebf8,
0x4aa049,0x4fe6f0,
0x4aa0f5,0x6442c4,
0x4aa10a,0x4faf18,
0x4aa114,0x6442c4,
0x4aa124,0x4faf18,
0x4aa15c,0x4fe6f0,
0x4aa1e5,0x4bebf4,
0x4aa1ff,0x4bebf8,
0x4aa2a1,0x4fe6f0,
0x4aa2dc,0x4fe6f0,
0x4aa365,0x4bebf4,
0x4aa37f,0x4bebf8,
0x4aa422,0x4fe6f0,
0x4aa45c,0x4fe6f0,
0x4aa4e5,0x4bebf4,
0x4aa4ff,0x4bebf8,
0x4aa57b,0x4fe6f0,
0x4aa5ec,0x4bec00,
0x4aa606,0x4bec04,
0x4aa617,0x4bec08,
0x4aa636,0x4bec10,
0x4aa7d1,0x4bec18,
0x4aa8bf,0x4fe6f0,
0x4aa8fd,0x4bec1c,
0x4aaa4a,0x4fe6f0,
0x4aaa89,0x4fe6f0,
0x4aab64,0x4bec20,
0x4aabbc,0x4bec28,
0x4aabf3,0x4bec24,
0x4aabfb,0x4bec2c,
0x4aac0a,0x4bec2c,
0x4aac13,0x4bec28,
0x4aac23,0x4bec30,
0x4aac30,0x4bec34,
0x4aac3f,0x4bec34,
0x4aac48,0x4bec30,
0x4aac55,0x4bec38,
0x4aac64,0x4bec38,
0x4aac6a,0x4bec3c,
0x4aad20,0x4bec04,
0x4aad34,0x4bec08,
0x4aad53,0x4bec10,
0x4aaee9,0x6442c4,
0x4aaeef,0x6442c4,
0x4aaf08,0x4faf18,
0x4aaf10,0x4faf18,
0x4aaf68,0x4bec40,
0x4aaf9f,0x4bec18,
0x4ab078,0x4fe6f0,
0x4ab0b6,0x4bec1c,
0x4ab2c4,0x4bec20,
0x4ab31c,0x4bec28,
0x4ab353,0x4bec24,
0x4ab35b,0x4bec2c,
0x4ab36a,0x4bec2c,
0x4ab373,0x4bec28,
0x4ab383,0x4bec30,
0x4ab390,0x4bec34,
0x4ab39f,0x4bec34,
0x4ab3a8,0x4bec30,
0x4ab3b5,0x4bec38,
0x4ab3c4,0x4bec38,
0x4ab3ca,0x4bec3c,
0x4ab47e,0x4bec04,
0x4ab492,0x4bec08,
0x4ab4b1,0x4bec10,
0x4ab647,0x6442c4,
0x4ab64d,0x6442c4,
0x4ab666,0x4faf18,
0x4ab66e,0x4faf18,
0x4ab6c6,0x4bec40,
0x4ab6fd,0x4bec18,
0x4ab7d6,0x4fe6f0,
0x4ab812,0x4bec1c,
0x4ab966,0x4bec04,
0x4ab987,0x4bec08,
0x4ab9a6,0x4bec10,
0x4abb99,0x4bec18,
0x4abc6c,0x4fe6f0,
0x4abca8,0x4bec1c,
0x4abd99,0x4fe6f0,
0x4abdbe,0x4fe6f0,
0x4abdcc,0x4fe6f0,
0x4abe18,0x4bec1c,
0x4abe9c,0x4bec48,
0x4abebd,0x4bec4c,
0x4abedc,0x4bec50,
0x4ac08d,0x4bec58,
0x4ac16e,0x4fe6f0,
0x4ac1ac,0x4bec5c,
0x4ac40d,0x4bec48,
0x4ac431,0x4bec4c,
0x4ac450,0x4bec50,
0x4ac5e8,0x4bec58,
0x4ac6c9,0x4fe6f0,
0x4ac707,0x4bec5c,
0x4ac89e,0x4bec48,
0x4ac8b2,0x4bec4c,
0x4ac8d1,0x4bec50,
0x4aca74,0x4bec64,
0x4aca8c,0x4bec58,
0x4acb4e,0x4fe6f0,
0x4acc3b,0x4bec64,
0x4acc6a,0x4bec64,
0x4acc8b,0x4bec64,
0x4acd8d,0x4bec5c,
0x4ace5d,0x4bec48,
0x4ace81,0x4bec4c,
0x4acea0,0x4bec50,
0x4ad038,0x4bec58,
0x4ad119,0x4fe6f0,
0x4ad157,0x4bec5c,
0x4ad265,0x4bc258,
0x4ad271,0x4bc20c,
0x4ad279,0x5da7c0,
0x4ad299,0x4bec68,
0x4ad2a5,0x4bec6c,
0x4ad2ae,0x5dabac,
0x4ad2b4,0x4bec70,
0x4ad2c1,0x5da7b8,
0x4ad2cb,0x4bc224,
0x4ad30b,0x5da7b8,
0x4ad312,0x5da7c0,
0x4ad31a,0x4bec74,
0x4ad322,0x5da7b8,
0x4ad32b,0x5da7b8,
0x4ad332,0x5da7c0,
0x4ad33a,0x4bec74,
0x4ad342,0x5da7b8,
0x4ad34d,0x5da7b8,
0x4ad354,0x5da7c0,
0x4ad35c,0x4bec74,
0x4ad364,0x5da7b8,
0x4ad3a6,0x5da7b8,
0x4ad3ad,0x5da7c0,
0x4ad3b5,0x4bec78,
0x4ad3bd,0x5da7b8,
0x4ad3c5,0x5da7b8,
0x4ad3cc,0x5da7c0,
0x4ad3d4,0x4bec78,
0x4ad3dc,0x5da7b8,
0x4ad3e4,0x5da7b8,
0x4ad3eb,0x5da7c0,
0x4ad3f3,0x4bec78,
0x4ad3fb,0x5da7b8,
0x4ad419,0x4bc110,
0x4ad42d,0x4bc108,
0x4ad46b,0x4bc160,
0x4ad483,0x4bc0e4,
0x4ad4f0,0x5dabb0,
0x4ad4f9,0x5dabb4,
0x4ad500,0x5dabb8,
0x4ad506,0x5dabb0,
0x4ad50f,0x5dabbc,
0x4ad515,0x4bc28c,
0x4ad51d,0x4c3280,
0x4ad522,0x5dabb0,
0x4ad528,0x4bc210,
0x4ad539,0x5dabb0,
0x4ad541,0x5dabb0,
0x4ad54d,0x5dabb0,
0x4ad553,0x5dabb0,
0x4ad55c,0x5dabb0,
0x4ad562,0x4fef40,
0x4ad614,0x4bc104,
0x4ad632,0x4bc10c,
0x4ad644,0x5dabb0,
0x4ad64a,0x5dabb4,
0x4ad655,0x5dabb8,
0x4ad65b,0x5dabb0,
0x4ad660,0x5dabbc,
0x4ad666,0x4bc28c,
0x4ad66e,0x4c3280,
0x4ad673,0x5dabb0,
0x4ad679,0x4bc210,
0x4ad68d,0x5dabb0,
0x4ad695,0x5dabb0,
0x4ad6a1,0x5dabb0,
0x4ad6a7,0x5dabb0,
0x4ad6cc,0x5dabb0,
0x4ad6e6,0x5dabb0,
0x4ad725,0x4bc238,
0x4ad731,0x5dabc0,
0x4ad751,0x5dd370,
0x4ad766,0x4bc28c,
0x4ad76b,0x4c2020,
0x4ad7c8,0x4fef70,
0x4ad7df,0x6562c4,
0x4ad809,0x4ffc70,
0x4ad878,0x4ff330,
0x4ad8e1,0x4fefb0,
0x4ad92f,0x4ff180,
0x4ad96f,0x4feff0,
0x4ad992,0x4ff1d0,
0x4ada46,0x4ff380,
0x4ada4b,0x4ffcd0,
0x4ada6c,0x4ffcd0,
0x4ada72,0x4ffcb4,
0x4ada8b,0x4ffcd0,
0x4ada91,0x4ffc98,
0x4adaad,0x4ffcd0,
0x4adab3,0x4ffc78,
0x4adc7d,0x4ff0b0,
0x4add3d,0x4ff450,
0x4add42,0x4ffcd0,
0x4ade3c,0x4ff1f0,
0x4ae02a,0x4ae2b4,
0x4ae086,0x4ffcfc,
0x4ae08d,0x4bc28c,
0x4ae10b,0x4fe724,
0x4ae176,0x4ffcf0,
0x4ae17d,0x4bc28c,
0x4ae1e9,0x4fac9c,
0x4ae20e,0x4ffce0,
0x4ae2b4,0x4ae072,
0x4ae2b8,0x4ae072,
0x4ae2bc,0x4ae227,
0x4ae2c0,0x4ae146,
0x4ae2c4,0x4ae227,
0x4ae2c8,0x4ae056,
0x4ae2cc,0x4ae227,
0x4ae2d0,0x4ae02e,
0x4ae2fb,0x4ae378,
0x4ae302,0x4ae350,
0x4ae350,0x4ae336,
0x4ae354,0x4ae306,
0x4ae358,0x4ae30e,
0x4ae35c,0x4ae316,
0x4ae360,0x4ae31e,
0x4ae364,0x4ae326,
0x4ae368,0x4ae32e,
0x4ae36c,0x4ae33e,
0x4ae370,0x4ae346,
0x4ae374,0x4ae34c,
0x4ae3da,0x4ae2e0,
0x4ae434,0x4ffd18,
0x4ae53e,0x4ffd04,
0x4ae639,0x4bc238,
0x4ae64e,0x4bc28c,
0x4ae65d,0x4ff210,
0x4ae7ae,0x4bc28c,
0x4ae7d4,0x4ff240,
0x4ae858,0x4ff240,
0x4ae938,0x4bc28c,
0x4aec0d,0x4bc238,
0x4aec25,0x4bc28c,
0x4aec34,0x4ff270,
0x4aee65,0x4bc260,
0x4aeef6,0x4c3280,
0x4aefcf,0x4c3280,
0x4af014,0x4c3280,
0x4af05e,0x4c3280,
0x4af0a8,0x4c3280,
0x4af227,0x4ffd3c,
0x4af2c6,0x4ff2d0,
0x4af34c,0x4ff2d0,
0x4af434,0x4af664,
0x4af64e,0x4faed8,
0x4af664,0x4af438,
0x4af668,0x4af4ad,
0x4af66c,0x4af522,
0x4af670,0x4af642,
0x4af674,0x4af5a9,
0x4af716,0x4af848,
0x4af848,0x4af71a,
0x4af84c,0x4af720,
0x4af850,0x4af726,
0x4af854,0x4af732,
0x4af858,0x4af72c,
0x4af907,0x4ffe2c,
0x4af90f,0x4ffe24,
0x4af91a,0x4ffe1c,
0x4af926,0x4ffe14,
0x4af93f,0x4ffe0c,
0x4af947,0x4ffe04,
0x4af95d,0x4c3280,
0x4af964,0x4bc260,
0x4af970,0x4ffdfc,
0x4af9ff,0x4ffe2c,
0x4afa07,0x4ffe24,
0x4afa0f,0x4ffe1c,
0x4afa17,0x4ffe14,
0x4afa1f,0x4ffe0c,
0x4afa27,0x4ffe04,
0x4afa40,0x4c3280,
0x4afa47,0x4bc260,
0x4afa53,0x4ffdf4,
0x4afae2,0x4ffe2c,
0x4afaea,0x4ffe24,
0x4afaf2,0x4ffe1c,
0x4afafa,0x4ffe14,
0x4afb02,0x4ffe0c,
0x4afb0a,0x4ffe04,
0x4afb23,0x4c3280,
0x4afb2a,0x4bc260,
0x4afb36,0x4ffdec,
0x4afbc9,0x4ffe2c,
0x4afbd1,0x4ffe24,
0x4afbdf,0x4ffe1c,
0x4afbeb,0x4ffe14,
0x4afbf3,0x4ffe0c,
0x4afbfb,0x4ffe04,
0x4afc11,0x4c3280,
0x4afc18,0x4bc260,
0x4afc24,0x4ffde4,
0x4afcb3,0x4ffe2c,
0x4afcbb,0x4ffe24,
0x4afcc3,0x4ffe1c,
0x4afccb,0x4ffe14,
0x4afcd3,0x4ffe0c,
0x4afcdb,0x4ffe04,
0x4afcf4,0x4c3280,
0x4afcfb,0x4bc260,
0x4afd07,0x4ffddc,
0x4afd96,0x4ffe2c,
0x4afd9e,0x4ffe24,
0x4afda6,0x4ffe1c,
0x4afdae,0x4ffe14,
0x4afdb6,0x4ffe0c,
0x4afdbe,0x4ffe04,
0x4afdd7,0x4c3280,
0x4afdde,0x4bc260,
0x4afdea,0x4ffdd4,
0x4afe7d,0x4ffe2c,
0x4afe85,0x4ffe24,
0x4afe93,0x4ffe1c,
0x4afe9f,0x4ffe14,
0x4afea7,0x4ffe0c,
0x4afeaf,0x4ffe04,
0x4afec8,0x4c3280,
0x4afecf,0x4bc260,
0x4afedb,0x4ffdcc,
0x4aff72,0x4ffdc4,
0x4aff8f,0x4ffdbc,
0x4affb0,0x4ffdb4,
0x4affd3,0x4ffdac,
0x4afff0,0x4ffda4,
0x4b0013,0x4ffd94,
0x4b002a,0x4ffd84,
0x4b0041,0x4ffd74,
0x4b0064,0x4ffd64,
0x4b007b,0x4ffd54,
0x4b0092,0x4ffd44,
0x4b0158,0x4c3280,
0x4b015f,0x4bc260,
0x4b019f,0x4ffe2c,
0x4b01a7,0x4ffe24,
0x4b01af,0x4ffe1c,
0x4b01b7,0x4ffe14,
0x4b01bf,0x4ffe0c,
0x4b01c7,0x4ffe04,
0x4b01da,0x4c3280,
0x4b01e1,0x4bc260,
0x4b02a6,0x4bc260,
0x4b02c0,0x4c3280,
0x4b02d0,0x4ffe34,
0x4b0332,0x4bc28c,
0x4b038f,0x4bc238,
0x4b03a9,0x4bc260,
0x4b03cd,0x4ffe44,
0x4b06bb,0x6562c4,
0x4b0723,0x4ffe80,
0x4b072a,0x4bc234,
0x4b073a,0x4bc238,
0x4b0796,0x4ffc70,
0x4b07db,0x4c2020,
0x4b0847,0x4b0aa4,
0x4b084e,0x4b0a64,
0x4b09b2,0x5dd2f0,
0x4b09c5,0x5dabc4,
0x4b0a64,0x4b0852,
0x4b0a68,0x4b085d,
0x4b0a6c,0x4b0868,
0x4b0a70,0x4b0873,
0x4b0a74,0x4b087e,
0x4b0a78,0x4b0889,
0x4b0a7c,0x4b0891,
0x4b0a80,0x4b089c,
0x4b0a84,0x4b08a7,
0x4b0a88,0x4b08d3,
0x4b0a8c,0x4b08b2,
0x4b0a90,0x4b08bd,
0x4b0a94,0x4b08c8,
0x4b0a98,0x4b08f9,
0x4b0a9c,0x4b0902,
0x4b0aa0,0x4b0909,
0x4b0c57,0x504c28,
0x4b0d26,0x4ffcd0,
0x4b0d2b,0x4ffe84,
0x4b0d51,0x4bec84,
0x4b0d7d,0x4bec88,
0x4b0e97,0x4ffcd0,
0x4b0e9c,0x4ffe84,
0x4b1064,0x4ff450,
0x4b1069,0x4ffcd0,
0x4b1085,0x4ffcd0,
0x4b108b,0x4ffcb4,
0x4b10a0,0x4ffcd0,
0x4b10a6,0x4ffc98,
0x4b10bb,0x4ffcd0,
0x4b10c1,0x4ffc78,
0x4b1105,0x4bec8c,
0x4b110d,0x4bec80,
0x4b120f,0x4ffebc,
0x4b1214,0x4ffeb4,
0x4b121b,0x4bc234,
0x4b126f,0x4ffeb0,
0x4b1274,0x4ffeb4,
0x4b127b,0x4bc234,
0x4b12cf,0x4ffeac,
0x4b12d4,0x4ffeb4,
0x4b12db,0x4bc234,
0x4b14e9,0x4bc234,
0x4b14f8,0x4ffea8,
0x4b14fd,0x4ffea0,
0x4b1546,0x4ffea8,
0x4b154b,0x4ffea0,
0x4b1594,0x4ffea8,
0x4b1599,0x4ffea0,
0x4b162b,0x654b98,
0x4b166b,0x4b16cc,
0x4b1672,0x4b16b8,
0x4b1677,0x4ffec8,
0x4b167e,0x4ffec0,
0x4b1685,0x504c28,
0x4b16b8,0x4b1676,
0x4b16bc,0x4b1684,
0x4b16c0,0x4b167d,
0x4b16c4,0x4b1684,
0x4b16c8,0x4b1684,
0x4b16e1,0x654b98,
0x4b171d,0x4bc238,
0x4b1723,0x4bc210,
0x4b172f,0x4ffec8,
0x4b1749,0x4ffec0,
0x4b1766,0x504c28,
0x4b177f,0x4bc260,
0x4b178a,0x4ffebc,
0x4b179f,0x4ffeb0,
0x4b17bb,0x4ffeac,
0x4b17d7,0x4ffea8,
0x4b181a,0x4fff08,
0x4b1821,0x4bc28c,
0x4b1829,0x6562c0,
0x4b182f,0x6562c4,
0x4b185a,0x5dabc4,
0x4b189b,0x4ffef0,
0x4b18c9,0x5dabc4,
0x4b18f3,0x4ffef0,
0x4b197d,0x4bc1cc,
0x4b19b2,0x4ffed0,
0x4b19d3,0x5dabc4,
0x4b1a0a,0x5dabc4,
0x4b1a21,0x654b98,
0x4b1a5a,0x4bc238,
0x4b1a8d,0x4fff10,
0x4b1b17,0x4bc1bc,
0x4b1b91,0x654b98,
0x4b1ba6,0x5dabc4,
0x4b1bfd,0x4b1c90,
0x4b1c0f,0x4bc20c,
0x4b1c35,0x4bc20c,
0x4b1c90,0x4b1c01,
0x4b1c94,0x4b1c08,
0x4b1c98,0x4b1c08,
0x4b1c9c,0x4b1c08,
0x4b1ca0,0x4b1c08,
0x4b1ca4,0x4b1c22,
0x4b1cc5,0x4ffc28,
0x4b1d10,0x4bc260,
0x4b1db0,0x4bc28c,
0x4b1dfe,0x6562cc,
0x4b1e49,0x4fff4c,
0x4b1e50,0x4bc1d0,
0x4b1e9f,0x6564e0,
0x4b1ecf,0x6562e0,
0x4b1efd,0x6563e0,
0x4b1f1d,0x6563e0,
0x4b1f22,0x6562cc,
0x4b1f2b,0x6562cc,
0x4b1f45,0x6562c8,
0x4b1f51,0x4bc29c,
0x4b1f57,0x4bc1d8,
0x4b1f89,0x6562c8,
0x4b1fa1,0x6592e0,
0x4b1fac,0x4f4c80,
0x4b1fb3,0x4bc1d0,
0x4b1fbb,0x4fff44,
0x4b1ff5,0x6562c8,
0x4b2006,0x6593e0,
0x4b201a,0x4fff40,
0x4b2029,0x6562c8,
0x4b2042,0x6593e0,
0x4b204a,0x6562c8,
0x4b205e,0x6593e4,
0x4b2066,0x6562c8,
0x4b2073,0x6562c8,
0x4b2081,0x6562c8,
0x4b20b8,0x4fff1c,
0x4b20bd,0x5db998,
0x4b20c3,0x4bc234,
0x4b20fa,0x4bc1cc,
0x4b2121,0x4bc200,
0x4b216e,0x4bc288,
0x4b217f,0x4bc284,
0x4b218a,0x4bc280,
0x4b2234,0x4fff68,
0x4b225c,0x4bc000,
0x4b2280,0x4c2680,
0x4b2287,0x4bc00c,
0x4b22a9,0x4fff60,
0x4b22b0,0x4bc008,
0x4b22c7,0x4bc004,
0x4b22e0,0x4bc004,
0x4b22f8,0x4fff58,
0x4b22fe,0x4bc134,
0x4b2328,0x4fff60,
0x4b2334,0x4bc010,
0x4b233f,0x4bc004,
0x4b2368,0x4fff7c,
0x4b2371,0x4fff80,
0x4b237b,0x4fff82,
0x4b238d,0x4fff7c,
0x4b2396,0x4fff80,
0x4b239f,0x4fff82,
0x4b23b4,0x4fff58,
0x4b23be,0x4fff5c,
0x4b23ee,0x4fffc0,
0x4b23f9,0x4bc23c,
0x4b240c,0x4fffa8,
0x4b241b,0x4fffa4,
0x4b2422,0x4bc180,
0x4b2430,0x4f8b58,
0x4b243b,0x4c2350,
0x4b2442,0x4c2354,
0x4b2448,0x6592e0,
0x4b244f,0x6592e4,
0x4b2455,0x6593e0,
0x4b245f,0x6593e4,
0x4b2465,0x6562c8,
0x4b247e,0x4fff80,
0x4b2484,0x4fff82,
0x4b248b,0x4fff7c,
0x4b2492,0x6593f0,
0x4b2497,0x6593ec,
0x4b249d,0x6593f2,
0x4b24b4,0x4fff58,
0x4b24bb,0x4fff5c,
0x4b24c0,0x6593ec,
0x4b24c7,0x6593f0,
0x4b24d4,0x4fff58,
0x4b24da,0x4fff5c,
0x4b24e0,0x6593ec,
0x4b24e6,0x6593f0,
0x4b2500,0x6594ec,
0x4b2506,0x6594f0,
0x4b2540,0x5db990,
0x4b254f,0x4bc108,
0x4b2568,0x4c2354,
0x4b256e,0x4c2350,
0x4b2574,0x6592e4,
0x4b2579,0x6562c8,
0x4b2581,0x6592e0,
0x4b258c,0x6593e0,
0x4b2596,0x6593e4,
0x4b25a0,0x6592e0,
0x4b25b5,0x4fff7c,
0x4b25be,0x4fff80,
0x4b25c8,0x4fff82,
0x4b25e2,0x4fff58,
0x4b25eb,0x4fff5c,
0x4b25fc,0x4fff58,
0x4b2604,0x4fff5c,
0x4b2610,0x6562c8,
0x4b2627,0x6593e0,
0x4b263c,0x6593e0,
0x4b264a,0x6593e4,
0x4b2650,0x6562c8,
0x4b2677,0x4fff9c,
0x4b267e,0x4bc180,
0x4b26b1,0x4b2a70,
0x4b26bb,0x4bc1e8,
0x4b26ca,0x5db990,
0x4b26d7,0x4bc108,
0x4b26e3,0x5dacc8,
0x4b26fe,0x5dacc8,
0x4b271a,0x504c28,
0x4b2720,0x5daccc,
0x4b2755,0x5daccc,
0x4b275f,0x5dacc8,
0x4b276b,0x4bc28c,
0x4b2771,0x5daccc,
0x4b277f,0x5dacc8,
0x4b27c3,0x5daccc,
0x4b27e5,0x5dacc8,
0x4b27ec,0x5daccc,
0x4b27f5,0x5db990,
0x4b2803,0x4bc0e4,
0x4b2808,0x5dacc8,
0x4b280d,0x5db990,
0x4b2817,0x4bc104,
0x4b2822,0x4bc264,
0x4b2831,0x669ee0,
0x4b283f,0x6562cc,
0x4b284b,0x4bc210,
0x4b2850,0x6562e0,
0x4b2860,0x6562cc,
0x4b287e,0x4fff18,
0x4b2895,0x4fff84,
0x4b289a,0x5db998,
0x4b28a0,0x4bc234,
0x4b28f0,0x6562c8,
0x4b28ff,0x6592e0,
0x4b2907,0x6593e0,
0x4b290c,0x4fffd8,
0x4b2913,0x4bc210,
0x4b2947,0x4fffd0,
0x4b294e,0x4bc234,
0x4b296d,0x4fffc4,
0x4b2974,0x4bc234,
0x4b298a,0x4bc134,
0x4b29b2,0x4bc254,
0x4b29d9,0x4bc28c,
0x4b29fd,0x4bc13c,
0x4b2a09,0x4bc138,
0x4b2a16,0x6562c8,
0x4b2ad6,0x5daccc,
0x4b2ae0,0x5dacc8,
0x4b2b01,0x5daccc,
0x4b2b14,0x5dacc8,
0x4b2b43,0x6562c8,
0x4b2b56,0x4bc210,
0x4b2b5b,0x6592e0,
0x4b2b6c,0x6562c8,
0x4b2b7f,0x6562c8,
0x4b2b91,0x4fff1c,
0x4b2b96,0x5db998,
0x4b2b9c,0x4bc234,
0x4b2bc3,0x6593e0,
0x4b2bcd,0x6592e0,
0x4b2bee,0x6562c8,
0x4b2bf7,0x470ca0,
0x4b2c13,0x5dacc8,
0x4b2c1c,0x5daccc,
0x4b2c2d,0x4bc148,
0x4b2c76,0x5daccc,
0x4b2c7c,0x5dacc8,
0x4b2c85,0x5db990,
0x4b2c93,0x4bc0e4,
0x4b2ca7,0x5daccc,
0x4b2cb2,0x5dacc8,
0x4b2cb7,0x470ca0,
0x4b2cc7,0x5daccc,
0x4b2d20,0x5daccc,
0x4b2d26,0x5dacc8,
0x4b2d2e,0x4bc1e8,
0x4b2d70,0x669ee4,
0x4b2d83,0x4faeb0,
0x4b2d88,0x5dabc8,
0x4b2d8e,0x4bc234,
0x4b2d96,0x5dabc8,
0x4b2dab,0x6564e0,
0x4b2db1,0x4fffe0,
0x4b2db6,0x5dabc8,
0x4b2dbc,0x4bc234,
0x4b2dc4,0x5dabc8,
0x4b2ddd,0x5dabc8,
0x4b2de9,0x5dabc8,
0x4b2e0e,0x470ca0,
0x4b2e2a,0x5dacc8,
0x4b2e32,0x5daccc,
0x4b2e43,0x4bc148,
0x4b2e56,0x4fffe8,
0x4b2e5b,0x5db998,
0x4b2e61,0x4bc234,
0x4b2e80,0x6593e0,
0x4b2ede,0x4fff18,
0x4b2f04,0x669ee4,
0x4b2f2e,0x6592e0,
0x4b2f59,0x6593e4,
0x4b2f61,0x6562c8,
0x4b2f6a,0x6562e0,
0x4b2f73,0x6593e8,
0x4b2f8d,0x6562c8,
0x4b2fac,0x6562d0,
0x4b2fc1,0x6593e4,
0x4b2fc7,0x6592e0,
0x4b2fcd,0x4fff18,
0x4b2fee,0x6592e0,
0x4b305f,0x669ee4,
0x4b3076,0x4faeb0,
0x4b307d,0x4bc234,
0x4b3098,0x6564e0,
0x4b309e,0x4fffe0,
0x4b30a5,0x4bc234,
0x4b30e9,0x50001c,
0x4b30f0,0x4bc1d4,
0x4b318f,0x4bc234,
0x4b31a1,0x4fffe0,
0x4b31b3,0x4c2098,
0x4b31ba,0x4bc23c,
0x4b31d0,0x4fffa8,
0x4b31d5,0x5db998,
0x4b31f4,0x4bc228,
0x4b31fa,0x4bc168,
0x4b320e,0x4bc22c,
0x4b3236,0x4bc264,
0x4b324c,0x5db990,
0x4b3255,0x4bc108,
0x4b327c,0x4bc268,
0x4b3291,0x500000,
0x4b3296,0x5db998,
0x4b329c,0x4bc234,
0x4b32af,0x5db990,
0x4b32b9,0x4bc104,
0x4b32c0,0x4bc264,
0x4b32d7,0x4bc264,
0x4b333f,0x669ee4,
0x4b3356,0x4faeb0,
0x4b335d,0x4bc234,
0x4b3378,0x6564e0,
0x4b337e,0x4fffe0,
0x4b3385,0x4bc234,
0x4b33c9,0x50001c,
0x4b33d0,0x4bc1d4,
0x4b342e,0x500024,
0x4b3433,0x5db998,
0x4b3439,0x4bc234,
0x4b344f,0x4bc234,
0x4b3461,0x4fffe0,
0x4b3473,0x4c2098,
0x4b347a,0x4bc23c,
0x4b3490,0x4fffa8,
0x4b3495,0x5db998,
0x4b34b4,0x4bc228,
0x4b34c2,0x4bc168,
0x4b34cc,0x4bc22c,
0x4b34d8,0x4bc264,
0x4b34f8,0x470ca0,
0x4b3514,0x5dacc8,
0x4b351c,0x5daccc,
0x4b352d,0x4bc148,
0x4b3556,0x5db990,
0x4b3560,0x4bc104,
0x4b3577,0x5db95c,
0x4b358d,0x5db7c8,
0x4b35b5,0x5dacd4,
0x4b35ba,0x5db7c4,
0x4b35bf,0x5db960,
0x4b35c4,0x5db974,
0x4b35ca,0x5dacd0,
0x4b35d5,0x5dace0,
0x4b3600,0x5db0e0,
0x4b360e,0x500050,
0x4b3627,0x5dacd0,
0x4b3651,0x5dacd4,
0x4b366d,0x4c3280,
0x4b367b,0x4bc260,
0x4b3681,0x4bc210,
0x4b369a,0x5001c0,
0x4b36b4,0x5001e0,
0x4b36bf,0x5001e8,
0x4b36e5,0x500204,
0x4b36f0,0x5001e0,
0x4b370e,0x5001e8,
0x4b372b,0x5001c0,
0x4b3748,0x5001e0,
0x4b374f,0x5001e8,
0x4b376e,0x500204,
0x4b3779,0x5001e0,
0x4b3797,0x5001e8,
0x4b37b8,0x5001c0,
0x4b37d6,0x5001e0,
0x4b37dd,0x5001e8,
0x4b37fc,0x500204,
0x4b3807,0x5001e0,
0x4b3825,0x5001e8,
0x4b3840,0x5dacd0,
0x4b3857,0x500090,
0x4b387d,0x5dacd4,
0x4b3897,0x5db958,
0x4b392c,0x5dacd0,
0x4b396a,0x5dace0,
0x4b39b9,0x5dace0,
0x4b39ee,0x4ffcd0,
0x4b3a1b,0x5dacd4,
0x4b3a27,0x5db974,
0x4b3a36,0x5db968,
0x4b3a69,0x5dacd0,
0x4b3a6e,0x5db974,
0x4b3a7b,0x5db974,
0x4b3a85,0x5db968,
0x4b3a8b,0x5db974,
0x4b3aa3,0x5db7c4,
0x4b3ac0,0x5db190,
0x4b3af0,0x500160,
0x4b3b0d,0x5db95c,
0x4b3b22,0x5db978,
0x4b3b28,0x5dacd8,
0x4b3b2d,0x5db7cc,
0x4b3b7b,0x5dacd0,
0x4b3b84,0x5dacd4,
0x4b3b92,0x4bc210,
0x4b3b97,0x50031c,
0x4b3ba6,0x500310,
0x4b3bb5,0x500300,
0x4b3bce,0x5dacd0,
0x4b3bd8,0x5db978,
0x4b3be1,0x5db960,
0x4b3bf0,0x5dacd0,
0x4b3bf6,0x5db960,
0x4b3bff,0x5dacd8,
0x4b3c17,0x5db1d4,
0x4b3c2b,0x5db1d4,
0x4b3c33,0x5db978,
0x4b3c44,0x5db1d4,
0x4b3c54,0x5dacd0,
0x4b3c8c,0x5dace0,
0x4b3cb9,0x5db958,
0x4b3cc2,0x5db7c4,
0x4b3cf0,0x5db190,
0x4b3d03,0x5db194,
0x4b3d16,0x5db1d4,
0x4b3d39,0x5dacd8,
0x4b3d42,0x5db978,
0x4b3d8f,0x5dace0,
0x4b3e61,0x4bc28c,
0x4b3e73,0x5004c0,
0x4b3eb0,0x500470,
0x4b3ebf,0x500680,
0x4b3f45,0x500588,
0x4b3fb5,0x500540,
0x4b3fdd,0x500508,
0x4b3ffa,0x500508,
0x4b4015,0x500508,
0x4b406d,0x500498,
0x4b407c,0x500680,
0x4b40b6,0x500498,
0x4b4117,0x500470,
0x4b4181,0x4bc28c,
0x4b4193,0x500470,
0x4b41f0,0x4c3280,
0x4b41f7,0x4bc260,
0x4b4213,0x5db97c,
0x4b4223,0x5db97c,
0x4b4235,0x500328,
0x4b423b,0x5db980,
0x4b4248,0x5db97c,
0x4b4252,0x5db980,
0x4b4273,0x5db97c,
0x4b427e,0x5db97c,
0x4b42cf,0x4bc28c,
0x4b42d5,0x4bc238,
0x4b4307,0x4bc254,
0x4b431e,0x6562c4,
0x4b432b,0x6562c0,
0x4b433d,0x500678,
0x4b4344,0x4bc210,
0x4b4356,0x4bc1dc,
0x4b435e,0x6562c0,
0x4b4374,0x6562c4,
0x4b4384,0x6562c4,
0x4b4394,0x6562c4,
0x4b43a4,0x6562c4,
0x4b43b8,0x500678,
0x4b43fe,0x5006ac,
0x4b4431,0x4bc1e0,
0x4b446a,0x4c3280,
0x4b4471,0x4bc260,
0x4b4494,0x5db97c,
0x4b44a8,0x5db97c,
0x4b44b2,0x5db980,
0x4b44c3,0x500328,
0x4b44d1,0x5db97c,
0x4b44db,0x5db980,
0x4b44ec,0x500348,
0x4b44fa,0x5db97c,
0x4b4509,0x5db97c,
0x4b4526,0x500688,
0x4b4623,0x500438,
0x4b464d,0x500470,
0x4b465d,0x4bc28c,
0x4b4672,0x500740,
0x4b46ba,0x4bc238,
0x4b46c0,0x4bc210,
0x4b46c8,0x5003b8,
0x4b46e6,0x500438,
0x4b46ee,0x500724,
0x4b4717,0x5003bc,
0x4b4725,0x500704,
0x4b4744,0x50043c,
0x4b475a,0x4bc28c,
0x4b4774,0x5006dc,
0x4b47a8,0x500768,
0x4b47c5,0x4ffd3c,
0x4b484f,0x4edf28,
0x4b487a,0x4bc23c,
0x4b4889,0x5007bc,
0x4b48a0,0x4bc1ec,
0x4b48d7,0x5007a8,
0x4b48e6,0x4bc264,
0x4b4922,0x4bc1ec,
0x4b497e,0x5007a8,
0x4b49cf,0x4bc1ec,
0x4b49ea,0x5007a8,
0x4b49f9,0x4bc264,
0x4b4a65,0x5005e0,
0x4b4a9d,0x4c3280,
0x4b4aa4,0x4bc260,
0x4b4ac3,0x5db97c,
0x4b4ad3,0x5db97c,
0x4b4ae5,0x500328,
0x4b4aeb,0x5db980,
0x4b4af8,0x5db97c,
0x4b4b02,0x5db980,
0x4b4b12,0x500610,
0x4b4b20,0x5db97c,
0x4b4b2b,0x5db97c,
0x4b4b56,0x4bc28c,
0x4b4b8e,0x5008dc,
0x4b4ba1,0x5008cc,
0x4b4bb3,0x5008bc,
0x4b4bc5,0x5008ac,
0x4b4bd7,0x50089c,
0x4b4be9,0x50088c,
0x4b4bf8,0x50087c,
0x4b4c20,0x5db984,
0x4b4c2b,0x4bc234,
0x4b4c37,0x4ffec8,
0x4b4c3c,0x5008ec,
0x4b4c81,0x4ffec0,
0x4b4c8a,0x5008ec,
0x4b4ccf,0x500630,
0x4b4cd8,0x5008ec,
0x4b4d2a,0x5db984,
0x4b4d5e,0x4bc2a8,
0x4b4d71,0x5db984,
0x4b4da7,0x5db984,
0x4b4dc4,0x5db984,
0x4b4de0,0x5db984,
0x4b4df1,0x5db984,
0x4b4e2f,0x5db984,
0x4b4e7b,0x4bc2a8,
0x4b4e91,0x5db984,
0x4b4ec6,0x5db984,
0x4b4ee3,0x5db984,
0x4b4f03,0x5db984,
0x4b4f38,0x5db984,
0x4b4f6d,0x5db984,
0x4b4f81,0x5db984,
0x4b4f99,0x5db984,
0x4b4fb8,0x5db984,
0x4b4fc2,0x5db984,
0x4b501b,0x4bc2a8,
0x4b5031,0x5db984,
0x4b5066,0x5db984,
0x4b5083,0x5db984,
0x4b50a3,0x5db984,
0x4b50d8,0x5db984,
0x4b510d,0x5db984,
0x4b5125,0x5db984,
0x4b513d,0x5db984,
0x4b514e,0x5db984,
0x4b51ab,0x4bc2a8,
0x4b51c4,0x5db984,
0x4b51f9,0x5db984,
0x4b5216,0x5db984,
0x4b5236,0x5db984,
0x4b526e,0x5db984,
0x4b52a6,0x5db984,
0x4b52c1,0x5db984,
0x4b52dc,0x5db984,
0x4b52ed,0x5db984,
0x4b5334,0x5db984,
0x4b536c,0x4bc2a8,
0x4b537f,0x5db984,
0x4b53b4,0x5db984,
0x4b53d3,0x5db984,
0x4b53ef,0x5db984,
0x4b5424,0x5db984,
0x4b543e,0x5db984,
0x4b5455,0x5db984,
0x4b545c,0x5db984,
0x4b549f,0x4bc2a8,
0x4b54c3,0x5db984,
0x4b54ff,0x5db984,
0x4b5534,0x5db984,
0x4b556c,0x5db984,
0x4b558d,0x5db984,
0x4b55a5,0x5db984,
0x4b55cc,0x5db984,
0x4b55e4,0x5db984,
0x4b5602,0x5db984,
0x4b561a,0x5db984,
0x4b5635,0x5db984,
0x4b564d,0x5db984,
0x4b5668,0x5db984,
0x4b5681,0x5008f0,
0x4b5691,0x4bc230,
0x4b569a,0x5db984,
0x4b56b4,0x5db984,
0x4b56bb,0x5db984,
0x4b56d2,0x4bc2a8,
0x4b56dd,0x50086c,
0x4b56e9,0x4bc2a8,
0x4b56f1,0x5007d8,
0x4b56f8,0x50085c,
0x4b5704,0x4bc2a8,
0x4b570c,0x5007dc,
0x4b5713,0x500854,
0x4b571e,0x5007e0,
0x4b5723,0x4bc2a8,
0x4b572d,0x500844,
0x4b5739,0x4bc2a8,
0x4b5741,0x5007e4,
0x4b5748,0x500834,
0x4b5754,0x4bc2a8,
0x4b575c,0x5007e8,
0x4b5763,0x500824,
0x4b576e,0x5007ec,
0x4b5773,0x4bc2a8,
0x4b577d,0x500818,
0x4b5789,0x4bc2a8,
0x4b5791,0x5007f0,
0x4b5798,0x500808,
0x4b57a4,0x4bc2a8,
0x4b57ac,0x5007f4,
0x4b57b3,0x5007fc,
0x4b57c3,0x5db984,
0x4b57cb,0x5007f8,
0x4b57d5,0x5007d8,
0x4b57e3,0x4ffea8,
0x4b57e8,0x4ffea0,
0x4b57f6,0x4bc234,
0x4b57fc,0x5db984,
0x4b5835,0x5db984,
0x4b5852,0x5db984,
0x4b5876,0x5db984,
0x4b587f,0x5007fc,
0x4b5885,0x5db984,
0x4b58d0,0x5009a8,
0x4b5919,0x4bc2a8,
0x4b594e,0x4bc2a8,
0x4b59da,0x5009a0,
0x4b59e3,0x5009a4,
0x4b59fa,0x500998,
0x4b5a03,0x50099c,
0x4b5a0d,0x50099e,
0x4b5a38,0x4bc2a8,
0x4b5a7d,0x500990,
0x4b5a88,0x500994,
0x4b5ab4,0x4bc2a8,
0x4b5afc,0x500988,
0x4b5b0e,0x50098c,
0x4b5b44,0x4bc2a8,
0x4b5ba1,0x504c28,
0x4b5c04,0x4bc28c,
0x4b5c09,0x4ffec8,
0x4b5c45,0x500980,
0x4b5c4e,0x500984,
0x4b5c58,0x500986,
0x4b5c8a,0x500978,
0x4b5c96,0x50097c,
0x4b5ca0,0x50097e,
0x4b5cde,0x4bc28c,
0x4b5ce3,0x4ffec8,
0x4b5d1f,0x500970,
0x4b5d28,0x500974,
0x4b5d32,0x500976,
0x4b5d64,0x500968,
0x4b5d70,0x50096c,
0x4b5d7a,0x50096e,
0x4b5db8,0x4bc28c,
0x4b5dbd,0x4ffec8,
0x4b5df9,0x500960,
0x4b5e02,0x500964,
0x4b5e0c,0x500966,
0x4b5e3b,0x500958,
0x4b5e47,0x50095c,
0x4b5e51,0x50095e,
0x4b5e83,0x4bc2a8,
0x4b5fae,0x500914,
0x4b5fbe,0x4bc230,
0x4b6034,0x504c28,
0x4b6070,0x50090c,
0x4b6078,0x4bc2a8,
0x4b6162,0x5007d4,
0x4b6193,0x5007d4,
0x4b61db,0x504c28,
0x4b61e2,0x504c28,
0x4b62b2,0x5db984,
0x4b62cb,0x50090c,
0x4b62d4,0x500910,
0x4b62de,0x5db984,
0x4b62f6,0x5db984,
0x4b6303,0x504c28,
0x4b6310,0x5db984,
0x4b631d,0x504c28,
0x4b632a,0x5db984,
0x4b6343,0x5db984,
0x4b634c,0x5db984,
0x4b6357,0x50090c,
0x4b6366,0x500910,
0x4b6370,0x5db984,
0x4b6388,0x5db984,
0x4b6390,0x504c28,
0x4b63a2,0x5db984,
0x4b63aa,0x504c28,
0x4b63bc,0x5db984,
0x4b63d0,0x5db984,
0x4b63d7,0x5db984,
0x4b63e4,0x50090c,
0x4b63f3,0x500910,
0x4b63fd,0x5db984,
0x4b6415,0x5db984,
0x4b641d,0x504c28,
0x4b642f,0x5db984,
0x4b6437,0x504c28,
0x4b6449,0x5db984,
0x4b645d,0x5db984,
0x4b6466,0x5db984,
0x4b6471,0x50090c,
0x4b6480,0x500910,
0x4b648a,0x5db984,
0x4b64a2,0x5db984,
0x4b64aa,0x504c28,
0x4b64bc,0x5db984,
0x4b64c4,0x504c28,
0x4b64d6,0x5db984,
0x4b64ea,0x5db984,
0x4b64f3,0x5db984,
0x4b6504,0x50090c,
0x4b650d,0x500910,
0x4b6517,0x5db984,
0x4b652f,0x5db984,
0x4b6537,0x504c28,
0x4b6549,0x5db984,
0x4b6551,0x504c28,
0x4b6563,0x5db984,
0x4b6577,0x5db984,
0x4b6580,0x5db984,
0x4b658b,0x50090c,
0x4b659a,0x500910,
0x4b65a4,0x5db984,
0x4b65bc,0x5db984,
0x4b65c4,0x504c28,
0x4b65d6,0x5db984,
0x4b65de,0x504c28,
0x4b65f0,0x5db984,
0x4b6604,0x5db984,
0x4b660d,0x5db984,
0x4b6618,0x50090c,
0x4b6627,0x500910,
0x4b6631,0x5db984,
0x4b6649,0x5db984,
0x4b6651,0x504c28,
0x4b6663,0x5db984,
0x4b666b,0x504c28,
0x4b667d,0x5db984,
0x4b6691,0x5db984,
0x4b669a,0x5db984,
0x4b66a5,0x50090c,
0x4b66b4,0x500910,
0x4b66be,0x5db984,
0x4b66d6,0x5db984,
0x4b66de,0x504c28,
0x4b66f0,0x5db984,
0x4b66f8,0x504c28,
0x4b670a,0x5db984,
0x4b671e,0x5db984,
0x4b6727,0x5db984,
0x4b6732,0x50090c,
0x4b6741,0x500910,
0x4b674b,0x5db984,
0x4b6763,0x5db984,
0x4b6769,0x504c28,
0x4b677d,0x5db984,
0x4b6785,0x504c28,
0x4b6797,0x5db984,
0x4b67ab,0x5db984,
0x4b67b4,0x5db984,
0x4b67bf,0x50090c,
0x4b67ce,0x500910,
0x4b67d8,0x5db984,
0x4b67f0,0x5db984,
0x4b67f8,0x504c28,
0x4b680a,0x5db984,
0x4b6812,0x504c28,
0x4b6824,0x5db984,
0x4b6839,0x5db984,
0x4b683f,0x5db984,
0x4b6945,0x500acc,
0x4b6955,0x4bc230,
0x4b6991,0x4bc210,
0x4b69b5,0x500aa8,
0x4b69c5,0x4bc230,
0x4b6a0f,0x500acc,
0x4b6a1f,0x4bc230,
0x4b6a5b,0x4bc210,
0x4b6a83,0x500a80,
0x4b6a93,0x4bc230,
0x4b6ad9,0x500acc,
0x4b6ae9,0x4bc230,
0x4b6b1a,0x4bc210,
0x4b6b3e,0x500a5c,
0x4b6b4e,0x4bc230,
0x4b6b9d,0x500a38,
0x4b6bad,0x4bc230,
0x4b6bf0,0x4bc210,
0x4b6c14,0x500a14,
0x4b6c24,0x4bc230,
0x4b6c98,0x5009f4,
0x4b6ca8,0x4bc230,
0x4b6ceb,0x4bc210,
0x4b6d0f,0x500a14,
0x4b6d1f,0x4bc230,
0x4b6d94,0x5009f0,
0x4b6da6,0x5009ec,
0x4b6dea,0x4bc210,
0x4b6e02,0x500a14,
0x4b6e12,0x4bc230,
0x4b6f78,0x4bc210,
0x4b6fa3,0x5009c8,
0x4b6fb3,0x4bc230,
0x4b70a6,0x4bc210,
0x4b70ca,0x5009c8,
0x4b70da,0x4bc230,
0x4b72ee,0x4bc238,
0x4b72f3,0x4c2020,
0x4b73f3,0x4bc238,
0x4b73f8,0x4c2020,
0x4b7639,0x500c08,
0x4b7642,0x4bc260,
0x4b7650,0x4c3280,
0x4b7657,0x4bc260,
0x4b7688,0x4bc28c,
0x4b76b4,0x500be4,
0x4b770f,0x4fe724,
0x4b7746,0x4fe724,
0x4b7894,0x4bc260,
0x4b789e,0x500c08,
0x4b78b1,0x4c3280,
0x4b78e5,0x4bc28c,
0x4b790f,0x500be4,
0x4b79d3,0x4fe724,
0x4b7aa5,0x500ae8,
0x4b7aea,0x500c58,
0x4b7b0b,0x4bc260,
0x4b7b1c,0x500c50,
0x4b7b49,0x500c48,
0x4b7b8b,0x4b7e44,
0x4b7b92,0x4b7e24,
0x4b7bbf,0x4c2020,
0x4b7c11,0x500640,
0x4b7c2b,0x500b18,
0x4b7c98,0x500b78,
0x4b7ca4,0x500bb0,
0x4b7d0f,0x4ffd3c,
0x4b7d7a,0x500c10,
0x4b7dfa,0x4ffd3c,
0x4b7e24,0x4b7b96,
0x4b7e28,0x4b7be9,
0x4b7e2c,0x4b7be9,
0x4b7e30,0x4b7b96,
0x4b7e34,0x4b7be9,
0x4b7e38,0x4b7be9,
0x4b7e3c,0x4b7be9,
0x4b7e40,0x4b7cef,
0x4b7ead,0x500b18,
0x4b7f12,0x500b78,
0x4b7f1e,0x500bb0,
0x4b8084,0x4ffd18,
0x4b818e,0x4ffd04,
0x4b82c6,0x4c3280,
0x4b82d0,0x4bc260,
0x4b82df,0x4bec98,
0x4b82ef,0x4bec98,
0x4b82ff,0x4bec98,
0x4b8310,0x4faed8,
0x4b83c0,0x4b8458,
0x4b83c7,0x4b8444,
0x4b8444,0x4b8430,
0x4b8448,0x4b83cb,
0x4b844c,0x4b83fb,
0x4b8450,0x4b8430,
0x4b8454,0x4b843d,
0x4b8475,0x4fe724,
0x4b84e1,0x4b84b0,
0x4b8514,0x500c80,
0x4b8590,0x4bc238,
0x4b85a5,0x4bc28c,
0x4b85e5,0x500640,
0x4b85fe,0x500b18,
0x4b8666,0x500b78,
0x4b8672,0x500bb0,
0x4b86fe,0x500b78,
0x4b870a,0x500bb0,
0x4b8765,0x500cd0,
0x4b8813,0x5db98c,
0x4b8842,0x5db988,
0x4b884b,0x5db988,
0x4b88d8,0x5db98c,
0x4b890e,0x5db988,
0x4b8917,0x5db988,
0x4b8941,0x5db98c,
0x4b8949,0x5db98c,
0x4b8971,0x5db988,
0x4b8981,0x5db988,
0x4b899b,0x5db988,
0x4b89a4,0x5db988,
0x4b89c5,0x500d20,
0x4b89f5,0x500ca0,
0x4b8a47,0x500dfc,
0x4b8a6b,0x500dd8,
0x4b8a89,0x4fa170,
0x4b8a97,0x5dcec0,
0x4b8a9d,0x5dd2c4,
0x4b8adb,0x5dcec0,
0x4b8aec,0x60afa0,
0x4b8af8,0x500db0,
0x4b8b1a,0x5dcec0,
0x4b8b27,0x644220,
0x4b8b41,0x6442c0,
0x4b8b5c,0x5dce60,
0x4b8b7f,0x6094f0,
0x4b8ba3,0x5a7ec8,
0x4b8be2,0x5dd300,
0x4b8bec,0x5dd304,
0x4b8bf5,0x5dd308,
0x4b8c00,0x5dd30c,
0x4b8c08,0x5dd310,
0x4b8c10,0x5dd314,
0x4b8c19,0x5dd318,
0x4b8c21,0x5dd31c,
0x4b8c33,0x4c271c,
0x4b8c64,0x4c3280,
0x4b8c74,0x4bc28c,
0x4b8c87,0x500d50,
0x4b8d10,0x4ffd3c,
0x4b8d59,0x500d50,
0x4b8de6,0x4ffd3c,
0x4b8e60,0x4c3280,
0x4b8e67,0x4bc260,
0x4b8f55,0x500d80,
0x4b8fd6,0x5dd320,
0x4b8ff5,0x5dd320,
0x4b9044,0x4faed8,
0x4b9102,0x500640,
0x4b9147,0x4ffd3c,
0x4b922e,0x4beca0,
0x4b938b,0x4beca4,
0x4b93e2,0x4beca0,
0x4b93fa,0x4beca0,
0x4b9413,0x4beca0,
0x4b9446,0x4beca4,
0x4b9539,0x500c10,
0x4b9569,0x4ffd3c,
0x4b95a9,0x4ffd3c,
0x4b95d1,0x4bc1cc,
0x4b9601,0x4bc23c,
0x4b9607,0x4c2098,
0x4b9618,0x4bc264,
0x4b9621,0x500e50,
0x4b9626,0x5db998,
0x4b962c,0x4bc234,
0x4b9640,0x4edf28,
0x4b9652,0x500e34,
0x4b9657,0x5db998,
0x4b965d,0x4bc234,
0x4b9694,0x4bc1ec,
0x4b96f8,0x4bc264,
0x4b9710,0x500e18,
0x4b9715,0x5db998,
0x4b971b,0x4bc234,
0x4b9725,0x4bc264,
0x4b9751,0x4bc23c,
0x4b9756,0x500e88,
0x4b9768,0x4bc18c,
0x4b9780,0x500e88,
0x4b9793,0x4c2098,
0x4b979a,0x4bc23c,
0x4b97b0,0x4bc228,
0x4b97bd,0x500e6c,
0x4b97c2,0x5db998,
0x4b97c8,0x4bc234,
0x4b97e6,0x4bc264,
0x4b9818,0x4bc168,
0x4b982b,0x4bc268,
0x4b9840,0x500f08,
0x4b989a,0x5db990,
0x4b98a0,0x4bc108,
0x4b9921,0x5db990,
0x4b9938,0x5db990,
0x4b9969,0x4bc168,
0x4b9982,0x4bc268,
0x4b99f1,0x4bc168,
0x4b9a0a,0x4bc268,
0x4b9a24,0x500ee0,
0x4b9a29,0x5db998,
0x4b9a2f,0x4bc234,
0x4b9a4d,0x500ea8,
0x4b9a52,0x5db998,
0x4b9a58,0x4bc234,
0x4b9a61,0x5db990,
0x4b9a6b,0x4bc104,
0x4b9a80,0x4b9ad0,
0x4b9a8a,0x4bc1e8,
0x4b9aa7,0x500e8c,
0x4b9aac,0x5db998,
0x4b9ab2,0x4bc234,
0x4b9adc,0x4bc210,
0x4b9afb,0x4bc264,
0x4b9b04,0x5db990,
0x4b9b0a,0x4bc104,
0x4b9b1c,0x5db990,
0x4b9b28,0x5db990,
0x4b9b51,0x4bc28c,
0x4b9b67,0x4b9ad0,
0x4b9b72,0x4bc148,
0x4b9be7,0x4bc28c,
0x4b9bfd,0x4b9ad0,
0x4b9c08,0x4bc148,
0x4b9c49,0x5db990,
0x4b9c53,0x4bc108,
0x4b9c75,0x4bc168,
0x4b9c89,0x4bc268,
0x4b9c9f,0x500f2c,
0x4b9ca4,0x5db998,
0x4b9caa,0x4bc234,
0x4b9cba,0x5db990,
0x4b9cc4,0x4bc104,
0x4b9cf4,0x5db990,
0x4b9cfe,0x4bc104,
0x4b9d0e,0x5db990,
0x4b9d18,0x4bc108,
0x4b9d46,0x5db990,
0x4b9d50,0x4bc104,
0x4b9dd8,0x4bc110,
0x4b9ddd,0x5db990,
0x4b9df1,0x5db990,
0x4b9df8,0x4bc10c,
0x4b9dfe,0x5db990,
0x4b9e6b,0x4b9f8c,
0x4b9e72,0x4b9f78,
0x4b9f78,0x4b9eb1,
0x4b9f7c,0x4b9e7b,
0x4b9f80,0x4b9f12,
0x4b9f84,0x4b9e76,
0x4b9f88,0x4b9e77,
0x4b9fc2,0x5dba98,
0x4b9fcc,0x4bc234,
0x4b9ff4,0x500f54,
0x4b9ff9,0x5db998,
0x4ba00e,0x5dba98,
0x4ba067,0x500f54,
0x4ba06c,0x5db998,
0x4ba092,0x4bc27c,
0x4ba0d2,0x4bc294,
0x4ba0d8,0x4bc220,
0x4ba0e6,0x4beca8,
0x4ba0eb,0x4ba0d0,
0x4ba111,0x4bc1b4,
0x4ba11a,0x669eec,
0x4ba124,0x669ef0,
0x4ba12e,0x4bc1b0,
0x4ba134,0x5dbaa8,
0x4ba13c,0x4bc1ac,
0x4ba142,0x5dbaa4,
0x4ba149,0x4bc1a8,
0x4ba151,0x669ef4,
0x4ba15b,0x500f90,
0x4ba164,0x433de0,
0x4ba16a,0x4bc1a4,
0x4ba177,0x4c2018,
0x4ba17c,0x4c2014,
0x4ba18a,0x5dbaa0,
0x4ba197,0x5dba9c,
0x4ba1aa,0x4bc19c,
0x4ba1b2,0x4c2010,
0x4ba1b7,0x4c2000,
0x4ba1c5,0x4bc198,
0x4ba20b,0x4bc140,
0x4ba22c,0x4bc0ec,
0x4ba23c,0x4bc230,
0x4ba260,0x4bc190,
0x4ba2b2,0x4bc208,
0x4ba2b8,0x4bc1fc,
0x4ba2be,0x4bc1e4,
0x4ba2f4,0x4bc188,
0x4ba2fa,0x4bc150,
0x4ba300,0x4bc154,
0x4ba306,0x4bc158,
0x4ba30c,0x4bc194,
0x4ba312,0x4bc1a0,
0x4ba342,0x4bc1b8,
0x4ba352,0x4bc2a4,
0x4ba358,0x4bc024,
0x4ba35e,0x4bc018,
0x4ba364,0x4bc01c,
0x4ba36a,0x4bc098,
0x4ba38c,0x4becb4,
0x4ba3a1,0x4becb4,
0x4ba3b5,0x4becb4,
0x4ba42a,0x4becb4,
0x4ba43f,0x4becb4,
0x4ba451,0x4becb4,
0x4ba4d3,0x4becb8,
0x4ba4ea,0x4becbc,
0x4ba504,0x4becc0,
0x4ba520,0x4becc4,
0x4ba532,0x4becc8,
0x4ba538,0x4beccc,
0x4ba541,0x4becd0,
0x4ba571,0x4bc240,
0x4ba5af,0x4becc4,
0x4ba5bc,0x4becd4,
0x4ba5ca,0x4becd4,
0x4ba5d9,0x4becc4,
0x4ba67b,0x4bc26c,
0x4ba681,0x4bc210,
0x4ba69c,0x4f25e8,
0x4ba7db,0x4bfd80,
0x4ba80a,0x501774,
0x4ba815,0x5dbab0,
0x4ba828,0x5dbab0,
0x4ba831,0x5dbab4,
0x4ba83a,0x5dbab8,
0x4ba986,0x5dbabc,
0x4bb0ff,0x4bff88,
0x4bb10c,0x4bff88,
0x4bb118,0x4bff88,
0x4bb151,0x4bff90,
0x4bb15e,0x4bff98,
0x4bb204,0x5dbb10,
0x4bb20a,0x5dbb08,
0x4bb212,0x5dbb0c,
0x4bb22d,0x5dd320,
0x4bb237,0x5dbb0c,
0x4bb248,0x5dbb10,
0x4bb257,0x5dbb08,
0x4bb25f,0x5dbb0c,
0x4bb267,0x5dbb08,
0x4bb273,0x5dbb10,
0x4bb2c2,0x4bff98,
0x4bb2e2,0x5dd320,
0x4bb31f,0x5dbac4,
0x4bb39d,0x5dbb08,
0x4bb3a3,0x4bff9c,
0x4bb3bc,0x5dbb0c,
0x4bb3c2,0x4bff9c,
0x4bb3d6,0x5dbb10,
0x4bb3dc,0x4bff9c,
0x4bb42e,0x4bffa0,
0x4bb438,0x4bffa4,
0x4bb446,0x4bffa4,
0x4bb44e,0x4bffa0,
0x4bb504,0x5dbb08,
0x4bb53c,0x5dbac4,
0x4bb5e3,0x5dbb0c,
0x4bb5e9,0x5dbb08,
0x4bb5f1,0x5dbb10,
0x4bb5ff,0x5dd320,
0x4bb617,0x5dbb10,
0x4bb628,0x5dbb0c,
0x4bb637,0x5dbb10,
0x4bb63f,0x5dbb0c,
0x4bb647,0x5dbb08,
0x4bb653,0x5dbb08,
0x4bb6a0,0x4bff98,
0x4bb6d0,0x5dd320,
0x4bb718,0x5dbac4,
0x4bb76b,0x5dbac4,
0x4bb783,0x5dbac0,
0x4bb797,0x5dbb08,
0x4bb7a0,0x5dbb0c,
0x4bb7a8,0x5dbb10,
0x4bb7e9,0x5dbac0,
0x4bb872,0x5dbac0,
0x4bb91f,0x5dbac0,
0x4bb9cf,0x5dbac0,
0x4bba57,0x4bffa8,
0x4bbacf,0x4bffd8,
0x4bbaf7,0x4c0048,
0x4bbb17,0x4c0078,
0x4bbb2c,0x4c00a8,
0x4bbb4c,0x4c00d0,
0x4bbb6c,0x4c00f8,
0x4bbb8c,0x4c0120,
0x4bbbac,0x4c0148,
0x4bbbcc,0x4c0170,
0x4bbbec,0x4c0198,
0x4bbc0c,0x4c01c0,
0x4bbc2c,0x4c01e8,
0x4bbc4c,0x4c0210,
0x4bbc6c,0x4c0238,
0x4bbc8c,0x4c0260,
0x4bbcac,0x4c0288,
0x4bbccc,0x4c02b0,
0x4bbcec,0x4c02d8,
0x4bbd0c,0x4c0300,
0x4bbd2c,0x4c0328,
0x4bbd4c,0x4c0350,
0x4bbd6c,0x4c0378,
0x4bbd8c,0x4c03a0,
0x4bbdac,0x4c03c8,
0x4bbdcc,0x4c03f0,
0x4bbdec,0x4c0418,
0x4bbe0c,0x4c0440,
0x4bbe2c,0x4c0468,
0x4bbe4c,0x4c0490,
0x4bc464,0x401f35,
0x4bc468,0x401f42,
0x4bc474,0x4021f7,
0x4bc478,0x402204,
0x4bd0d0,0x4f162c,
0x4bd0d4,0x4f1620,
0x4bd0d8,0x4f1614,
0x4bd0dc,0x4f1608,
0x4bd0e0,0x4f15fc,
0x4bd0e4,0x4f15f0,
0x4bd0e8,0x4f15e4,
0x4bd0ec,0x4f15d8,
0x4bd0f4,0x4f162c,
0x4bd0f8,0x4f1620,
0x4bd0fc,0x4f1614,
0x4bd100,0x4f162c,
0x4bd104,0x4f1620,
0x4bd108,0x4f1614,
0x4bd10c,0x4f15cc,
0x4bd110,0x4f15c0,
0x4bd114,0x4f15b4,
0x4bd118,0x4f15e4,
0x4bd11c,0x4f15d8,
0x4bd124,0x4f162c,
0x4bd128,0x4f1620,
0x4bd12c,0x4f1614,
0x4bd36c,0x445921,
0x4bd370,0x44592e,
0x4bd378,0x4459d6,
0x4bd37c,0x4459e3,
0x4be184,0x460bf1,
0x4be188,0x460bfe,
0x4be59c,0x4721b9,
0x4be5a0,0x4721bf,
0x4becac,0x4ba242,
0x4becb0,0x4ba257,
0x4bffb0,0x4bffc8,
0x4bffcc,0x4bba40,
0x4bffd4,0x4bba4b,
0x4bffe0,0x4bfff8,
0x4bfffc,0x4bba60,
0x4c0004,0x4bba6b,
0x4c000c,0x4bba76,
0x4c0014,0x4bba81,
0x4c001c,0x4bba8c,
0x4c0024,0x4bba97,
0x4c002c,0x4bbaa2,
0x4c0034,0x4bbaad,
0x4c003c,0x4bbab8,
0x4c0044,0x4bbac3,
0x4c0050,0x4c0068,
0x4c006c,0x4bbae0,
0x4c0074,0x4bbaeb,
0x4c0080,0x4c0098,
0x4c009c,0x4bbb00,
0x4c00a4,0x4bbb0b,
0x4c00b0,0x4c00c8,
0x4c00cc,0x4bbb20,
0x4c00d8,0x4c00f0,
0x4c00f4,0x4bbb40,
0x4c0100,0x4c0118,
0x4c011c,0x4bbb60,
0x4c0128,0x4c0140,
0x4c0144,0x4bbb80,
0x4c0150,0x4c0168,
0x4c016c,0x4bbba0,
0x4c0178,0x4c0190,
0x4c0194,0x4bbbc0,
0x4c01a0,0x4c01b8,
0x4c01bc,0x4bbbe0,
0x4c01c8,0x4c01e0,
0x4c01e4,0x4bbc00,
0x4c01f0,0x4c0208,
0x4c020c,0x4bbc20,
0x4c0218,0x4c0230,
0x4c0234,0x4bbc40,
0x4c0240,0x4c0258,
0x4c025c,0x4bbc60,
0x4c0268,0x4c0280,
0x4c0284,0x4bbc80,
0x4c0290,0x4c02a8,
0x4c02ac,0x4bbca0,
0x4c02b8,0x4c02d0,
0x4c02d4,0x4bbcc0,
0x4c02e0,0x4c02f8,
0x4c02fc,0x4bbce0,
0x4c0308,0x4c0320,
0x4c0324,0x4bbd00,
0x4c0330,0x4c0348,
0x4c034c,0x4bbd20,
0x4c0358,0x4c0370,
0x4c0374,0x4bbd40,
0x4c0380,0x4c0398,
0x4c039c,0x4bbd60,
0x4c03a8,0x4c03c0,
0x4c03c4,0x4bbd80,
0x4c03d0,0x4c03e8,
0x4c03ec,0x4bbda0,
0x4c03f8,0x4c0410,
0x4c0414,0x4bbdc0,
0x4c0420,0x4c0438,
0x4c043c,0x4bbde0,
0x4c0448,0x4c0460,
0x4c0464,0x4bbe00,
0x4c0470,0x4c0488,
0x4c048c,0x4bbe20,
0x4c0498,0x4c04b0,
0x4c04b4,0x4bbe40,
0x4c2004,0x472de0,
0x4c2008,0x473620,
0x4c200c,0x47caf0,
0x4c2130,0x4c2214,
0x4c2134,0x4c2204,
0x4c2138,0x4c21f4,
0x4c213c,0x4c21e4,
0x4c2140,0x4c21d4,
0x4c2144,0x4c21c4,
0x4c2148,0x4c21b0,
0x4c214c,0x4c21a0,
0x4c2150,0x4c2194,
0x4c2154,0x4c2188,
0x4c2158,0x4c2178,
0x4c215c,0x4c2168,
0x4c2994,0x406f30,
0x4c299c,0x406920,
0x4c29a4,0x407ea0,
0x4c29ac,0x407950,
0x4c29b4,0x407500,
0x4c29bc,0x409400,
0x4c29c4,0x408350,
0x4c29cc,0x4084a0,
0x4c29d4,0x4085f0,
0x4c29dc,0x408770,
0x4c29e4,0x4088f0,
0x4c29ec,0x408b50,
0x4c29f4,0x409030,
0x4c29fc,0x406e00,
0x4c2a04,0x408030,
0x4c2a0c,0x409270,
0x4c51a8,0x416bc0,
0x4c51ac,0x416b80,
0x4c51b4,0x41c1c0,
0x4c51b8,0x417500,
0x4c51bc,0x41c1d0,
0x4c51c0,0x416d70,
0x4c51e0,0x41e600,
0x4c51e8,0x41e680,
0x4c51f0,0x41e080,
0x4c51f8,0x41cd90,
0x4c5200,0x41d770,
0x4c5208,0x41d240,
0x4c5234,0x41c2c0,
0x4c540c,0x41cc00,
0x4c55e4,0x416cd0,
0x4c64fc,0x416cb0,
0x4c6500,0x416be0,
0x4c6508,0x417500,
0x4c650c,0x416d70,
0x4c6510,0x417060,
0x4c6534,0x41e600,
0x4c653c,0x41cd90,
0x4c6544,0x41d8b0,
0x4c654c,0x41d240,
0x4c6588,0x41cc00,
0x4c6760,0x416cd0,
0x4c6938,0x416cd0,
0x4c7850,0x416eb0,
0x4c7854,0x416e50,
0x4c785c,0x417500,
0x4c7860,0x416d70,
0x4c7888,0x41e600,
0x4c7890,0x41e680,
0x4c7898,0x41e080,
0x4c78a0,0x41cd90,
0x4c78a8,0x41d8b0,
0x4c78b0,0x41d240,
0x4c78dc,0x41c2c0,
0x4c7ab4,0x41cc00,
0x4c7c8c,0x416cd0,
0x4c7e64,0x416ed0,
0x4c8ba4,0x41c2a0,
0x4c8ba8,0x41c210,
0x4c8bb0,0x41c1c0,
0x4c8bb4,0x41c1d0,
0x4c8bb8,0x41eea0,
0x4c8bbc,0x417500,
0x4c8bdc,0x41e600,
0x4c8be4,0x41e680,
0x4c8bec,0x41e080,
0x4c8bf4,0x41cd90,
0x4c8bfc,0x41d770,
0x4c8c04,0x41d240,
0x4c8c30,0x41c2c0,
0x4c8e08,0x41cc00,
0x4c9ef8,0x41c8e0,
0x4c9efc,0x41c830,
0x4c9f04,0x41c1c0,
0x4c9f08,0x41c3b0,
0x4c9f0c,0x41eea0,
0x4c9f10,0x417500,
0x4c9f30,0x41e600,
0x4c9f38,0x41e680,
0x4c9f40,0x41e080,
0x4c9f48,0x41cd90,
0x4c9f50,0x41d770,
0x4c9f58,0x41d240,
0x4c9f60,0x41f590,
0x4c9f84,0x41c2c0,
0x4ca15c,0x41cc00,
0x4ca334,0x41f860,
0x4cb24c,0x41c430,
0x4cb250,0x41c300,
0x4cb258,0x41c1c0,
0x4cb25c,0x41c3b0,
0x4cb260,0x41eea0,
0x4cb284,0x41e600,
0x4cb28c,0x41e680,
0x4cb294,0x41e080,
0x4cb29c,0x41cd90,
0x4cb2a4,0x41d820,
0x4cb2ac,0x41d240,
0x4cb2b4,0x41f590,
0x4cb2d8,0x41c2c0,
0x4cb4b0,0x41cc00,
0x4cb688,0x41f860,
0x4cc5a0,0x41f7f0,
0x4cc5a4,0x41f750,
0x4cc62c,0x41cc40,
0x4cd8f4,0x41c9b0,
0x4cd8f8,0x41c900,
0x4cd900,0x41c1c0,
0x4cd92c,0x41e600,
0x4cd934,0x41e680,
0x4cd93c,0x41e080,
0x4cd944,0x41cd90,
0x4cd94c,0x41d820,
0x4cd954,0x41d240,
0x4cd980,0x41c2c0,
0x4cdb58,0x41cc00,
0x4cdd30,0x41f860,
0x4cec48,0x41c680,
0x4cec4c,0x41c5c0,
0x4cec54,0x41c1c0,
0x4cec58,0x41c3b0,
0x4cec5c,0x41c450,
0x4cec80,0x41e600,
0x4cec88,0x41e680,
0x4cec90,0x41e080,
0x4cec98,0x41cd90,
0x4ceca0,0x41d770,
0x4ceca8,0x41d240,
0x4cecd4,0x41c2c0,
0x4ceeac,0x41cc00,
0x4cff9c,0x4171a0,
0x4cffa0,0x416f20,
0x4cffa8,0x417060,
0x4cffac,0x4170c0,
0x4cffd4,0x41e600,
0x4cffdc,0x41cd90,
0x4cffe4,0x41d770,
0x4cffec,0x41d240,
0x4d0028,0x41cc00,
0x4d0200,0x417490,
0x4d12f0,0x41e890,
0x4d12f4,0x41e740,
0x4d12fc,0x416d70,
0x4d1328,0x41e600,
0x4d1330,0x41d820,
0x4d137c,0x41cc00,
0x4d25ec,0x41ee10,
0x4d2644,0x41e970,
0x4d2648,0x41e8b0,
0x4d267c,0x41e600,
0x4d26d0,0x41ec20,
0x4d28a8,0x41cc00,
0x4d3940,0x41ecc0,
0x4d3998,0x41c430,
0x4d399c,0x41ed00,
0x4d39a4,0x41c1c0,
0x4d39a8,0x41edb0,
0x4d39d0,0x41e600,
0x4d39d8,0x41d820,
0x4d3a24,0x41cc00,
0x4d4c94,0x41ee10,
0x4d4cec,0x41cae0,
0x4d4cf0,0x41c9d0,
0x4d4cf8,0x41c1c0,
0x4d4d24,0x41e600,
0x4d4d2c,0x41cd90,
0x4d4d34,0x41d820,
0x4d4d3c,0x41d240,
0x4d4d78,0x41cc00,
0x4d6040,0x41cbb0,
0x4d6044,0x41cb00,
0x4d7394,0x41cec0,
0x4d7398,0x41ce50,
0x4d7420,0x41ce30,
0x4d86e8,0x41dd80,
0x4d86ec,0x41db10,
0x4d8720,0x41d330,
0x4d8774,0x41cc40,
0x4d99e4,0x41e030,
0x4d9a3c,0x41cff0,
0x4d9a40,0x41cf30,
0x4d9a74,0x41d450,
0x4d9ac8,0x41d170,
0x4d9ca0,0x41cc40,
0x4dad38,0x41d390,
0x4dad90,0x41d6d0,
0x4dad94,0x41d620,
0x4dae1c,0x41cc40,
0x4dc08c,0x41d6f0,
0x4dc0e4,0x420d30,
0x4dc0e8,0x41e160,
0x4dc11c,0x420e50,
0x4dc124,0x41cd90,
0x4dc12c,0x41d8b0,
0x4dc134,0x41d240,
0x4dc170,0x41e230,
0x4dc348,0x420e70,
0x4dd438,0x420ed0,
0x4dd470,0x41e680,
0x4dd478,0x41cd90,
0x4dd480,0x41d8b0,
0x4dd488,0x41d240,
0x4dd4c4,0x41e230,
0x4dd69c,0x420f80,
0x4de78c,0x420d30,
0x4de790,0x420a20,
0x4de7c4,0x420e50,
0x4de7cc,0x41cd90,
0x4de7d4,0x41d8b0,
0x4de7dc,0x41d240,
0x4de818,0x420e70,
0x4dfae0,0x420ed0,
0x4dfae4,0x420ea0,
0x4dfb18,0x41cd90,
0x4dfb20,0x41d8b0,
0x4dfb28,0x41d240,
0x4dfb6c,0x420f80,
0x4dfd44,0x420e70,
0x4e0e34,0x420d30,
0x4e0e38,0x420a20,
0x4e0e6c,0x420e50,
0x4e0e74,0x41cd90,
0x4e0e7c,0x41d820,
0x4e0e84,0x41d240,
0x4e0ec0,0x420e70,
0x4e2188,0x420fc0,
0x4e218c,0x420ea0,
0x4e21c0,0x41cd90,
0x4e21c8,0x41d8b0,
0x4e21d0,0x41d240,
0x4e2214,0x420f80,
0x4e23ec,0x420e70,
0x4e34dc,0x420d30,
0x4e34e0,0x420aa0,
0x4e3514,0x420e50,
0x4e351c,0x41cd90,
0x4e3524,0x41d8b0,
0x4e352c,0x41d240,
0x4e3568,0x420e70,
0x4e4830,0x420b30,
0x4e4834,0x420ea0,
0x4e4868,0x41cd90,
0x4e4870,0x41d8b0,
0x4e4878,0x41d240,
0x4e48bc,0x420f80,
0x4e4a94,0x420e70,
0x4e5b84,0x41e450,
0x4e5b88,0x41e2b0,
0x4e5bbc,0x41cd90,
0x4e5bc4,0x41d820,
0x4e5bcc,0x41d240,
0x4e5c10,0x41e640,
0x4e6e80,0x41e660,
0x4e6ed8,0x41cbb0,
0x4e6f10,0x41cd90,
0x4e6f18,0x41d770,
0x4e6f20,0x41d240,
0x4e6f64,0x41e720,
0x4e822c,0x41ef40,
0x4e8230,0x41eef0,
0x4e8264,0x41cd90,
0x4e826c,0x41d770,
0x4e8274,0x41d240,
0x4e9580,0x40af00,
0x4ea8d4,0x40af00,
0x4ebc28,0x40af00,
0x4ebc2c,0x40af80,
0x4ecf24,0x40afa0,
0x4ed930,0x427e70,
0x4ed934,0x4282e0,
0x4ed938,0x427e70,
0x4ed93c,0x4282e0,
0x4ed940,0x42b420,
0x4ed944,0x42c4a0,
0x4ed948,0x42be60,
0x4ed94c,0x42c900,
0x4ed950,0x427e70,
0x4ed954,0x4282e0,
0x4ed958,0x427e70,
0x4ed95c,0x4282e0,
0x4ed960,0x42b420,
0x4ed964,0x42c4a0,
0x4ed968,0x42be60,
0x4ed96c,0x42c900,
0x4ed970,0x427e70,
0x4ed974,0x4282e0,
0x4ed978,0x427e70,
0x4ed97c,0x4282e0,
0x4ed980,0x42b420,
0x4ed984,0x42c4a0,
0x4ed988,0x42be60,
0x4ed98c,0x42c900,
0x4ed990,0x427e70,
0x4ed994,0x4282e0,
0x4ed998,0x427e70,
0x4ed99c,0x4282e0,
0x4ed9a0,0x42b420,
0x4ed9a4,0x42c4a0,
0x4ed9a8,0x42be60,
0x4ed9ac,0x42c900,
0x4ed9b0,0x427e70,
0x4ed9b4,0x4282e0,
0x4ed9b8,0x427e70,
0x4ed9bc,0x4282e0,
0x4ed9c0,0x427e70,
0x4ed9c4,0x427e70,
0x4ed9c8,0x427e70,
0x4ed9cc,0x427e70,
0x4ed9d0,0x427e70,
0x4ed9d4,0x4282e0,
0x4ed9d8,0x427e70,
0x4ed9dc,0x4282e0,
0x4ed9e0,0x427e70,
0x4ed9e4,0x427e70,
0x4ed9e8,0x427e70,
0x4ed9ec,0x427e70,
0x4ed9f0,0x427e70,
0x4ed9f4,0x4282e0,
0x4ed9f8,0x427e70,
0x4ed9fc,0x4282e0,
0x4eda00,0x427e70,
0x4eda04,0x427e70,
0x4eda08,0x427e70,
0x4eda0c,0x427e70,
0x4eda10,0x427e70,
0x4eda14,0x4282e0,
0x4eda18,0x427e70,
0x4eda1c,0x4282e0,
0x4eda20,0x427e70,
0x4eda24,0x427e70,
0x4eda28,0x427e70,
0x4eda2c,0x427e70,
0x4eda30,0x427e70,
0x4eda34,0x4282e0,
0x4eda38,0x427e70,
0x4eda3c,0x4282e0,
0x4eda40,0x42a440,
0x4eda44,0x4293d0,
0x4eda48,0x42a830,
0x4eda4c,0x429820,
0x4eda50,0x427e70,
0x4eda54,0x4282e0,
0x4eda58,0x427e70,
0x4eda5c,0x4282e0,
0x4eda60,0x42a440,
0x4eda64,0x4293d0,
0x4eda68,0x42a830,
0x4eda6c,0x429820,
0x4eda70,0x427e70,
0x4eda74,0x4282e0,
0x4eda78,0x427e70,
0x4eda7c,0x4282e0,
0x4eda80,0x429c40,
0x4eda84,0x4293d0,
0x4eda88,0x42a040,
0x4eda8c,0x429820,
0x4eda90,0x427e70,
0x4eda94,0x4282e0,
0x4eda98,0x427e70,
0x4eda9c,0x4282e0,
0x4edaa0,0x42a440,
0x4edaa4,0x4293d0,
0x4edaa8,0x42a830,
0x4edaac,0x429820,
0x4edab0,0x427e70,
0x4edab4,0x4282e0,
0x4edab8,0x427e70,
0x4edabc,0x4282e0,
0x4edac0,0x427e70,
0x4edac4,0x427e70,
0x4edac8,0x427e70,
0x4edacc,0x427e70,
0x4edad0,0x427e70,
0x4edad4,0x4282e0,
0x4edad8,0x427e70,
0x4edadc,0x4282e0,
0x4edae0,0x427e70,
0x4edae4,0x427e70,
0x4edae8,0x427e70,
0x4edaec,0x427e70,
0x4edaf0,0x427e70,
0x4edaf4,0x4282e0,
0x4edaf8,0x427e70,
0x4edafc,0x4282e0,
0x4edb00,0x427e70,
0x4edb04,0x427e70,
0x4edb08,0x427e70,
0x4edb0c,0x427e70,
0x4edb10,0x427e70,
0x4edb14,0x4282e0,
0x4edb18,0x427e70,
0x4edb1c,0x4282e0,
0x4edb20,0x427e70,
0x4edb24,0x427e70,
0x4edb28,0x427e70,
0x4edb2c,0x427e70,
0x4edb30,0x427e70,
0x4edb34,0x4282e0,
0x4edb38,0x427e70,
0x4edb3c,0x4282e0,
0x4edb40,0x42ac20,
0x4edb44,0x42ac20,
0x4edb48,0x427e70,
0x4edb4c,0x427e70,
0x4edb50,0x427e70,
0x4edb54,0x4282e0,
0x4edb58,0x427e70,
0x4edb5c,0x4282e0,
0x4edb60,0x42ac20,
0x4edb64,0x42ac20,
0x4edb68,0x427e70,
0x4edb6c,0x427e70,
0x4edb70,0x427e70,
0x4edb74,0x4282e0,
0x4edb78,0x427e70,
0x4edb7c,0x4282e0,
0x4edb80,0x428fc0,
0x4edb84,0x428fc0,
0x4edb88,0x427e70,
0x4edb8c,0x427e70,
0x4edb90,0x427e70,
0x4edb94,0x4282e0,
0x4edb98,0x427e70,
0x4edb9c,0x4282e0,
0x4edba0,0x42ac20,
0x4edba4,0x42ac20,
0x4edba8,0x427e70,
0x4edbac,0x427e70,
0x4edbb0,0x427e70,
0x4edbb4,0x4282e0,
0x4edbb8,0x427e70,
0x4edbbc,0x4282e0,
0x4edbc0,0x42b020,
0x4edbc4,0x427e70,
0x4edbc8,0x427e70,
0x4edbcc,0x427e70,
0x4edbd0,0x427e70,
0x4edbd4,0x4282e0,
0x4edbd8,0x427e70,
0x4edbdc,0x4282e0,
0x4edbe0,0x427e70,
0x4edbe4,0x427e70,
0x4edbe8,0x427e70,
0x4edbec,0x427e70,
0x4edbf0,0x427e70,
0x4edbf4,0x4282e0,
0x4edbf8,0x427e70,
0x4edbfc,0x4282e0,
0x4edc00,0x428bb0,
0x4edc04,0x427e70,
0x4edc08,0x427e70,
0x4edc0c,0x427e70,
0x4edc10,0x427e70,
0x4edc14,0x4282e0,
0x4edc18,0x427e70,
0x4edc1c,0x4282e0,
0x4edc20,0x427e70,
0x4edc24,0x427e70,
0x4edc28,0x427e70,
0x4edc2c,0x427e70,
0x4edc30,0x428750,
0x4edc34,0x4282e0,
0x4edc38,0x427e70,
0x4edc3c,0x4282e0,
0x4edc40,0x427370,
0x4edc44,0x427e70,
0x4edc48,0x427e70,
0x4edc4c,0x427e70,
0x4edc50,0x427e70,
0x4edc54,0x4282e0,
0x4edc58,0x427e70,
0x4edc5c,0x4282e0,
0x4edc60,0x427e70,
0x4edc64,0x427e70,
0x4edc68,0x427e70,
0x4edc6c,0x427e70,
0x4edc70,0x427e70,
0x4edc74,0x4282e0,
0x4edc78,0x427e70,
0x4edc7c,0x4282e0,
0x4edc80,0x428fc0,
0x4edc84,0x428fc0,
0x4edc88,0x427e70,
0x4edc8c,0x427e70,
0x4edc90,0x427e70,
0x4edc94,0x4282e0,
0x4edc98,0x427e70,
0x4edc9c,0x4282e0,
0x4edca0,0x427e70,
0x4edca4,0x427e70,
0x4edca8,0x427e70,
0x4edcac,0x427e70,
0x4edcb0,0x427e70,
0x4edcb4,0x4282e0,
0x4edcb8,0x427e70,
0x4edcbc,0x427e70,
0x4edcc0,0x427e70,
0x4edcc4,0x427e70,
0x4edcc8,0x427e70,
0x4edccc,0x427e70,
0x4edcd0,0x427e70,
0x4edcd4,0x4282e0,
0x4edcd8,0x427e70,
0x4edcdc,0x427e70,
0x4edce0,0x42b820,
0x4edce4,0x427e70,
0x4edce8,0x42be60,
0x4edcec,0x427e70,
0x4edcf0,0x427e70,
0x4edcf4,0x4282e0,
0x4edcf8,0x427e70,
0x4edcfc,0x427e70,
0x4edd00,0x42b820,
0x4edd04,0x427e70,
0x4edd08,0x42be60,
0x4edd0c,0x427e70,
0x4edd10,0x427e70,
0x4edd14,0x4282e0,
0x4edd18,0x427e70,
0x4edd1c,0x427e70,
0x4edd20,0x427e70,
0x4edd24,0x427e70,
0x4edd28,0x427e70,
0x4edd2c,0x427e70,
0x4edea4,0x433de0,
0x4edea8,0x42d5e0,
0x4edeac,0x42dd30,
0x4edeb0,0x431c70,
0x4edeb4,0x42dbe0,
0x4edeb8,0x42d6a0,
0x4edebc,0x42e600,
0x4edec0,0x42d3d0,
0x4edec4,0x42d3f0,
0x4edec8,0x42dc70,
0x4eded4,0x42e2c0,
0x4eded8,0x42e1d0,
0x4ededc,0x42e420,
0x4f0044,0x42e2c0,
0x4f0048,0x42e1d0,
0x4f004c,0x42e420,
0x4f005c,0x433de0,
0x4f0060,0x431700,
0x4f0064,0x42dd30,
0x4f0068,0x431c70,
0x4f006c,0x42dbe0,
0x4f0070,0x431d00,
0x4f0074,0x431710,
0x4f0078,0x42d3d0,
0x4f007c,0x42d3f0,
0x4f0080,0x42dc70,
0x4f1514,0x434640,
0x4f1518,0x4b8960,
0x4f151c,0x4b8960,
0x4f152c,0x433de0,
0x4f1530,0x434010,
0x4f1534,0x434340,
0x4f1538,0x4343d0,
0x4f153c,0x4345b0,
0x4f1540,0x434410,
0x4f1544,0x434040,
0x4f1548,0x42d3d0,
0x4f154c,0x42d3f0,
0x4f1550,0x42dc70,
0x4f1668,0x4f1b58,
0x4f166c,0x4f1b48,
0x4f1670,0x4f1b38,
0x4f1674,0x4f1b28,
0x4f1678,0x4f1b18,
0x4f167c,0x4f1b08,
0x4f1680,0x4f1af8,
0x4f1684,0x4f1ae8,
0x4f1688,0x4f1ad8,
0x4f168c,0x4f1ac8,
0x4f1690,0x4f1ab8,
0x4f1694,0x4f1aa8,
0x4f1698,0x4f1a98,
0x4f169c,0x4f1a88,
0x4f16a0,0x4f1a78,
0x4f16a4,0x4f1a68,
0x4f16a8,0x4f1a58,
0x4f16ac,0x4f1a48,
0x4f16b0,0x4f1a38,
0x4f16b4,0x4f1a28,
0x4f16b8,0x4f1a18,
0x4f16bc,0x4f1a08,
0x4f16c0,0x4f19f8,
0x4f16c4,0x4f19e8,
0x4f16c8,0x4f19d8,
0x4f16cc,0x4f19c8,
0x4f16d0,0x4f19b8,
0x4f16d4,0x4f19a8,
0x4f16d8,0x4f1998,
0x4f16dc,0x4f1988,
0x4f16e0,0x4f1978,
0x4f16e4,0x4f1968,
0x4f16e8,0x4f1958,
0x4f16ec,0x4f1948,
0x4f16f0,0x4f1938,
0x4f16f4,0x4f1928,
0x4f16f8,0x4f1918,
0x4f16fc,0x4f1908,
0x4f1700,0x4f18f8,
0x4f1704,0x4f18e8,
0x4f1708,0x4f18d8,
0x4f170c,0x4f18c8,
0x4f1710,0x4f18b8,
0x4f1714,0x4f18a8,
0x4f1718,0x4f1898,
0x4f171c,0x4f1888,
0x4f1720,0x4f1878,
0x4f1724,0x4f1868,
0x4f2730,0x4bd3c8,
0x4f2734,0x4bd3e0,
0x4f2738,0x4bd400,
0x4f273c,0x4bd408,
0x4f2740,0x4bd418,
0x4f2744,0x4bd428,
0x4f2748,0x4bd438,
0x4f2750,0x4bd448,
0x4f2754,0x4bd450,
0x4f2758,0x4bd460,
0x4f2760,0x48dc50,
0x4f2764,0x44b6f0,
0x4f2768,0x44e660,
0x4f276c,0x44b7f0,
0x4f2770,0x44b830,
0x4f2774,0x44b8c0,
0x4f2778,0x44e660,
0x4f277c,0x44e660,
0x4f2850,0x4f5208,
0x4f2854,0x4f2760,
0x4f2858,0x4f53f8,
0x4f2860,0x4f45d4,
0x4f2864,0x5367cc,
0x4f2880,0x4f45c8,
0x4f2884,0x5367d0,
0x4f28a0,0x4f45b8,
0x4f28a4,0x5367d1,
0x4f28c0,0x4f45b0,
0x4f28c4,0x5367d4,
0x4f28e0,0x4f45a4,
0x4f28e4,0x5367d8,
0x4f2900,0x4f4598,
0x4f2904,0x5367d9,
0x4f2920,0x4f458c,
0x4f2924,0x5367da,
0x4f2940,0x4f4580,
0x4f2944,0x5367db,
0x4f2960,0x4f4570,
0x4f2964,0x5367dc,
0x4f2980,0x4f4564,
0x4f2984,0x5367dd,
0x4f29a0,0x4f4554,
0x4f29a4,0x5367de,
0x4f29c0,0x4f4544,
0x4f29c4,0x5367df,
0x4f29e0,0x4f4534,
0x4f29e4,0x5367e0,
0x4f2a00,0x4f4524,
0x4f2a04,0x5367e1,
0x4f2a20,0x4f4514,
0x4f2a24,0x5367e2,
0x4f2a40,0x4f4508,
0x4f2a44,0x5367e3,
0x4f2a60,0x4f44fc,
0x4f2a64,0x5367e4,
0x4f2a80,0x4f44f0,
0x4f2a84,0x5367e5,
0x4f2aa0,0x4f44e0,
0x4f2aa4,0x5367e6,
0x4f2ac0,0x4f44d0,
0x4f2ac4,0x5367e7,
0x4f2ae0,0x4f44c8,
0x4f2ae4,0x5367e9,
0x4f2b00,0x4f44bc,
0x4f2b04,0x5367ea,
0x4f2b20,0x4f44b0,
0x4f2b24,0x5367eb,
0x4f2b40,0x4f44a4,
0x4f2b44,0x536808,
0x4f2b60,0x4f4494,
0x4f2b64,0x536812,
0x4f2b80,0x4f4488,
0x4f2b84,0x53680c,
0x4f2ba0,0x4f4474,
0x4f2ba4,0x536815,
0x4f2bc0,0x4f4468,
0x4f2bc4,0x536816,
0x4f2be0,0x4f445c,
0x4f2be4,0x536817,
0x4f2c00,0x4f444c,
0x4f2c04,0x536770,
0x4f2c20,0x4f443c,
0x4f2c24,0x536774,
0x4f2c40,0x4f442c,
0x4f2c44,0x536775,
0x4f2c60,0x4f441c,
0x4f2c64,0x536776,
0x4f2c80,0x4f4410,
0x4f2c84,0x536778,
0x4f2ca0,0x4f43fc,
0x4f2ca4,0x53677c,
0x4f2cc0,0x4f43e8,
0x4f2cc4,0x53677d,
0x4f2ce0,0x4f43d4,
0x4f2ce4,0x53677e,
0x4f2d00,0x4f43c8,
0x4f2d04,0x536780,
0x4f2d20,0x4f43b8,
0x4f2d24,0x536784,
0x4f2d40,0x4f43a4,
0x4f2d44,0x536785,
0x4f2d60,0x4f4390,
0x4f2d64,0x536786,
0x4f2d80,0x4f437c,
0x4f2d84,0x536787,
0x4f2da0,0x4f4368,
0x4f2da4,0x536788,
0x4f2dc0,0x4f4358,
0x4f2dc4,0x536789,
0x4f2de0,0x4f4344,
0x4f2de4,0x53678a,
0x4f2e00,0x4f4330,
0x4f2e04,0x53678b,
0x4f2e20,0x4f4320,
0x4f2e24,0x53678c,
0x4f2e40,0x4f430c,
0x4f2e44,0x536790,
0x4f2e60,0x4f42f4,
0x4f2e64,0x536791,
0x4f2e80,0x4f42e0,
0x4f2e84,0x536794,
0x4f2ea0,0x4f42cc,
0x4f2ea4,0x536798,
0x4f2ec0,0x4f42b8,
0x4f2ec4,0x536799,
0x4f2ee0,0x4f42a8,
0x4f2ee4,0x53679c,
0x4f2f00,0x4f4298,
0x4f2f04,0x5367a0,
0x4f2f20,0x4f4288,
0x4f2f24,0x5367a1,
0x4f2f40,0x4f427c,
0x4f2f44,0x5367a4,
0x4f2f60,0x4f4268,
0x4f2f64,0x5367a8,
0x4f2f80,0x4f4254,
0x4f2f84,0x5367a9,
0x4f2fa0,0x4f4240,
0x4f2fa4,0x5367aa,
0x4f2fc0,0x4f422c,
0x4f2fc4,0x5367ac,
0x4f2fe0,0x4f421c,
0x4f2fe4,0x5367b0,
0x4f3000,0x4f4208,
0x4f3004,0x5367b1,
0x4f3020,0x4f41f4,
0x4f3024,0x5367b4,
0x4f3040,0x4f41e4,
0x4f3044,0x5367b8,
0x4f3060,0x4f41d0,
0x4f3064,0x5367b9,
0x4f3080,0x4f41bc,
0x4f3084,0x5367bc,
0x4f30a0,0x4f41a8,
0x4f30a4,0x5367c0,
0x4f30c0,0x4f4194,
0x4f30c4,0x5367c1,
0x4f30e0,0x4f4188,
0x4f30e4,0x5367ec,
0x4f3100,0x4f4178,
0x4f3104,0x5367ed,
0x4f3120,0x4f416c,
0x4f3124,0x5367ee,
0x4f3140,0x4f4164,
0x4f3144,0x5367ef,
0x4f3160,0x4f4150,
0x4f3164,0x5367f0,
0x4f3180,0x4f413c,
0x4f3184,0x5367f1,
0x4f31a0,0x4f4128,
0x4f31a4,0x5367f2,
0x4f31c0,0x4f4114,
0x4f31c4,0x5367f3,
0x4f31e0,0x4f40fc,
0x4f31e4,0x5367f4,
0x4f3200,0x4f40f0,
0x4f3204,0x5367f5,
0x4f3220,0x4f40e4,
0x4f3224,0x5367f6,
0x4f3240,0x4f40d4,
0x4f3244,0x5367f7,
0x4f3260,0x4f40c4,
0x4f3264,0x5367f8,
0x4f3280,0x4f40b0,
0x4f3284,0x5367e8,
0x4f32a0,0x4f409c,
0x4f32a4,0x5367fa,
0x4f32c0,0x4f4088,
0x4f32c4,0x5367fb,
0x4f32e0,0x4f4074,
0x4f32e4,0x5367fc,
0x4f3300,0x4f4064,
0x4f3304,0x5367fd,
0x4f3320,0x4f4054,
0x4f3328,0x4f4044,
0x4f3330,0x4f4038,
0x4f3338,0x4f402c,
0x4f3340,0x4f4020,
0x4f3348,0x4f4010,
0x4f3350,0x4f4000,
0x4f3358,0x4f3ff0,
0x4f3360,0x4f3fe0,
0x4f3368,0x4f3fd4,
0x4f3370,0x4f3fc4,
0x4f3378,0x4f3fb4,
0x4f3380,0x4f3fa4,
0x4f3388,0x4f3f94,
0x4f3390,0x4f3f84,
0x4f3398,0x4f3f74,
0x4f33a0,0x4f3f64,
0x4f33a8,0x4f3f54,
0x4f33b0,0x4f3f44,
0x4f33b8,0x4f3f34,
0x4f33c0,0x4f3f24,
0x4f33c8,0x4f3f14,
0x4f33d0,0x4f3f04,
0x4f33d8,0x4f3ef8,
0x4f33e0,0x4f3ee8,
0x4f33e8,0x4f3ed0,
0x4f33f0,0x4f3ec0,
0x4f33f8,0x4f3eb4,
0x4f3400,0x4f3ea4,
0x4f3408,0x4f3e90,
0x4f3410,0x4f3e80,
0x4f3418,0x4f3e70,
0x4f3420,0x4f3e64,
0x4f3428,0x4f3e5c,
0x4f3430,0x4f3e54,
0x4f3438,0x4f3e4c,
0x4f3440,0x4f3e44,
0x4f3448,0x4f3e3c,
0x4f3450,0x4f3e34,
0x4f3458,0x4f3e2c,
0x4f3460,0x4f3e20,
0x4f3468,0x4f3e10,
0x4f3470,0x4f3dfc,
0x4f3478,0x4f3de8,
0x4f3480,0x4f3dd0,
0x4f3488,0x4f3db8,
0x4f3490,0x4f3da4,
0x4f3498,0x4f3d8c,
0x4f34a0,0x4f3d70,
0x4f34a8,0x4f3d54,
0x4f34b0,0x4f3d40,
0x4f34b8,0x4f3d30,
0x4f34c0,0x4f3d20,
0x4f34c8,0x4f3d08,
0x4f34d0,0x4f3cf0,
0x4f34d8,0x4f3cd8,
0x4f34e0,0x4f3cc8,
0x4f34e8,0x4f3cb8,
0x4f34f0,0x4f3ca8,
0x4f34f8,0x4f3c98,
0x4f3500,0x4f3c8c,
0x4f3508,0x4f3c74,
0x4f3510,0x4f3c5c,
0x4f3518,0x4f3c44,
0x4f3520,0x4f3c2c,
0x4f3528,0x4f3c14,
0x4f3530,0x4f3bfc,
0x4f3538,0x4f3be4,
0x4f3540,0x4f3bcc,
0x4f3548,0x4f3bb4,
0x4f3550,0x4f3b9c,
0x4f3558,0x4f3b88,
0x4f3560,0x4f3b6c,
0x4f3568,0x4f3b58,
0x4f3570,0x4f3b48,
0x4f3578,0x4f3b34,
0x4f3580,0x4f3b20,
0x4f3588,0x4f3b0c,
0x4f3590,0x4f3af8,
0x4f3598,0x4f3af0,
0x4f35a0,0x4f3aec,
0x4f35a8,0x4f3ae4,
0x4f35b0,0x4f3ae0,
0x4f35b8,0x4f3adc,
0x4f35c0,0x4f3ad4,
0x4f35c8,0x4f3acc,
0x4f35d0,0x4f3ac4,
0x4f35d8,0x4f3ac0,
0x4f35e0,0x4f3ab8,
0x4f35e8,0x4f3ab0,
0x4f35f0,0x4f3aa8,
0x4f35f8,0x4f3aa0,
0x4f3600,0x4f3a98,
0x4f3608,0x4f3a90,
0x4f3610,0x4f3a84,
0x4f3618,0x4f3a80,
0x4f3620,0x4f3a7c,
0x4f3628,0x4f3a70,
0x4f3630,0x4f3a60,
0x4f3638,0x4f3a58,
0x4f3640,0x4f3a4c,
0x4f3648,0x4f3a44,
0x4f3650,0x4f3a38,
0x4f3658,0x4f3a2c,
0x4f3660,0x4f3a24,
0x4f3668,0x4f3a1c,
0x4f3670,0x4f3a14,
0x4f3678,0x4f3a08,
0x4f3680,0x4f3a00,
0x4f3688,0x4f39f4,
0x4f3690,0x4f39ec,
0x4f3698,0x4f39e8,
0x4f36a0,0x4f39e4,
0x4f36a8,0x4f39e0,
0x4f36b0,0x4f39dc,
0x4f36b8,0x4f39d8,
0x4f36c0,0x4f39d4,
0x4f36c8,0x4f39d0,
0x4f36d0,0x4f39cc,
0x4f36d8,0x4f39c8,
0x4f36e0,0x4f39c4,
0x4f36e8,0x4f39bc,
0x4f36f0,0x4f39b4,
0x4f36f8,0x4f39ac,
0x4f3700,0x4f39a4,
0x4f3708,0x4f3998,
0x4f3710,0x4f398c,
0x4f3718,0x4f3984,
0x4f3720,0x4f3978,
0x4f3728,0x4f396c,
0x4f3730,0x4f3968,
0x4f3738,0x4f395c,
0x4f3740,0x4f3950,
0x4f3748,0x4f3948,
0x4f3750,0x4f3940,
0x4f3758,0x4f3938,
0x4f3760,0x4f3934,
0x4f3768,0x4f3928,
0x4f3770,0x4f3918,
0x4f3778,0x4f3914,
0x4f3780,0x4f3910,
0x4f3788,0x4f390c,
0x4f3790,0x4f3908,
0x4f3798,0x4f3904,
0x4f37a0,0x4f38f8,
0x4f37a8,0x4f38ec,
0x4f37b0,0x4f38e0,
0x4f37b8,0x4f38d4,
0x4f37c0,0x4f38c4,
0x4f37c8,0x4f38b4,
0x4f37d0,0x4f38ac,
0x4f37d8,0x4f389c,
0x4f37e0,0x4f388c,
0x4f37e8,0x4f3880,
0x4f37f0,0x4f3874,
0x4f37f8,0x4f386c,
0x4f3800,0x4f3864,
0x4f3808,0x4f385c,
0x4f3810,0x4f3854,
0x4f3818,0x4f3850,
0x4f3820,0x4f3848,
0x4f3828,0x4f3840,
0x4f3830,0x4f3838,
0x4f3934,0x4c4544,
0x4f4ca8,0x4bd490,
0x4f4cac,0x4bd498,
0x4f4cb0,0x4bd49c,
0x4f4cb4,0x4bd4a0,
0x4f4cb8,0x4bd4a8,
0x4f4cbc,0x4bd4b0,
0x4f4cc0,0x4bd4b8,
0x4f4cc4,0x4bd4bc,
0x4f4cc8,0x4bd4c4,
0x4f4ccc,0x4bd4cc,
0x4f4cd0,0x4bd4d4,
0x4f4cd4,0x4bd4dc,
0x4f4cd8,0x4bd4e4,
0x4f4cdc,0x4bd4f0,
0x4f4ce0,0x4bd4fc,
0x4f4ce4,0x4bd500,
0x4f4ce8,0x4bd504,
0x4f4cec,0x4bd508,
0x4f4cf0,0x4bd50c,
0x4f4cf4,0x4bd510,
0x4f4cf8,0x4bd514,
0x4f4cfc,0x4bd518,
0x4f4d00,0x4bd51c,
0x4f4d04,0x4bd520,
0x4f4d08,0x4bd524,
0x4f4d0c,0x4bd528,
0x4f4d10,0x4bd538,
0x4f4d14,0x4bd548,
0x4f4d18,0x4bd550,
0x4f4d1c,0x4bd55c,
0x4f4d20,0x4bd560,
0x4f4d24,0x4bd564,
0x4f4d28,0x4bd568,
0x4f4d2c,0x4bd56c,
0x4f4d30,0x4bd570,
0x4f4d34,0x4bd574,
0x4f4d38,0x4bd578,
0x4f4d3c,0x4bd57c,
0x4f4d40,0x4bd580,
0x4f4d44,0x4bd590,
0x4f4d48,0x4bd598,
0x4f4d4c,0x4bd5a8,
0x4f4d50,0x4bd5b8,
0x4f4d54,0x4bd5c4,
0x4f4d58,0x4bd5c8,
0x4f4d5c,0x4bd5cc,
0x4f4d60,0x4bd5d0,
0x4f4d64,0x4bd5d4,
0x4f4d68,0x4bd5d8,
0x4f4d6c,0x4bd5dc,
0x4f4d70,0x4bd5e0,
0x4f4d74,0x4bd5e8,
0x4f4d78,0x4bd5f0,
0x4f4d7c,0x4bd5f8,
0x4f4d80,0x4bd608,
0x4f4d84,0x4bd618,
0x4f4d88,0x4bd620,
0x4f4d8c,0x4bd628,
0x4f4d90,0x4bd634,
0x4f4d94,0x4bd638,
0x4f4d98,0x4bd63c,
0x4f4d9c,0x4bd640,
0x4f4da0,0x4bd644,
0x4f4da4,0x4bd648,
0x4f4da8,0x4bd64c,
0x4f4dac,0x4bd650,
0x4f4db0,0x4bd654,
0x4f4db4,0x4bd658,
0x4f4db8,0x4bd660,
0x4f4dbc,0x4bd668,
0x4f4dc0,0x4bd678,
0x4f4dc4,0x4bd680,
0x4f4dc8,0x4bd688,
0x4f4dcc,0x4bd690,
0x4f4dd0,0x4bd6a0,
0x4f4dd4,0x4bd6b0,
0x4f4dd8,0x4bd6b8,
0x4f4ddc,0x4bd6c8,
0x4f4de0,0x4bd6d4,
0x4f4de4,0x4bd6d8,
0x4f4de8,0x4bd6e8,
0x4f4dec,0x4bd6f8,
0x4f4df0,0x4bd700,
0x4f4df4,0x4bd708,
0x4f4df8,0x4bd710,
0x4f4dfc,0x4bd720,
0x4f4e00,0x4bd730,
0x4f4e04,0x4bd734,
0x4f4e08,0x4bd738,
0x4f4e0c,0x4bd744,
0x4f4e10,0x4bd748,
0x4f4e14,0x4bd74c,
0x4f4e18,0x4bd750,
0x4f4e1c,0x4bd758,
0x4f4e20,0x4bd768,
0x4f4e24,0x4bd778,
0x4f4e28,0x4bd788,
0x4f4e2c,0x4bd798,
0x4f4e30,0x4bd7a8,
0x4f4e34,0x4bd7b0,
0x4f4e38,0x4bd7c0,
0x4f4e3c,0x4bd7d0,
0x4f4e40,0x4bd7e0,
0x4f4e44,0x4bd7ec,
0x4f4e48,0x4bd7f0,
0x4f4e4c,0x4bd7f4,
0x4f4e50,0x4bd7f8,
0x4f4e54,0x4bd800,
0x4f4e58,0x4bd810,
0x4f4e5c,0x4bd820,
0x4f4e60,0x4bd828,
0x4f4e64,0x4bd838,
0x4f4e68,0x4bd848,
0x4f4e6c,0x4bd850,
0x4f4e70,0x4bd858,
0x4f4e74,0x4bd860,
0x4f4e78,0x4bd868,
0x4f4e7c,0x4bd878,
0x4f4e80,0x4bd880,
0x4f4e84,0x4bd888,
0x4f4e88,0x4bd890,
0x4f4e8c,0x4bd898,
0x4f4e90,0x4bd8a0,
0x4f4e94,0x4bd8a8,
0x4f4e98,0x4bd8b0,
0x4f5208,0x48dc50,
0x4f520c,0x44e500,
0x4f5210,0x44e660,
0x4f5214,0x44e660,
0x4f5218,0x44e660,
0x4f521c,0x44e670,
0x4f5220,0x44e700,
0x4f5224,0x44e750,
0x4f5350,0x4f54bc,
0x4f5354,0x4f54a8,
0x4f5358,0x4f5494,
0x4f535c,0x4f5484,
0x4f5360,0x4f5470,
0x4f5364,0x4f545c,
0x4f53a8,0x4f5444,
0x4f53bc,0x4f543c,
0x4f53c0,0x4f5430,
0x4f53c4,0x4f5424,
0x4f53c8,0x4f5418,
0x4f53f8,0x44ff80,
0x4f53fc,0x44ff90,
0x4f5400,0x450490,
0x4f5404,0x4507e0,
0x4f5408,0x44e660,
0x4f540c,0x450870,
0x4f5410,0x450c90,
0x4f5414,0x450c90,
0x4f56f0,0x4bd940,
0x4f56f4,0x4bd94c,
0x4f56f8,0x4bd950,
0x4f56fc,0x4bd958,
0x4f5700,0x4bd960,
0x4f5704,0x4bd968,
0x4f5708,0x4bd970,
0x4f570c,0x4bd978,
0x4f5710,0x4bd980,
0x4f5714,0x4bd988,
0x4f5718,0x4bd990,
0x4f571c,0x4bd998,
0x4f5720,0x4bd9a8,
0x4f5724,0x4bd9b8,
0x4f5728,0x4bd9c8,
0x4f572c,0x4bd9d0,
0x4f5730,0x4bd9d8,
0x4f5734,0x4bd9e0,
0x4f5738,0x4bd9e8,
0x4f573c,0x4bd9f0,
0x4f5740,0x4bd9f8,
0x4f5744,0x4bda00,
0x4f5748,0x4bda08,
0x4f574c,0x4bda10,
0x4f5750,0x4bda18,
0x4f5754,0x4bda20,
0x4f5758,0x4bda30,
0x4f575c,0x4bda40,
0x4f5760,0x4bda50,
0x4f5764,0x4bda68,
0x4f5768,0x4bda70,
0x4f576c,0x4bda78,
0x4f5770,0x4bda80,
0x4f5774,0x4bda88,
0x4f5778,0x4bda90,
0x4f577c,0x4bda98,
0x4f5780,0x4bdaa0,
0x4f5784,0x4bdaa8,
0x4f5788,0x4bdab0,
0x4f578c,0x4bdac8,
0x4f5790,0x4bdad8,
0x4f5794,0x4bdaf0,
0x4f5798,0x4bdb00,
0x4f579c,0x4bdb18,
0x4f57a0,0x4bdb20,
0x4f57a4,0x4bdb28,
0x4f57a8,0x4bdb30,
0x4f57ac,0x4bdb38,
0x4f57b0,0x4bdb40,
0x4f57b4,0x4bdb48,
0x4f57b8,0x4bdb50,
0x4f57bc,0x4bdb60,
0x4f57c0,0x4bdb70,
0x4f57c4,0x4bdb80,
0x4f57c8,0x4bdb90,
0x4f57cc,0x4bdba8,
0x4f57d0,0x4bdbb8,
0x4f57d4,0x4bdbc8,
0x4f57d8,0x4bdbd8,
0x4f57dc,0x4bdbe0,
0x4f57e0,0x4bdbe8,
0x4f57e4,0x4bdbf0,
0x4f57e8,0x4bdbf8,
0x4f57ec,0x4bdc00,
0x4f57f0,0x4bdc08,
0x4f57f4,0x4bdc10,
0x4f57f8,0x4bdc18,
0x4f57fc,0x4bdc20,
0x4f5800,0x4bdc28,
0x4f5804,0x4bdc30,
0x4f5808,0x4bdc40,
0x4f580c,0x4bdc50,
0x4f5810,0x4bdc60,
0x4f5814,0x4bdc70,
0x4f5818,0x4bdc88,
0x4f581c,0x4bdc98,
0x4f5820,0x4bdca8,
0x4f5824,0x4bdcb8,
0x4f5828,0x4bdcd0,
0x4f582c,0x4bdcd8,
0x4f5830,0x4bdce8,
0x4f5834,0x4bdcf8,
0x4f5838,0x4bdd08,
0x4f583c,0x4bdd18,
0x4f5840,0x4bdd28,
0x4f5844,0x4bdd40,
0x4f5848,0x4bdd58,
0x4f584c,0x4bdd60,
0x4f5850,0x4bdd68,
0x4f5854,0x4bdd78,
0x4f5858,0x4bdd80,
0x4f585c,0x4bdd88,
0x4f5860,0x4bdd90,
0x4f5864,0x4bdd98,
0x4f5868,0x4bdda8,
0x4f586c,0x4bddb8,
0x4f5870,0x4bddc8,
0x4f5874,0x4bddd8,
0x4f5878,0x4bddf0,
0x4f587c,0x4bde00,
0x4f5880,0x4bde10,
0x4f5884,0x4bde20,
0x4f5888,0x4bde30,
0x4f588c,0x4bde40,
0x4f5890,0x4bde48,
0x4f5894,0x4bde50,
0x4f5898,0x4bde58,
0x4f589c,0x4bde60,
0x4f58a0,0x4bde70,
0x4f58a4,0x4bd938,
0x4f58a8,0x4bde80,
0x4f58ac,0x4bde90,
0x4f58b0,0x4bdea8,
0x4f58b4,0x4bdeb8,
0x4f58b8,0x4bd938,
0x4f58bc,0x4bdec8,
0x4f58c0,0x4bded8,
0x4f58c4,0x4bdee8,
0x4f58c8,0x4bdef8,
0x4f58cc,0x4bdf08,
0x4f58d0,0x4bdf18,
0x4f58d4,0x4bd938,
0x4f58d8,0x4bd938,
0x4f58dc,0x4bd938,
0x4f58e0,0x4bd938,
0x4f7288,0x4f72d8,
0x4f7298,0x4f72d4,
0x4f729c,0x4f7278,
0x4f72a0,0x4f7278,
0x4f72a4,0x4f7278,
0x4f72a8,0x4f7278,
0x4f72ac,0x4f7278,
0x4f72b0,0x4f7288,
0x4f72b4,0x4f7288,
0x4f72b8,0x4f7288,
0x4f7718,0x46aa30,
0x4f771c,0x46aa50,
0x4f7738,0x46f890,
0x4f773c,0x46ac50,
0x4f7744,0x46a880,
0x4f774c,0x46aa30,
0x4f7750,0x46f980,
0x4f776c,0x46f890,
0x4f7770,0x46f9a0,
0x4f7778,0x46a880,
0x4f7780,0x462d90,
0x4f7784,0x463120,
0x4f7788,0x463800,
0x4f778c,0x463950,
0x4f7798,0x464360,
0x4f779c,0x4643a0,
0x4f77a0,0x4643c0,
0x4f77a4,0x463a80,
0x4f77a8,0x463980,
0x4f77ac,0x4639a0,
0x4f77b4,0x46b780,
0x4f77b8,0x46b7d0,
0x4f77bc,0x46b8b0,
0x4f77cc,0x4628c0,
0x4f77d0,0x46bcc0,
0x4f77d4,0x46bcf0,
0x4f77d8,0x46bb90,
0x4f77e0,0x46bb60,
0x4f77e8,0x462580,
0x4f77ec,0x4625c0,
0x4f77f0,0x46edc0,
0x4f7800,0x4628c0,
0x4f7804,0x46bcc0,
0x4f780c,0x462660,
0x4f7814,0x46bb60,
0x4f781c,0x46d160,
0x4f7820,0x46d210,
0x4f7824,0x46d2e0,
0x4f7834,0x46f7f0,
0x4f7838,0x46d6c0,
0x4f783c,0x46f890,
0x4f7840,0x46d590,
0x4f7848,0x46a880,
0x4f7850,0x46f650,
0x4f7854,0x46edc0,
0x4f7858,0x46f6b0,
0x4f7868,0x46f7f0,
0x4f786c,0x46f840,
0x4f7870,0x46f890,
0x4f7874,0x46f700,
0x4f787c,0x46a880,
0x4f7884,0x469f50,
0x4f7888,0x46a0a0,
0x4f78a8,0x469fb0,
0x4f78b0,0x4676e0,
0x4f78b8,0x46a7c0,
0x4f78bc,0x46edc0,
0x4f78dc,0x46a7f0,
0x4f78e4,0x46a880,
0x4f78ec,0x46d760,
0x4f78f0,0x46d820,
0x4f7910,0x46d900,
0x4f7918,0x46da60,
0x4f7920,0x46a8d0,
0x4f7924,0x46edc0,
0x4f7944,0x46a910,
0x4f794c,0x46a880,
0x4f7954,0x46f590,
0x4f7958,0x46edc0,
0x4f7978,0x46f5b0,
0x4f7980,0x46a880,
0x4f7988,0x459850,
0x4f798c,0x4598b0,
0x4f79b4,0x4598f0,
0x4f79bc,0x459880,
0x4f79c0,0x4598b0,
0x4f79e8,0x4598f0,
0x4f79f0,0x45f780,
0x4f79f4,0x45f810,
0x4f79fc,0x45faf0,
0x4f7a18,0x45f930,
0x4f7a1c,0x45f8f0,
0x4f7a24,0x49f1b0,
0x4f7a28,0x46edc0,
0x4f7a50,0x49f1d0,
0x4f7a58,0x46f290,
0x4f7a5c,0x46f2b0,
0x4f7a64,0x46f420,
0x4f7a84,0x46f3f0,
0x4f7a8c,0x46dfc0,
0x4f7a90,0x46dfe0,
0x4f7ab8,0x46e1a0,
0x4f7ac0,0x46dfc0,
0x4f7ac4,0x46dfe0,
0x4f7aec,0x46e1a0,
0x4f7af4,0x4a2000,
0x4f7af8,0x46edc0,
0x4f7afc,0x4a2070,
0x4f7b20,0x4a2440,
0x4f7b4c,0x4a4530,
0x4f7b78,0x4a0480,
0x4f7b94,0x45c330,
0x4f7bbc,0x45c370,
0x4f7bc4,0x4676b0,
0x4f7be8,0x467700,
0x4f7bf0,0x4676e0,
0x4f7bf8,0x46edd0,
0x4f7bfc,0x46ee00,
0x4f7c24,0x4676e0,
0x4f7c2c,0x46ebf0,
0x4f7c30,0x46ec00,
0x4f7c38,0x46edc0,
0x4f7c58,0x4676e0,
0x4f8d38,0x47d110,
0x4f8d3c,0x47ce40,
0x4f8d40,0x47d110,
0x4f8d44,0x47ce40,
0x4f8d48,0x47da90,
0x4f8d4c,0x487190,
0x4f8d50,0x47f620,
0x4f8d54,0x488b50,
0x4f8d58,0x47d110,
0x4f8d5c,0x47ce40,
0x4f8d60,0x47d110,
0x4f8d64,0x47ce40,
0x4f8d68,0x47da90,
0x4f8d6c,0x487190,
0x4f8d70,0x47f620,
0x4f8d74,0x488b50,
0x4f8d78,0x47d110,
0x4f8d7c,0x47ce40,
0x4f8d80,0x47d110,
0x4f8d84,0x47ce40,
0x4f8d88,0x47e400,
0x4f8d8c,0x487ea0,
0x4f8d90,0x47ff90,
0x4f8d94,0x489860,
0x4f8d98,0x47d110,
0x4f8d9c,0x47ce40,
0x4f8da0,0x47d110,
0x4f8da4,0x47ce40,
0x4f8da8,0x47da90,
0x4f8dac,0x487190,
0x4f8db0,0x47f620,
0x4f8db4,0x488b50,
0x4f8db8,0x47d110,
0x4f8dbc,0x47ce40,
0x4f8dc0,0x47d110,
0x4f8dc4,0x47ce40,
0x4f8dc8,0x47d110,
0x4f8dcc,0x47d110,
0x4f8dd0,0x47d110,
0x4f8dd4,0x47d110,
0x4f8dd8,0x47d110,
0x4f8ddc,0x47ce40,
0x4f8de0,0x47d110,
0x4f8de4,0x47ce40,
0x4f8de8,0x47d110,
0x4f8dec,0x47d110,
0x4f8df0,0x47d110,
0x4f8df4,0x47d110,
0x4f8df8,0x47d110,
0x4f8dfc,0x47ce40,
0x4f8e00,0x47d110,
0x4f8e04,0x47ce40,
0x4f8e08,0x47d110,
0x4f8e0c,0x47d110,
0x4f8e10,0x47d110,
0x4f8e14,0x47d110,
0x4f8e18,0x47d110,
0x4f8e1c,0x47ce40,
0x4f8e20,0x47d110,
0x4f8e24,0x47ce40,
0x4f8e28,0x47d110,
0x4f8e2c,0x47d110,
0x4f8e30,0x47d110,
0x4f8e34,0x47d110,
0x4f8e38,0x47d110,
0x4f8e3c,0x47ce40,
0x4f8e40,0x47d110,
0x4f8e44,0x47ce40,
0x4f8e48,0x480900,
0x4f8e4c,0x48a580,
0x4f8e50,0x481c50,
0x4f8e54,0x48c030,
0x4f8e58,0x47d110,
0x4f8e5c,0x47ce40,
0x4f8e60,0x47d110,
0x4f8e64,0x47ce40,
0x4f8e68,0x480900,
0x4f8e6c,0x48a580,
0x4f8e70,0x481c50,
0x4f8e74,0x48c030,
0x4f8e78,0x47d110,
0x4f8e7c,0x47ce40,
0x4f8e80,0x47d110,
0x4f8e84,0x47ce40,
0x4f8e88,0x4812e0,
0x4f8e8c,0x48b310,
0x4f8e90,0x482630,
0x4f8e94,0x48cdc0,
0x4f8e98,0x47d110,
0x4f8e9c,0x47ce40,
0x4f8ea0,0x47d110,
0x4f8ea4,0x47ce40,
0x4f8ea8,0x480900,
0x4f8eac,0x48a580,
0x4f8eb0,0x481c50,
0x4f8eb4,0x48cdc0,
0x4f8eb8,0x47d110,
0x4f8ebc,0x47ce40,
0x4f8ec0,0x47d110,
0x4f8ec4,0x47ce40,
0x4f8ec8,0x47d110,
0x4f8ecc,0x47d110,
0x4f8ed0,0x47d110,
0x4f8ed4,0x47d110,
0x4f8ed8,0x47d110,
0x4f8edc,0x47ce40,
0x4f8ee0,0x47d110,
0x4f8ee4,0x47ce40,
0x4f8ee8,0x47d110,
0x4f8eec,0x47d110,
0x4f8ef0,0x47d110,
0x4f8ef4,0x47d110,
0x4f8ef8,0x47d110,
0x4f8efc,0x47ce40,
0x4f8f00,0x47d110,
0x4f8f04,0x47ce40,
0x4f8f08,0x47d110,
0x4f8f0c,0x47d110,
0x4f8f10,0x47d110,
0x4f8f14,0x47d110,
0x4f8f18,0x47d110,
0x4f8f1c,0x47ce40,
0x4f8f20,0x47d110,
0x4f8f24,0x47ce40,
0x4f8f28,0x47d110,
0x4f8f2c,0x47d110,
0x4f8f30,0x47d110,
0x4f8f34,0x47d110,
0x4f8f38,0x47d110,
0x4f8f3c,0x47ce40,
0x4f8f40,0x47d110,
0x4f8f44,0x47ce40,
0x4f8f48,0x482fe0,
0x4f8f4c,0x482fe0,
0x4f8f50,0x47d110,
0x4f8f54,0x47d110,
0x4f8f58,0x47d110,
0x4f8f5c,0x47ce40,
0x4f8f60,0x47d110,
0x4f8f64,0x47ce40,
0x4f8f68,0x482fe0,
0x4f8f6c,0x482fe0,
0x4f8f70,0x47d110,
0x4f8f74,0x47d110,
0x4f8f78,0x47d110,
0x4f8f7c,0x47ce40,
0x4f8f80,0x47d110,
0x4f8f84,0x47ce40,
0x4f8f88,0x483a10,
0x4f8f8c,0x483a10,
0x4f8f90,0x47d110,
0x4f8f94,0x47d110,
0x4f8f98,0x47d110,
0x4f8f9c,0x47ce40,
0x4f8fa0,0x47d110,
0x4f8fa4,0x47ce40,
0x4f8fa8,0x482fe0,
0x4f8fac,0x482fe0,
0x4f8fb0,0x47d110,
0x4f8fb4,0x47d110,
0x4f8fb8,0x47d110,
0x4f8fbc,0x47ce40,
0x4f8fc0,0x47d110,
0x4f8fc4,0x47ce40,
0x4f8fc8,0x484400,
0x4f8fcc,0x47d110,
0x4f8fd0,0x47d110,
0x4f8fd4,0x47d110,
0x4f8fd8,0x47d110,
0x4f8fdc,0x47ce40,
0x4f8fe0,0x47d110,
0x4f8fe4,0x47ce40,
0x4f8fe8,0x47d110,
0x4f8fec,0x47d110,
0x4f8ff0,0x47d110,
0x4f8ff4,0x47d110,
0x4f8ff8,0x47d110,
0x4f8ffc,0x47ce40,
0x4f9000,0x47d110,
0x4f9004,0x47ce40,
0x4f9008,0x484e70,
0x4f900c,0x47d110,
0x4f9010,0x47d110,
0x4f9014,0x47d110,
0x4f9018,0x47d110,
0x4f901c,0x47ce40,
0x4f9020,0x47d110,
0x4f9024,0x47ce40,
0x4f9028,0x47d110,
0x4f902c,0x47d110,
0x4f9030,0x47d110,
0x4f9034,0x47d110,
0x4f9038,0x47d3a0,
0x4f903c,0x47ce40,
0x4f9040,0x47d110,
0x4f9044,0x47ce40,
0x4f9048,0x47edb0,
0x4f904c,0x47d110,
0x4f9050,0x47d110,
0x4f9054,0x47d110,
0x4f9058,0x47d110,
0x4f905c,0x47ce40,
0x4f9060,0x47d110,
0x4f9064,0x47ce40,
0x4f9068,0x47d110,
0x4f906c,0x47d110,
0x4f9070,0x47d110,
0x4f9074,0x47d110,
0x4f9078,0x47d110,
0x4f907c,0x47ce40,
0x4f9080,0x47d110,
0x4f9084,0x47ce40,
0x4f9088,0x483a10,
0x4f908c,0x483a10,
0x4f9090,0x47d110,
0x4f9094,0x47d110,
0x4f9098,0x47d110,
0x4f909c,0x47ce40,
0x4f90a0,0x47d110,
0x4f90a4,0x47ce40,
0x4f90a8,0x47d110,
0x4f90ac,0x47d110,
0x4f90b0,0x47d110,
0x4f90b4,0x47d110,
0x4f90b8,0x47d110,
0x4f90bc,0x47ce40,
0x4f90c0,0x47d110,
0x4f90c4,0x471f20,
0x4f90c8,0x47d110,
0x4f90cc,0x47d110,
0x4f90d0,0x47d110,
0x4f90d4,0x471f20,
0x4f90d8,0x47d110,
0x4f90dc,0x47ce40,
0x4f90e0,0x47d110,
0x4f90e4,0x471f20,
0x4f90e8,0x4859e0,
0x4f90ec,0x47d110,
0x4f90f0,0x486580,
0x4f90f4,0x471f20,
0x4f90f8,0x47d110,
0x4f90fc,0x47ce40,
0x4f9100,0x47d110,
0x4f9104,0x471f20,
0x4f9108,0x4859e0,
0x4f910c,0x47d110,
0x4f9110,0x486580,
0x4f9114,0x471f20,
0x4f9118,0x47d110,
0x4f911c,0x47ce40,
0x4f9120,0x47d110,
0x4f9124,0x471f20,
0x4f9128,0x47d110,
0x4f912c,0x47d110,
0x4f9130,0x47d110,
0x4f9134,0x471f20,
0x4f9138,0x47d110,
0x4f913c,0x47ce40,
0x4f9140,0x47d110,
0x4f9144,0x47ce40,
0x4f9148,0x47da90,
0x4f914c,0x487190,
0x4f9150,0x47f620,
0x4f9154,0x488b50,
0x4f9158,0x47d110,
0x4f915c,0x47ce40,
0x4f9160,0x47d110,
0x4f9164,0x47ce40,
0x4f9168,0x47da90,
0x4f916c,0x487190,
0x4f9170,0x47f620,
0x4f9174,0x488b50,
0x4f9178,0x47d110,
0x4f917c,0x47ce40,
0x4f9180,0x47d110,
0x4f9184,0x47ce40,
0x4f9188,0x47e400,
0x4f918c,0x487ea0,
0x4f9190,0x47ff90,
0x4f9194,0x489860,
0x4f9198,0x47d110,
0x4f919c,0x47ce40,
0x4f91a0,0x47d110,
0x4f91a4,0x47ce40,
0x4f91a8,0x47da90,
0x4f91ac,0x487190,
0x4f91b0,0x47f620,
0x4f91b4,0x488b50,
0x4f91b8,0x47d110,
0x4f91bc,0x47ce40,
0x4f91c0,0x47d110,
0x4f91c4,0x47ce40,
0x4f91c8,0x47d110,
0x4f91cc,0x47d110,
0x4f91d0,0x47d110,
0x4f91d4,0x47d110,
0x4f91d8,0x47d110,
0x4f91dc,0x47ce40,
0x4f91e0,0x47d110,
0x4f91e4,0x47ce40,
0x4f91e8,0x47d110,
0x4f91ec,0x47d110,
0x4f91f0,0x47d110,
0x4f91f4,0x47d110,
0x4f91f8,0x47d110,
0x4f91fc,0x47ce40,
0x4f9200,0x47d110,
0x4f9204,0x47ce40,
0x4f9208,0x47d110,
0x4f920c,0x47d110,
0x4f9210,0x47d110,
0x4f9214,0x47d110,
0x4f9218,0x47d110,
0x4f921c,0x47ce40,
0x4f9220,0x47d110,
0x4f9224,0x47ce40,
0x4f9228,0x47d110,
0x4f922c,0x47d110,
0x4f9230,0x47d110,
0x4f9234,0x47d110,
0x4f9238,0x47d110,
0x4f923c,0x47ce40,
0x4f9240,0x47d110,
0x4f9244,0x47ce40,
0x4f9248,0x480900,
0x4f924c,0x48a580,
0x4f9250,0x481c50,
0x4f9254,0x48c030,
0x4f9258,0x47d110,
0x4f925c,0x47ce40,
0x4f9260,0x47d110,
0x4f9264,0x47ce40,
0x4f9268,0x480900,
0x4f926c,0x48a580,
0x4f9270,0x481c50,
0x4f9274,0x48c030,
0x4f9278,0x47d110,
0x4f927c,0x47ce40,
0x4f9280,0x47d110,
0x4f9284,0x47ce40,
0x4f9288,0x4812e0,
0x4f928c,0x48b310,
0x4f9290,0x482630,
0x4f9294,0x48cdc0,
0x4f9298,0x47d110,
0x4f929c,0x47ce40,
0x4f92a0,0x47d110,
0x4f92a4,0x47ce40,
0x4f92a8,0x480900,
0x4f92ac,0x48a580,
0x4f92b0,0x481c50,
0x4f92b4,0x48cdc0,
0x4f92b8,0x47d110,
0x4f92bc,0x47ce40,
0x4f92c0,0x47d110,
0x4f92c4,0x47ce40,
0x4f92c8,0x47d110,
0x4f92cc,0x47d110,
0x4f92d0,0x47d110,
0x4f92d4,0x47d110,
0x4f92d8,0x47d110,
0x4f92dc,0x47ce40,
0x4f92e0,0x47d110,
0x4f92e4,0x47ce40,
0x4f92e8,0x47d110,
0x4f92ec,0x47d110,
0x4f92f0,0x47d110,
0x4f92f4,0x47d110,
0x4f92f8,0x47d110,
0x4f92fc,0x47ce40,
0x4f9300,0x47d110,
0x4f9304,0x47ce40,
0x4f9308,0x47d110,
0x4f930c,0x47d110,
0x4f9310,0x47d110,
0x4f9314,0x47d110,
0x4f9318,0x47d110,
0x4f931c,0x47ce40,
0x4f9320,0x47d110,
0x4f9324,0x47ce40,
0x4f9328,0x47d110,
0x4f932c,0x47d110,
0x4f9330,0x47d110,
0x4f9334,0x47d110,
0x4f9338,0x47d110,
0x4f933c,0x47ce40,
0x4f9340,0x47d110,
0x4f9344,0x47ce40,
0x4f9348,0x482fe0,
0x4f934c,0x482fe0,
0x4f9350,0x47d110,
0x4f9354,0x47d110,
0x4f9358,0x47d110,
0x4f935c,0x47ce40,
0x4f9360,0x47d110,
0x4f9364,0x47ce40,
0x4f9368,0x482fe0,
0x4f936c,0x482fe0,
0x4f9370,0x47d110,
0x4f9374,0x47d110,
0x4f9378,0x47d110,
0x4f937c,0x47ce40,
0x4f9380,0x47d110,
0x4f9384,0x47ce40,
0x4f9388,0x483a10,
0x4f938c,0x483a10,
0x4f9390,0x47d110,
0x4f9394,0x47d110,
0x4f9398,0x47d110,
0x4f939c,0x47ce40,
0x4f93a0,0x47d110,
0x4f93a4,0x47ce40,
0x4f93a8,0x482fe0,
0x4f93ac,0x482fe0,
0x4f93b0,0x47d110,
0x4f93b4,0x47d110,
0x4f93b8,0x47d110,
0x4f93bc,0x47ce40,
0x4f93c0,0x47d110,
0x4f93c4,0x47ce40,
0x4f93c8,0x484400,
0x4f93cc,0x47d110,
0x4f93d0,0x47d110,
0x4f93d4,0x47d110,
0x4f93d8,0x47d110,
0x4f93dc,0x47ce40,
0x4f93e0,0x47d110,
0x4f93e4,0x47ce40,
0x4f93e8,0x47d110,
0x4f93ec,0x47d110,
0x4f93f0,0x47d110,
0x4f93f4,0x47d110,
0x4f93f8,0x47d110,
0x4f93fc,0x47ce40,
0x4f9400,0x47d110,
0x4f9404,0x47ce40,
0x4f9408,0x484e70,
0x4f940c,0x47d110,
0x4f9410,0x47d110,
0x4f9414,0x47d110,
0x4f9418,0x47d110,
0x4f941c,0x47ce40,
0x4f9420,0x47d110,
0x4f9424,0x47ce40,
0x4f9428,0x47d110,
0x4f942c,0x47d110,
0x4f9430,0x47d110,
0x4f9434,0x47d110,
0x4f9438,0x47d3a0,
0x4f943c,0x47ce40,
0x4f9440,0x47d110,
0x4f9444,0x47ce40,
0x4f9448,0x47edb0,
0x4f944c,0x47d110,
0x4f9450,0x47d110,
0x4f9454,0x47d110,
0x4f9458,0x47d110,
0x4f945c,0x47ce40,
0x4f9460,0x47d110,
0x4f9464,0x47ce40,
0x4f9468,0x47d110,
0x4f946c,0x47d110,
0x4f9470,0x47d110,
0x4f9474,0x47d110,
0x4f9478,0x47d110,
0x4f947c,0x47ce40,
0x4f9480,0x47d110,
0x4f9484,0x47ce40,
0x4f9488,0x483a10,
0x4f948c,0x483a10,
0x4f9490,0x47d110,
0x4f9494,0x47d110,
0x4f9498,0x47d110,
0x4f949c,0x47ce40,
0x4f94a0,0x47d110,
0x4f94a4,0x47ce40,
0x4f94a8,0x47d110,
0x4f94ac,0x47d110,
0x4f94b0,0x47d110,
0x4f94b4,0x47d110,
0x4f94b8,0x47d110,
0x4f94bc,0x47ce40,
0x4f94c0,0x47d110,
0x4f94c4,0x471f20,
0x4f94c8,0x47d110,
0x4f94cc,0x47d110,
0x4f94d0,0x47d110,
0x4f94d4,0x471f20,
0x4f94d8,0x47d110,
0x4f94dc,0x47ce40,
0x4f94e0,0x47d110,
0x4f94e4,0x471f20,
0x4f94e8,0x4859e0,
0x4f94ec,0x47d110,
0x4f94f0,0x486580,
0x4f94f4,0x471f20,
0x4f94f8,0x47d110,
0x4f94fc,0x47ce40,
0x4f9500,0x47d110,
0x4f9504,0x471f20,
0x4f9508,0x4859e0,
0x4f950c,0x47d110,
0x4f9510,0x486580,
0x4f9514,0x471f20,
0x4f9518,0x47d110,
0x4f951c,0x47ce40,
0x4f9520,0x47d110,
0x4f9524,0x471f20,
0x4f9528,0x47d110,
0x4f952c,0x47d110,
0x4f9530,0x47d110,
0x4f9534,0x471f20,
0x4f9538,0x47bf00,
0x4f953c,0x47bf00,
0x4f9540,0x47bf00,
0x4f9544,0x47bf00,
0x4f9548,0x47c2f0,
0x4f954c,0x47c2f0,
0x4f9550,0x47c2f0,
0x4f9554,0x47c2f0,
0x4f9558,0x47b8c0,
0x4f955c,0x47b8c0,
0x4f9560,0x47b8c0,
0x4f9564,0x47b8c0,
0x4f9568,0x47b1a0,
0x4f956c,0x47b1a0,
0x4f9570,0x47b1a0,
0x4f9574,0x47b1a0,
0x4f9578,0x47bf00,
0x4f957c,0x47bf00,
0x4f9580,0x47bf00,
0x4f9584,0x47bf00,
0x4f9588,0x47c2f0,
0x4f958c,0x47c2f0,
0x4f9590,0x47c2f0,
0x4f9594,0x47c2f0,
0x4f9598,0x47b8c0,
0x4f959c,0x47b8c0,
0x4f95a0,0x47b8c0,
0x4f95a4,0x47b8c0,
0x4f95a8,0x47b1a0,
0x4f95ac,0x47b1a0,
0x4f95b0,0x47b1a0,
0x4f95b4,0x47b1a0,
0x4f95b8,0x47bf00,
0x4f95bc,0x47bf00,
0x4f95c0,0x47bf00,
0x4f95c4,0x47bf00,
0x4f95c8,0x47c2f0,
0x4f95cc,0x47c2f0,
0x4f95d0,0x47c2f0,
0x4f95d4,0x47c2f0,
0x4f95d8,0x47b8c0,
0x4f95dc,0x47b8c0,
0x4f95e0,0x47b8c0,
0x4f95e4,0x47b8c0,
0x4f95e8,0x47b1a0,
0x4f95ec,0x47b1a0,
0x4f95f0,0x47b1a0,
0x4f95f4,0x47b1a0,
0x4f95f8,0x47bf00,
0x4f95fc,0x47bf00,
0x4f9600,0x47bf00,
0x4f9604,0x47bf00,
0x4f9608,0x47c2f0,
0x4f960c,0x47c2f0,
0x4f9610,0x47c2f0,
0x4f9614,0x47c2f0,
0x4f9618,0x47b8c0,
0x4f961c,0x47b8c0,
0x4f9620,0x47b8c0,
0x4f9624,0x47b8c0,
0x4f9628,0x47b1a0,
0x4f962c,0x47b1a0,
0x4f9630,0x47b1a0,
0x4f9634,0x47b1a0,
0x4f9638,0x47bf00,
0x4f963c,0x47bf00,
0x4f9640,0x47bf00,
0x4f9644,0x47bf00,
0x4f9648,0x47c2f0,
0x4f964c,0x47c2f0,
0x4f9650,0x47c2f0,
0x4f9654,0x47c2f0,
0x4f9658,0x47b8c0,
0x4f965c,0x47b8c0,
0x4f9660,0x47b8c0,
0x4f9664,0x47b8c0,
0x4f9668,0x47b1a0,
0x4f966c,0x47b1a0,
0x4f9670,0x47b1a0,
0x4f9674,0x47b1a0,
0x4f9678,0x47bf00,
0x4f967c,0x47bf00,
0x4f9680,0x47bf00,
0x4f9684,0x47bf00,
0x4f9688,0x47c2f0,
0x4f968c,0x47c2f0,
0x4f9690,0x47c2f0,
0x4f9694,0x47c2f0,
0x4f9698,0x47b8c0,
0x4f969c,0x47b8c0,
0x4f96a0,0x47b8c0,
0x4f96a4,0x47b8c0,
0x4f96a8,0x47b1a0,
0x4f96ac,0x47b1a0,
0x4f96b0,0x47b1a0,
0x4f96b4,0x47b1a0,
0x4f96b8,0x47bf00,
0x4f96bc,0x47bf00,
0x4f96c0,0x47bf00,
0x4f96c4,0x47bf00,
0x4f96c8,0x47c2f0,
0x4f96cc,0x47c2f0,
0x4f96d0,0x47c2f0,
0x4f96d4,0x47c2f0,
0x4f96d8,0x47b8c0,
0x4f96dc,0x47b8c0,
0x4f96e0,0x47b8c0,
0x4f96e4,0x47b8c0,
0x4f96e8,0x47b1a0,
0x4f96ec,0x47b1a0,
0x4f96f0,0x47b1a0,
0x4f96f4,0x47b1a0,
0x4f96f8,0x47bf00,
0x4f96fc,0x47bf00,
0x4f9700,0x47bf00,
0x4f9704,0x47bf00,
0x4f9708,0x47c2f0,
0x4f970c,0x47c2f0,
0x4f9710,0x47c2f0,
0x4f9714,0x47c2f0,
0x4f9718,0x47b8c0,
0x4f971c,0x47b8c0,
0x4f9720,0x47b8c0,
0x4f9724,0x47b8c0,
0x4f9728,0x47b1a0,
0x4f972c,0x47b1a0,
0x4f9730,0x47b1a0,
0x4f9734,0x47b1a0,
0x4f9738,0x47bf00,
0x4f973c,0x47bf00,
0x4f9740,0x47bf00,
0x4f9744,0x47bf00,
0x4f9748,0x47c2f0,
0x4f974c,0x47c2f0,
0x4f9750,0x47c2f0,
0x4f9754,0x47c2f0,
0x4f9758,0x47b8c0,
0x4f975c,0x47b8c0,
0x4f9760,0x47b8c0,
0x4f9764,0x47b8c0,
0x4f9768,0x47b1a0,
0x4f976c,0x47b1a0,
0x4f9770,0x47b1a0,
0x4f9774,0x47b1a0,
0x4f9778,0x47bf00,
0x4f977c,0x47bf00,
0x4f9780,0x47bf00,
0x4f9784,0x47bf00,
0x4f9788,0x47c2f0,
0x4f978c,0x47c2f0,
0x4f9790,0x47c2f0,
0x4f9794,0x47c2f0,
0x4f9798,0x47b8c0,
0x4f979c,0x47b8c0,
0x4f97a0,0x47b8c0,
0x4f97a4,0x47b8c0,
0x4f97a8,0x47b1a0,
0x4f97ac,0x47b1a0,
0x4f97b0,0x47b1a0,
0x4f97b4,0x47b1a0,
0x4f97b8,0x47bf00,
0x4f97bc,0x47bf00,
0x4f97c0,0x47bf00,
0x4f97c4,0x47bf00,
0x4f97c8,0x47c2f0,
0x4f97cc,0x47c2f0,
0x4f97d0,0x47c2f0,
0x4f97d4,0x47c2f0,
0x4f97d8,0x47b8c0,
0x4f97dc,0x47b8c0,
0x4f97e0,0x47b8c0,
0x4f97e4,0x47b8c0,
0x4f97e8,0x47b1a0,
0x4f97ec,0x47b1a0,
0x4f97f0,0x47b1a0,
0x4f97f4,0x47b1a0,
0x4f97f8,0x47bf00,
0x4f97fc,0x47bf00,
0x4f9800,0x47bf00,
0x4f9804,0x47bf00,
0x4f9808,0x47c2f0,
0x4f980c,0x47c2f0,
0x4f9810,0x47c2f0,
0x4f9814,0x47c2f0,
0x4f9818,0x47b8c0,
0x4f981c,0x47b8c0,
0x4f9820,0x47b8c0,
0x4f9824,0x47b8c0,
0x4f9828,0x47b1a0,
0x4f982c,0x47b1a0,
0x4f9830,0x47b1a0,
0x4f9834,0x47b1a0,
0x4f9838,0x47bf00,
0x4f983c,0x47bf00,
0x4f9840,0x47bf00,
0x4f9844,0x47bf00,
0x4f9848,0x47c2f0,
0x4f984c,0x47c2f0,
0x4f9850,0x47c2f0,
0x4f9854,0x47c2f0,
0x4f9858,0x47b8c0,
0x4f985c,0x47b8c0,
0x4f9860,0x47b8c0,
0x4f9864,0x47b8c0,
0x4f9868,0x47b1a0,
0x4f986c,0x47b1a0,
0x4f9870,0x47b1a0,
0x4f9874,0x47b1a0,
0x4f9878,0x47bf00,
0x4f987c,0x47bf00,
0x4f9880,0x47bf00,
0x4f9884,0x47bf00,
0x4f9888,0x47c2f0,
0x4f988c,0x47c2f0,
0x4f9890,0x47c2f0,
0x4f9894,0x47c2f0,
0x4f9898,0x47b8c0,
0x4f989c,0x47b8c0,
0x4f98a0,0x47b8c0,
0x4f98a4,0x47b8c0,
0x4f98a8,0x47b1a0,
0x4f98ac,0x47b1a0,
0x4f98b0,0x47b1a0,
0x4f98b4,0x47b1a0,
0x4f98b8,0x47bf00,
0x4f98bc,0x47bf00,
0x4f98c0,0x47bf00,
0x4f98c4,0x47bf00,
0x4f98c8,0x47c2f0,
0x4f98cc,0x47c2f0,
0x4f98d0,0x47c2f0,
0x4f98d4,0x47c2f0,
0x4f98d8,0x47cab0,
0x4f98dc,0x47b8c0,
0x4f98e0,0x47b8c0,
0x4f98e4,0x47b8c0,
0x4f98e8,0x47cab0,
0x4f98ec,0x47b1a0,
0x4f98f0,0x47cab0,
0x4f98f4,0x47b1a0,
0x4f98f8,0x47bf00,
0x4f98fc,0x47bf00,
0x4f9900,0x47bf00,
0x4f9904,0x47bf00,
0x4f9908,0x47c2f0,
0x4f990c,0x47c2f0,
0x4f9910,0x47c2f0,
0x4f9914,0x47c2f0,
0x4f9918,0x47b8c0,
0x4f991c,0x47b8c0,
0x4f9920,0x47b8c0,
0x4f9924,0x47b8c0,
0x4f9928,0x47b1a0,
0x4f992c,0x47b1a0,
0x4f9930,0x47b1a0,
0x4f9934,0x47b1a0,
0x4f9938,0x47c8d0,
0x4f993c,0x47c8d0,
0x4f9940,0x47c8d0,
0x4f9944,0x47c8d0,
0x4f9948,0x47c930,
0x4f994c,0x47c930,
0x4f9950,0x47c930,
0x4f9954,0x47c930,
0x4f9958,0x47cae0,
0x4f995c,0x47cae0,
0x4f9960,0x47cae0,
0x4f9964,0x47cae0,
0x4f9968,0x47cae0,
0x4f996c,0x47cae0,
0x4f9970,0x47cae0,
0x4f9974,0x47cae0,
0x4f9978,0x47c8d0,
0x4f997c,0x47c8d0,
0x4f9980,0x47c8d0,
0x4f9984,0x47c8d0,
0x4f9988,0x47c930,
0x4f998c,0x47c930,
0x4f9990,0x47c930,
0x4f9994,0x47c930,
0x4f9998,0x47cae0,
0x4f999c,0x47cae0,
0x4f99a0,0x47cae0,
0x4f99a4,0x47cae0,
0x4f99a8,0x47cae0,
0x4f99ac,0x47cae0,
0x4f99b0,0x47cae0,
0x4f99b4,0x47cae0,
0x4f99b8,0x47c8d0,
0x4f99bc,0x47c8d0,
0x4f99c0,0x47c8d0,
0x4f99c4,0x47c8d0,
0x4f99c8,0x47c930,
0x4f99cc,0x47c930,
0x4f99d0,0x47c930,
0x4f99d4,0x47c930,
0x4f99d8,0x47cae0,
0x4f99dc,0x47cae0,
0x4f99e0,0x47cae0,
0x4f99e4,0x47cae0,
0x4f99e8,0x47cae0,
0x4f99ec,0x47cae0,
0x4f99f0,0x47cae0,
0x4f99f4,0x47cae0,
0x4f99f8,0x47c8d0,
0x4f99fc,0x47c8d0,
0x4f9a00,0x47c8d0,
0x4f9a04,0x47c8d0,
0x4f9a08,0x47c930,
0x4f9a0c,0x47c930,
0x4f9a10,0x47c930,
0x4f9a14,0x47c930,
0x4f9a18,0x47cae0,
0x4f9a1c,0x47cae0,
0x4f9a20,0x47cae0,
0x4f9a24,0x47cae0,
0x4f9a28,0x47cae0,
0x4f9a2c,0x47cae0,
0x4f9a30,0x47cae0,
0x4f9a34,0x47cae0,
0x4f9a38,0x47c8d0,
0x4f9a3c,0x47c8d0,
0x4f9a40,0x47c8d0,
0x4f9a44,0x47c8d0,
0x4f9a48,0x47c930,
0x4f9a4c,0x47c930,
0x4f9a50,0x47c930,
0x4f9a54,0x47c930,
0x4f9a58,0x47cae0,
0x4f9a5c,0x47cae0,
0x4f9a60,0x47cae0,
0x4f9a64,0x47cae0,
0x4f9a68,0x47cae0,
0x4f9a6c,0x47cae0,
0x4f9a70,0x47cae0,
0x4f9a74,0x47cae0,
0x4f9a78,0x47c8d0,
0x4f9a7c,0x47c8d0,
0x4f9a80,0x47c8d0,
0x4f9a84,0x47c8d0,
0x4f9a88,0x47c930,
0x4f9a8c,0x47c930,
0x4f9a90,0x47c930,
0x4f9a94,0x47c930,
0x4f9a98,0x47cae0,
0x4f9a9c,0x47cae0,
0x4f9aa0,0x47cae0,
0x4f9aa4,0x47cae0,
0x4f9aa8,0x47cae0,
0x4f9aac,0x47cae0,
0x4f9ab0,0x47cae0,
0x4f9ab4,0x47cae0,
0x4f9ab8,0x47c8d0,
0x4f9abc,0x47c8d0,
0x4f9ac0,0x47c8d0,
0x4f9ac4,0x47c8d0,
0x4f9ac8,0x47c930,
0x4f9acc,0x47c930,
0x4f9ad0,0x47c930,
0x4f9ad4,0x47c930,
0x4f9ad8,0x47cae0,
0x4f9adc,0x47cae0,
0x4f9ae0,0x47cae0,
0x4f9ae4,0x47cae0,
0x4f9ae8,0x47cae0,
0x4f9aec,0x47cae0,
0x4f9af0,0x47cae0,
0x4f9af4,0x47cae0,
0x4f9af8,0x47c8d0,
0x4f9afc,0x47c8d0,
0x4f9b00,0x47c8d0,
0x4f9b04,0x47c8d0,
0x4f9b08,0x47c930,
0x4f9b0c,0x47c930,
0x4f9b10,0x47c930,
0x4f9b14,0x47c930,
0x4f9b18,0x47cae0,
0x4f9b1c,0x47cae0,
0x4f9b20,0x47cae0,
0x4f9b24,0x47cae0,
0x4f9b28,0x47cae0,
0x4f9b2c,0x47cae0,
0x4f9b30,0x47cae0,
0x4f9b34,0x47cae0,
0x4f9b38,0x47c8d0,
0x4f9b3c,0x47c8d0,
0x4f9b40,0x47c8d0,
0x4f9b44,0x47c8d0,
0x4f9b48,0x47c930,
0x4f9b4c,0x47c930,
0x4f9b50,0x47c930,
0x4f9b54,0x47c930,
0x4f9b58,0x47cae0,
0x4f9b5c,0x47cae0,
0x4f9b60,0x47cae0,
0x4f9b64,0x47cae0,
0x4f9b68,0x47cae0,
0x4f9b6c,0x47cae0,
0x4f9b70,0x47cae0,
0x4f9b74,0x47cae0,
0x4f9b78,0x47c8d0,
0x4f9b7c,0x47c8d0,
0x4f9b80,0x47c8d0,
0x4f9b84,0x47c8d0,
0x4f9b88,0x47c930,
0x4f9b8c,0x47c930,
0x4f9b90,0x47c930,
0x4f9b94,0x47c930,
0x4f9b98,0x47cae0,
0x4f9b9c,0x47cae0,
0x4f9ba0,0x47cae0,
0x4f9ba4,0x47cae0,
0x4f9ba8,0x47cae0,
0x4f9bac,0x47cae0,
0x4f9bb0,0x47cae0,
0x4f9bb4,0x47cae0,
0x4f9bb8,0x47c8d0,
0x4f9bbc,0x47c8d0,
0x4f9bc0,0x47c8d0,
0x4f9bc4,0x47c8d0,
0x4f9bc8,0x47c930,
0x4f9bcc,0x47c930,
0x4f9bd0,0x47c930,
0x4f9bd4,0x47c930,
0x4f9bd8,0x47cae0,
0x4f9bdc,0x47cae0,
0x4f9be0,0x47cae0,
0x4f9be4,0x47cae0,
0x4f9be8,0x47cae0,
0x4f9bec,0x47cae0,
0x4f9bf0,0x47cae0,
0x4f9bf4,0x47cae0,
0x4f9bf8,0x47c8d0,
0x4f9bfc,0x47c8d0,
0x4f9c00,0x47c8d0,
0x4f9c04,0x47c8d0,
0x4f9c08,0x47c930,
0x4f9c0c,0x47c930,
0x4f9c10,0x47c930,
0x4f9c14,0x47c930,
0x4f9c18,0x47cae0,
0x4f9c1c,0x47cae0,
0x4f9c20,0x47cae0,
0x4f9c24,0x47cae0,
0x4f9c28,0x47cae0,
0x4f9c2c,0x47cae0,
0x4f9c30,0x47cae0,
0x4f9c34,0x47cae0,
0x4f9c38,0x47c8d0,
0x4f9c3c,0x47c8d0,
0x4f9c40,0x47c8d0,
0x4f9c44,0x47c8d0,
0x4f9c48,0x47c930,
0x4f9c4c,0x47c930,
0x4f9c50,0x47c930,
0x4f9c54,0x47c930,
0x4f9c58,0x47cae0,
0x4f9c5c,0x47cae0,
0x4f9c60,0x47cae0,
0x4f9c64,0x47cae0,
0x4f9c68,0x47cae0,
0x4f9c6c,0x47cae0,
0x4f9c70,0x47cae0,
0x4f9c74,0x47cae0,
0x4f9c78,0x47c8d0,
0x4f9c7c,0x47c8d0,
0x4f9c80,0x47c8d0,
0x4f9c84,0x47c8d0,
0x4f9c88,0x47c930,
0x4f9c8c,0x47c930,
0x4f9c90,0x47c930,
0x4f9c94,0x47c930,
0x4f9c98,0x47cae0,
0x4f9c9c,0x47cae0,
0x4f9ca0,0x47cae0,
0x4f9ca4,0x47cae0,
0x4f9ca8,0x47cae0,
0x4f9cac,0x47cae0,
0x4f9cb0,0x47cae0,
0x4f9cb4,0x47cae0,
0x4f9cb8,0x47c8d0,
0x4f9cbc,0x47c8d0,
0x4f9cc0,0x47c8d0,
0x4f9cc4,0x47c8d0,
0x4f9cc8,0x47c930,
0x4f9ccc,0x47c930,
0x4f9cd0,0x47c930,
0x4f9cd4,0x47c930,
0x4f9cd8,0x47cab0,
0x4f9cdc,0x47cae0,
0x4f9ce0,0x47cae0,
0x4f9ce4,0x47cae0,
0x4f9ce8,0x47cab0,
0x4f9cec,0x47cae0,
0x4f9cf0,0x47cab0,
0x4f9cf4,0x47cae0,
0x4f9cf8,0x47c8d0,
0x4f9cfc,0x47c8d0,
0x4f9d00,0x47c8d0,
0x4f9d04,0x47c8d0,
0x4f9d08,0x47c930,
0x4f9d0c,0x47c930,
0x4f9d10,0x47c930,
0x4f9d14,0x47c930,
0x4f9d18,0x47cae0,
0x4f9d1c,0x47cae0,
0x4f9d20,0x47cae0,
0x4f9d24,0x47cae0,
0x4f9d28,0x47cae0,
0x4f9d2c,0x47cae0,
0x4f9d30,0x47cae0,
0x4f9d34,0x47cae0,
0x4f9dcc,0x475180,
0x4f9dd0,0x4750d0,
0x4f9dd4,0x4753e0,
0x4f9dd8,0x4754c0,
0x4f9ddc,0x475a30,
0x4f9de0,0x475990,
0x4f9de4,0x475b60,
0x4f9de8,0x475080,
0x4f9dec,0x4750a0,
0x4f9df0,0x4754f0,
0x4f9dfc,0x475690,
0x4f9e00,0x4755c0,
0x4f9e04,0x48dc50,
0x4fa0b4,0x4fa160,
0x4fa0c8,0x4fa160,
0x4fa0dc,0x4fa150,
0x4fa0f0,0x4fa150,
0x4fa104,0x4fa150,
0x4fa118,0x4fa150,
0x4fa12c,0x4fa150,
0x4fa140,0x4fa150,
0x4fa4a4,0x48d870,
0x4fa4a8,0x48dbd0,
0x4fa4ac,0x48dc50,
0x4fa4b0,0x48dc50,
0x4fa4b4,0x48dc60,
0x4fa4b8,0x48dd70,
0x4fa4bc,0x48de10,
0x4fa4c0,0x48e180,
0x4fa4c4,0x48e190,
0x4fa4c8,0x48e190,
0x4fa4d4,0x48e110,
0x4fa4d8,0x48e0e0,
0x4fa4dc,0x48dc50,
0x4fa928,0x4fac60,
0x4fa92c,0x4fac50,
0x4fa930,0x4fac40,
0x4fa934,0x4fac30,
0x4fa938,0x4fac20,
0x4fa93c,0x4fac10,
0x4fa940,0x4fac00,
0x4fa944,0x4fabf0,
0x4fa948,0x4fabe0,
0x4fa94c,0x4fabd0,
0x4fa950,0x4fabc0,
0x4fa954,0x4fabb0,
0x4fa958,0x4faba0,
0x4fa95c,0x4fab90,
0x4fa960,0x4fab80,
0x4fa964,0x4fab70,
0x4fa968,0x4fab60,
0x4fa96c,0x4fab50,
0x4fa970,0x4fab40,
0x4fa974,0x4fab30,
0x4fa978,0x4fab20,
0x4fa97c,0x4fab10,
0x4fa980,0x4fab00,
0x4fa984,0x4faaf0,
0x4fa988,0x4faae0,
0x4fa98c,0x4faad0,
0x4fa990,0x4faac0,
0x4fa994,0x4faab0,
0x4fa998,0x4faaa0,
0x4fa99c,0x4faa90,
0x4faca8,0x48e190,
0x4facac,0x48e190,
0x4facb0,0x48e190,
0x4facb4,0x48f550,
0x4facb8,0x48e190,
0x4facbc,0x48f500,
0x4facc0,0x48f4c0,
0x4facc4,0x48f570,
0x4facc8,0x48e190,
0x4faccc,0x48e190,
0x4facd0,0x490640,
0x4facd4,0x48f550,
0x4facd8,0x48e190,
0x4fad58,0x4fad9c,
0x4fad5c,0x4fad90,
0x4fad60,0x4fad84,
0x4fad64,0x4fad78,
0x4fad68,0x4fad6c,
0x4fae20,0x4b4610,
0x4fae30,0x493960,
0x4fae40,0x4939d0,
0x4fae50,0x493bd0,
0x4fafc8,0x4f72d8,
0x4fafd8,0x4f72d8,
0x4faff8,0x4f72d8,
0x4fb018,0x4f72d4,
0x4fb01c,0x4faf38,
0x4fb020,0x4faf38,
0x4fb024,0x4faf38,
0x4fb028,0x4faf38,
0x4fb02c,0x4faf38,
0x4fb030,0x4fafa8,
0x4fb034,0x4fafa8,
0x4fb038,0x4fafa8,
0x4fb040,0x4f72d8,
0x4fb044,0x4faf48,
0x4fb048,0x4faf48,
0x4fb04c,0x4faf48,
0x4fb050,0x4faf48,
0x4fb054,0x4faf48,
0x4fb058,0x4fafb8,
0x4fb05c,0x4fafb8,
0x4fb060,0x4fafb8,
0x4fb068,0x4f72d4,
0x4fb06c,0x4faf68,
0x4fb070,0x4faf68,
0x4fb074,0x4faf68,
0x4fb078,0x4faf68,
0x4fb07c,0x4faf68,
0x4fb080,0x4fafd8,
0x4fb084,0x4fafd8,
0x4fb088,0x4fafd8,
0x4fb090,0x4f72d4,
0x4fb094,0x4faf58,
0x4fb098,0x4faf58,
0x4fb09c,0x4faf58,
0x4fb0a0,0x4faf58,
0x4fb0a4,0x4faf58,
0x4fb0a8,0x4fafc8,
0x4fb0ac,0x4fafc8,
0x4fb0b0,0x4fafc8,
0x4fb0b8,0x4f72d8,
0x4fb0bc,0x4faf78,
0x4fb0c0,0x4faf78,
0x4fb0c4,0x4faf78,
0x4fb0c8,0x4faf78,
0x4fb0cc,0x4faf78,
0x4fb0d0,0x4fafe8,
0x4fb0d4,0x4fafe8,
0x4fb0d8,0x4fafe8,
0x4fb0e0,0x4f72d4,
0x4fb0e4,0x4faf88,
0x4fb0e8,0x4faf88,
0x4fb0ec,0x4faf88,
0x4fb0f0,0x4faf88,
0x4fb0f4,0x4faf88,
0x4fb0f8,0x4faff8,
0x4fb0fc,0x4faff8,
0x4fb100,0x4faff8,
0x4fb108,0x4f72d8,
0x4fb10c,0x4faf98,
0x4fb110,0x4faf98,
0x4fb114,0x4faf98,
0x4fb118,0x4faf98,
0x4fb11c,0x4faf98,
0x4fb120,0x4fb008,
0x4fb124,0x4fb008,
0x4fb128,0x4fb008,
0x4fbdf0,0x4fd7d4,
0x4fbdf4,0x4fd7cc,
0x4fbdf8,0x4fd7c4,
0x4fbdfc,0x4fd7bc,
0x4fbe00,0x4fd7b4,
0x4fbe10,0x495940,
0x4fbe1c,0x4fbdf0,
0x4fbe4c,0x495970,
0x4fbe58,0x4fbdf4,
0x4fbe88,0x4959f0,
0x4fbe94,0x4fbdf8,
0x4fbec4,0x495a10,
0x4fbed0,0x4fbdfc,
0x4fbf00,0x495a30,
0x4fbf0c,0x4fbe00,
0x4fbf3c,0x497a30,
0x4fbf78,0x495970,
0x4fbf84,0x4fbdf4,
0x4fbfb4,0x4959f0,
0x4fbfc0,0x4fbdf8,
0x4fbff0,0x495a10,
0x4fbffc,0x4fbdfc,
0x4fc02c,0x495a30,
0x4fc038,0x4fbe00,
0x4fc068,0x497a30,
0x4fc188,0x4fc0a0,
0x4fc228,0x495a50,
0x4fc264,0x495af0,
0x4fc2a0,0x495b40,
0x4fc2dc,0x495b10,
0x4fc318,0x497a30,
0x4fc358,0x495a50,
0x4fc394,0x495b40,
0x4fc3d0,0x495b10,
0x4fc40c,0x497a30,
0x4fc440,0x4fc0a0,
0x4fc4e0,0x495b70,
0x4fc51c,0x495bf0,
0x4fc558,0x495c80,
0x4fc594,0x495cf0,
0x4fc5d0,0x495d60,
0x4fc60c,0x495dd0,
0x4fc648,0x495e40,
0x4fc654,0x5a60d0,
0x4fc684,0x4979a0,
0x4fc6c0,0x497a30,
0x4fc6f8,0x4fc0a0,
0x4fc710,0x4fc4d8,
0x4fc794,0x4fd7a8,
0x4fc798,0x4fd79c,
0x4fc79c,0x4fd790,
0x4fc7a0,0x4fd788,
0x4fc7a4,0x4fd780,
0x4fc7a8,0x4fd778,
0x4fc7ac,0x4fd770,
0x4fc7b8,0x495ec0,
0x4fc7c4,0x4fc790,
0x4fc7f4,0x495fd0,
0x4fc830,0x496110,
0x4fc83c,0x5a60e0,
0x4fc86c,0x496210,
0x4fc878,0x5a60f0,
0x4fc8a8,0x4962a0,
0x4fc8b4,0x5a60f8,
0x4fc8e4,0x496420,
0x4fc8f0,0x5a6110,
0x4fc920,0x4964c0,
0x4fc92c,0x5a6118,
0x4fc95c,0x496540,
0x4fc968,0x5a6128,
0x4fc998,0x4963a0,
0x4fc9a4,0x5a6108,
0x4fc9d4,0x496590,
0x4fc9e0,0x5a6130,
0x4fca10,0x496330,
0x4fca1c,0x5a6100,
0x4fca4c,0x496190,
0x4fca58,0x5a6148,
0x4fca88,0x497ab0,
0x4fcac4,0x4979a0,
0x4fcb00,0x497a30,
0x4fcb38,0x4fc0a0,
0x4fcb50,0x4fc7b0,
0x4fcbd8,0x496600,
0x4fcc14,0x496690,
0x4fcc50,0x496720,
0x4fcc8c,0x4967b0,
0x4fccc8,0x4979a0,
0x4fcd04,0x497a30,
0x4fcd38,0x4fc0a0,
0x4fcd50,0x4fcbd0,
0x4fce8c,0x496850,
0x4fced8,0x4fcdd0,
0x4fcfa4,0x497640,
0x4fcfe0,0x497670,
0x4fd030,0x4fcf60,
0x4fd130,0x495a50,
0x4fd16c,0x495af0,
0x4fd1a8,0x495b40,
0x4fd1e4,0x495b10,
0x4fd298,0x495a50,
0x4fd2d4,0x495b40,
0x4fd310,0x495b10,
0x4fd460,0x4978e0,
0x4fd518,0x4978e0,
0x4fd554,0x497910,
0x4fd664,0x497940,
0x4fd6a0,0x497960,
0x4fd6f0,0x4fd620,
0x4fde90,0x4fb018,
0x4fde94,0x4fb040,
0x4fde98,0x4fb068,
0x4fde9c,0x4fb090,
0x4fdea0,0x4fb0b8,
0x4fdea4,0x4fb0e0,
0x4fdea8,0x4fb108,
0x4fdeac,0x4f7298,
0x4fdeb0,0x4c257c,
0x4fdeb8,0x4c2588,
0x4fdec0,0x4c256c,
0x4fdec8,0x504c28,
0x4fdf60,0x4fe1a4,
0x4fdf70,0x4fe1a4,
0x4fdf90,0x4fe1a4,
0x4fdfb0,0x4fe1a4,
0x4fdfb4,0x4fded0,
0x4fdfb8,0x4fded0,
0x4fdfbc,0x4fded0,
0x4fdfc0,0x4fded0,
0x4fdfc4,0x4fded0,
0x4fdfc8,0x4fdf40,
0x4fdfcc,0x4fdf40,
0x4fdfd0,0x4fdf40,
0x4fdfd8,0x4fe1a4,
0x4fdfdc,0x4fdee0,
0x4fdfe0,0x4fdee0,
0x4fdfe4,0x4fdee0,
0x4fdfe8,0x4fdee0,
0x4fdfec,0x4fdee0,
0x4fdff0,0x4fdf50,
0x4fdff4,0x4fdf50,
0x4fdff8,0x4fdf50,
0x4fe000,0x4fe1a4,
0x4fe004,0x4fdf00,
0x4fe008,0x4fdf00,
0x4fe00c,0x4fdf00,
0x4fe010,0x4fdf00,
0x4fe014,0x4fdf00,
0x4fe018,0x4fdf70,
0x4fe01c,0x4fdf70,
0x4fe020,0x4fdf70,
0x4fe028,0x4fe1a4,
0x4fe02c,0x4fdef0,
0x4fe030,0x4fdef0,
0x4fe034,0x4fdef0,
0x4fe038,0x4fdef0,
0x4fe03c,0x4fdef0,
0x4fe040,0x4fdf60,
0x4fe044,0x4fdf60,
0x4fe048,0x4fdf60,
0x4fe050,0x4fe1a4,
0x4fe054,0x4fdf10,
0x4fe058,0x4fdf10,
0x4fe05c,0x4fdf10,
0x4fe060,0x4fdf10,
0x4fe064,0x4fdf10,
0x4fe068,0x4fdf80,
0x4fe06c,0x4fdf80,
0x4fe070,0x4fdf80,
0x4fe078,0x4fe1a4,
0x4fe07c,0x4fdf20,
0x4fe080,0x4fdf20,
0x4fe084,0x4fdf20,
0x4fe088,0x4fdf20,
0x4fe08c,0x4fdf20,
0x4fe090,0x4fdf90,
0x4fe094,0x4fdf90,
0x4fe098,0x4fdf90,
0x4fe0a0,0x4fe1a4,
0x4fe0a4,0x4fdf30,
0x4fe0a8,0x4fdf30,
0x4fe0ac,0x4fdf30,
0x4fe0b0,0x4fdf30,
0x4fe0b4,0x4fdf30,
0x4fe0b8,0x4fdfa0,
0x4fe0bc,0x4fdfa0,
0x4fe0c0,0x4fdfa0,
0x4fe0c8,0x4fdfb0,
0x4fe0cc,0x4fdfd8,
0x4fe0d0,0x4fe000,
0x4fe0d4,0x4fe028,
0x4fe0d8,0x4fe050,
0x4fe0dc,0x4fe078,
0x4fe0e0,0x4fe0a0,
0x4fe0f8,0x4fe1a4,
0x4fe108,0x4fe1a4,
0x4fe10c,0x4fe0e8,
0x4fe110,0x4fe0e8,
0x4fe114,0x4fe0e8,
0x4fe118,0x4fe0e8,
0x4fe11c,0x4fe0e8,
0x4fe120,0x4fe0f8,
0x4fe124,0x4fe0f8,
0x4fe128,0x4fe0f8,
0x4fe12c,0x4fe108,
0x4fe130,0x4fe198,
0x4fe138,0x4fe198,
0x4fe140,0x4fe198,
0x4fe14c,0x4fde90,
0x4fe150,0x4fdeac,
0x4fe154,0x4fdeb0,
0x4fe160,0x4f56f0,
0x4fe174,0x4fe0c8,
0x4fe178,0x4fe12c,
0x4fe17c,0x4fe130,
0x4fe188,0x4f56f0,
0x4fe18c,0x654800,
0x4fe194,0x4fe148,
0x4fe1b0,0x4e8362,
0x4fe250,0x4fe284,
0x4fe254,0x4fe280,
0x4fe258,0x4fe27c,
0x4fe25c,0x4fe278,
0x4fe260,0x4fe274,
0x4fe264,0x4fe270,
0x4fe268,0x4fe26c,
0x4fe708,0x4fe70c,
0x4fef78,0x4ad950,
0x4fef88,0x4ade50,
0x4fef98,0x4aeb90,
0x4fefa8,0x4b4290,
0x4fefb8,0x4adb90,
0x4fefc8,0x4adea0,
0x4fefd8,0x4af250,
0x4fefe8,0x4b4290,
0x4feff8,0x4adee0,
0x4ff008,0x4b8470,
0x4ff028,0x4ae000,
0x4ff038,0x4ae3a0,
0x4ff048,0x4ae400,
0x4ff058,0x4b8ed0,
0x4ff068,0x4ae570,
0x4ff078,0x4ae5a0,
0x4ff088,0x4aea00,
0x4ff0a8,0x4b4290,
0x4ff0b8,0x4adf70,
0x4ff0d8,0x4adfd0,
0x4ff138,0x4ae5a0,
0x4ff148,0x4aea90,
0x4ff168,0x4aeb60,
0x4ff178,0x4b4290,
0x4ff188,0x4b0520,
0x4ff198,0x4b05e0,
0x4ff1a8,0x4b0640,
0x4ff1b8,0x4b0680,
0x4ff1c8,0x4b4290,
0x4ff1d8,0x4af8f0,
0x4ff1e8,0x4b4290,
0x4ff1f8,0x4b0320,
0x4ff208,0x4b4290,
0x4ff218,0x4ae870,
0x4ff228,0x4ae980,
0x4ff238,0x4b4290,
0x4ff248,0x4ae920,
0x4ff268,0x4b4290,
0x4ff278,0x4af360,
0x4ff288,0x4af3d0,
0x4ff298,0x4af680,
0x4ff2a8,0x4af860,
0x4ff2b8,0x4af890,
0x4ff2c8,0x4b4290,
0x4ff2d8,0x4af3b0,
0x4ff328,0x4b4290,
0x4ff338,0x4b0350,
0x4ff348,0x4b0540,
0x4ff358,0x4b0610,
0x4ff378,0x4b4290,
0x4ff3a8,0x4b0d00,
0x4ff3b8,0x4b4290,
0x4ff3e8,0x4b0d00,
0x4ff3f8,0x4b4290,
0x4ff428,0x4b0d00,
0x4ff438,0x4b4290,
0x4ff448,0x4b4290,
0x4ff468,0x4b0f50,
0x4ff478,0x4b0e70,
0x4ff488,0x4b4290,
0x4ff4a8,0x4b0f90,
0x4ff4b8,0x4b0e70,
0x4ff4c8,0x4b4290,
0x4ff4e8,0x4b0fd0,
0x4ff4f8,0x4b0e70,
0x4ff508,0x4b4290,
0x4ff518,0x4b4290,
0x4ffc28,0x4ff770,
0x4ffc34,0x4ff7e0,
0x4ffc40,0x4ff520,
0x4ffc4c,0x4ff590,
0x4ffc58,0x4ff600,
0x4ffc64,0x4ff670,
0x500058,0x4b3650,
0x500068,0x4b3a10,
0x500078,0x4b3aa0,
0x500088,0x4b4290,
0x500098,0x4b3cb0,
0x500128,0x4b3cd0,
0x500158,0x4b4290,
0x500168,0x4b3d30,
0x5001b8,0x4b4290,
0x5001c0,0x5002f0,
0x5001c4,0x5002e0,
0x5001c8,0x5002d0,
0x5001cc,0x5002c0,
0x5001d0,0x5002b0,
0x5001d4,0x5002a0,
0x5001d8,0x500290,
0x5001dc,0x500280,
0x5001e0,0x500270,
0x5001e4,0x500260,
0x5001e8,0x500254,
0x5001ec,0x500248,
0x5001f0,0x50023c,
0x5001f4,0x500230,
0x5001f8,0x500220,
0x5001fc,0x500214,
0x500200,0x500204,
0x500330,0x4b8960,
0x500340,0x4b4610,
0x500350,0x4b4550,
0x500360,0x4b4570,
0x500370,0x4b4590,
0x500380,0x4b45b0,
0x500390,0x4b45d0,
0x5003a0,0x4b45f0,
0x5003b0,0x4b4790,
0x5003b8,0x500678,
0x5003c0,0x500670,
0x5003c8,0x500668,
0x5003d0,0x500660,
0x5003d8,0x500658,
0x5003e0,0x500650,
0x5003e8,0x500648,
0x5003f0,0x4ffec0,
0x5003f8,0x500640,
0x500400,0x4c2020,
0x500408,0x500638,
0x500410,0x4ffc70,
0x500418,0x500630,
0x500420,0x4ffec8,
0x500428,0x500628,
0x500430,0x500620,
0x5005e8,0x4b4610,
0x5005f8,0x4b4a10,
0x500608,0x4b4290,
0x500618,0x4b4a50,
0x5007d8,0x50086c,
0x5007dc,0x50085c,
0x5007e0,0x500854,
0x5007e4,0x500844,
0x5007e8,0x500834,
0x5007ec,0x500824,
0x5007f0,0x500818,
0x5007f4,0x500808,
0x5007f8,0x5007fc,
0x500af0,0x4b4610,
0x500b00,0x4b7ac0,
0x500b10,0x4b4290,
0x500b20,0x4b7f70,
0x500b30,0x4b8470,
0x500b40,0x4b7ff0,
0x500b50,0x4b8050,
0x500b60,0x4b8ed0,
0x500b70,0x4b4290,
0x500ca8,0x4b4610,
0x500cb8,0x4b8a10,
0x500cc8,0x4b4290,
0x500cd8,0x4b4610,
0x500ce8,0x4b8780,
0x500cf8,0x4b8960,
0x500d08,0x4b8960,
0x500d18,0x4b4290,
0x500d28,0x4b4610,
0x500d38,0x409740,
0x500d48,0x4b4290,
0x500d58,0x4b8e00,
0x500d68,0x4b8e20,
0x500d78,0x4b4290,
0x500d88,0x4b4610,
0x500d98,0x4b8f70,
0x500da8,0x4b4290,
0x500f98,0x4bece8,
0x500f9c,0x4becf4,
0x500fa0,0x4becf8,
0x500fa4,0x4bed00,
0x500fa8,0x4bed08,
0x500fac,0x4bed10,
0x500fb0,0x4bed18,
0x500fb4,0x4bed20,
0x500fb8,0x4bed28,
0x500fbc,0x4bed30,
0x500fc0,0x4bed38,
0x500fc4,0x4bed40,
0x500fc8,0x4bed50,
0x500fcc,0x4bed58,
0x500fd0,0x4bed68,
0x500fd4,0x4bed70,
0x500fd8,0x4bed78,
0x500fdc,0x4bed80,
0x500fe0,0x4bed88,
0x500fe4,0x4bed90,
0x500fe8,0x4bed98,
0x500fec,0x4beda0,
0x500ff0,0x4beda8,
0x500ff4,0x4bedb0,
0x500ff8,0x4bedb8,
0x500ffc,0x4bedc0,
0x501000,0x4bedc8,
0x501004,0x4bede0,
0x501008,0x4bedf0,
0x50100c,0x4bee08,
0x501010,0x4bee10,
0x501014,0x4bee18,
0x501018,0x4bee20,
0x50101c,0x4bee28,
0x501020,0x4bee30,
0x501024,0x4bee38,
0x501028,0x4bee40,
0x50102c,0x4bee48,
0x501030,0x4bee50,
0x501034,0x4bee68,
0x501038,0x4bee78,
0x50103c,0x4bee88,
0x501040,0x4bee98,
0x501044,0x4beeb0,
0x501048,0x4beeb8,
0x50104c,0x4beec0,
0x501050,0x4beec8,
0x501054,0x4beed0,
0x501058,0x4beed8,
0x50105c,0x4beee0,
0x501060,0x4beee8,
0x501064,0x4beef8,
0x501068,0x4bef08,
0x50106c,0x4bef18,
0x501070,0x4bef28,
0x501074,0x4bef40,
0x501078,0x4bef50,
0x50107c,0x4bef60,
0x501080,0x4bef70,
0x501084,0x4bef78,
0x501088,0x4bef80,
0x50108c,0x4bef88,
0x501090,0x4bef90,
0x501094,0x4bef98,
0x501098,0x4befa0,
0x50109c,0x4befa8,
0x5010a0,0x4befb0,
0x5010a4,0x4befb8,
0x5010a8,0x4befc0,
0x5010ac,0x4befc8,
0x5010b0,0x4befd8,
0x5010b4,0x4befe8,
0x5010b8,0x4beff8,
0x5010bc,0x4bf008,
0x5010c0,0x4bf020,
0x5010c4,0x4bf030,
0x5010c8,0x4bf040,
0x5010cc,0x4bf050,
0x5010d0,0x4bf068,
0x5010d4,0x4bf070,
0x5010d8,0x4bf080,
0x5010dc,0x4bf090,
0x5010e0,0x4bf0a0,
0x5010e4,0x4bf0b0,
0x5010e8,0x4bf0c0,
0x5010ec,0x4bf0d8,
0x5010f0,0x4bf0f0,
0x5010f4,0x4bf0f8,
0x5010f8,0x4bf100,
0x5010fc,0x4bf110,
0x501100,0x4bf118,
0x501104,0x4bf120,
0x501108,0x4bf128,
0x50110c,0x4bf130,
0x501110,0x4bf140,
0x501114,0x4bf150,
0x501118,0x4bf160,
0x50111c,0x4bf170,
0x501120,0x4bf188,
0x501124,0x4bf198,
0x501128,0x4bf1a8,
0x50112c,0x4bf1b8,
0x501130,0x4bf1c8,
0x501134,0x4bf1d8,
0x501138,0x4bf1e0,
0x50113c,0x4bf1e8,
0x501140,0x4bf1f0,
0x501144,0x4bf1f8,
0x501148,0x4bf208,
0x50114c,0x4bece0,
0x501150,0x4bf218,
0x501154,0x4bf228,
0x501158,0x4bf238,
0x50115c,0x4bf248,
0x501160,0x4bf258,
0x501164,0x4bf270,
0x501168,0x4bf280,
0x50116c,0x4bf290,
0x501170,0x4bf2a0,
0x501174,0x4bf2b0,
0x501178,0x4bf2c0,
0x50117c,0x4bece0,
0x501180,0x4bf2d0,
0x501184,0x4bece0,
0x501188,0x4bf2e0,
0x501190,0x4bf304,
0x501194,0x4bf308,
0x501198,0x4bf310,
0x50119c,0x4bf318,
0x5011a0,0x4bf320,
0x5011a4,0x4bf328,
0x5011a8,0x4bf330,
0x5011ac,0x4bf338,
0x5011b0,0x4bf340,
0x5011b4,0x4bf348,
0x5011b8,0x4bf350,
0x5011bc,0x4bf360,
0x5011c0,0x4bf368,
0x5011c4,0x4bf380,
0x5011c8,0x4bf390,
0x5011cc,0x4bf398,
0x5011d0,0x4bf3a0,
0x5011d4,0x4bf3a8,
0x5011d8,0x4bf3b0,
0x5011dc,0x4bf3b8,
0x5011e0,0x4bf3c0,
0x5011e4,0x4bf3c8,
0x5011e8,0x4bf3d0,
0x5011ec,0x4bf3d8,
0x5011f0,0x4bf3e0,
0x5011f4,0x4bf3e8,
0x5011f8,0x4bf3f0,
0x5011fc,0x4bf408,
0x501200,0x4bf418,
0x501204,0x4bf420,
0x501208,0x4bf428,
0x50120c,0x4bf430,
0x501210,0x4bf438,
0x501214,0x4bf440,
0x501218,0x4bf448,
0x50121c,0x4bf450,
0x501220,0x4bf458,
0x501224,0x4bf460,
0x501228,0x4bf478,
0x50122c,0x4bf488,
0x501230,0x4bf4a0,
0x501234,0x4bf4a8,
0x501238,0x4bf4b0,
0x50123c,0x4bf4b8,
0x501240,0x4bf4c0,
0x501244,0x4bf4c8,
0x501248,0x4bf4d0,
0x50124c,0x4bf4d8,
0x501250,0x4bf4e8,
0x501254,0x4bf4f8,
0x501258,0x4bf2f8,
0x50125c,0x4bf508,
0x501260,0x4bf518,
0x501264,0x4bf520,
0x501268,0x4bf530,
0x50126c,0x4bf540,
0x501270,0x4bf550,
0x501274,0x4bf560,
0x501278,0x4bf570,
0x50127c,0x4bf580,
0x501280,0x4bf598,
0x501284,0x4bf5a8,
0x501288,0x4bf5b8,
0x50128c,0x4bf5c8,
0x501290,0x4bf5e0,
0x501294,0x4bf5f0,
0x501298,0x4bf600,
0x50129c,0x4bf610,
0x5012a0,0x4bf620,
0x5012a4,0x4bf638,
0x5012a8,0x4bf648,
0x5012ac,0x4bf658,
0x5012b0,0x4bf668,
0x5012b4,0x4bf680,
0x5012b8,0x4bf690,
0x5012bc,0x4bf6a0,
0x5012c0,0x4bf6b0,
0x5012c4,0x4bf6c0,
0x5012c8,0x4bf6d0,
0x5012cc,0x4bf6e0,
0x5012d0,0x4bf6f0,
0x5012d4,0x4bf6f8,
0x5012d8,0x4bf700,
0x5012dc,0x4bf708,
0x5012e0,0x4bf710,
0x5012e4,0x4bf718,
0x5012e8,0x4bf2f8,
0x5012ec,0x4bf2f8,
0x5012f0,0x4bf2f8,
0x5012f4,0x4bf2f8,
0x5012f8,0x4bf2f8,
0x5012fc,0x4bf2f8,
0x501300,0x4bf2f8,
0x501304,0x4bf2f8,
0x501308,0x4bf2f8,
0x50130c,0x4bf720,
0x501310,0x4bf2f8,
0x501314,0x4bf728,
0x501318,0x4bf730,
0x50131c,0x4bf738,
0x501320,0x4bf740,
0x501324,0x4bf748,
0x501328,0x4bf750,
0x50132c,0x4bf758,
0x501330,0x4bf760,
0x501334,0x4bf768,
0x501338,0x4bf770,
0x50133c,0x4bf2f8,
0x501340,0x4bf2f8,
0x501344,0x4bf2f8,
0x501348,0x4bf2f8,
0x50134c,0x4bf780,
0x501350,0x4bf790,
0x501354,0x4bf7a0,
0x501358,0x4bf2f8,
0x50135c,0x4bf7b0,
0x501360,0x4bf2f8,
0x501364,0x4bf2f8,
0x501368,0x4bf2f8,
0x50136c,0x4bf2f8,
0x501370,0x4bf2f8,
0x501374,0x4bf2f8,
0x501378,0x4bf2f8,
0x50137c,0x4bf2f8,
0x501380,0x4bf2f8,
0x501388,0x4bd498,
0x50138c,0x4bd49c,
0x501390,0x4bd4a0,
0x501394,0x4bd4a8,
0x501398,0x4bd4b0,
0x50139c,0x4bd4b8,
0x5013a0,0x4bd4bc,
0x5013a4,0x4bd4c4,
0x5013a8,0x4bd4cc,
0x5013ac,0x4bd4d4,
0x5013b0,0x4bd4dc,
0x5013b4,0x4bd488,
0x5013b8,0x4bd4e4,
0x5013bc,0x4bd5b8,
0x5013c0,0x4bd4fc,
0x5013c4,0x4bd500,
0x5013c8,0x4bd504,
0x5013cc,0x4bd508,
0x5013d0,0x4bd50c,
0x5013d4,0x4bd510,
0x5013d8,0x4bd514,
0x5013dc,0x4bd518,
0x5013e0,0x4bd51c,
0x5013e4,0x4bd520,
0x5013e8,0x4bd524,
0x5013ec,0x4bd488,
0x5013f0,0x4bd528,
0x5013f4,0x4bd548,
0x5013f8,0x4bd55c,
0x5013fc,0x4bd560,
0x501400,0x4bd564,
0x501404,0x4bd568,
0x501408,0x4bd56c,
0x50140c,0x4bd570,
0x501410,0x4bd574,
0x501414,0x4bd578,
0x501418,0x4bd57c,
0x50141c,0x4bd580,
0x501420,0x4bd488,
0x501424,0x4bd538,
0x501428,0x4bd5c4,
0x50142c,0x4bd5c8,
0x501430,0x4bd5cc,
0x501434,0x4bd5d0,
0x501438,0x4bd5d4,
0x50143c,0x4bd5d8,
0x501440,0x4bd5dc,
0x501444,0x4bd5e0,
0x501448,0x4bd5e8,
0x50144c,0x4bd5f0,
0x501450,0x4bd488,
0x501454,0x4bd620,
0x501458,0x4bd488,
0x50145c,0x4bd7c0,
0x501460,0x4bd778,
0x501464,0x4bd7d0,
0x501468,0x4bd7e0,
0x50146c,0x4bd768,
0x501470,0x4bd788,
0x501474,0x4bd798,
0x501478,0x4bd7b0,
0x50147c,0x4bd758,
0x501480,0x4bd7a8,
0x501484,0x4bd690,
0x501488,0x4bd738,
0x50148c,0x4bd678,
0x501490,0x4bd680,
0x501494,0x4bd688,
0x501498,0x4bd608,
0x50149c,0x4bd6a0,
0x5014a0,0x4bd6b0,
0x5014a4,0x4bd6b8,
0x5014a8,0x4bd6c8,
0x5014ac,0x4bd6d4,
0x5014b0,0x4bd6d8,
0x5014b4,0x4bd6e8,
0x5014b8,0x4bd488,
0x5014bc,0x4bd6f8,
0x5014c0,0x4bd6d4,
0x5014c4,0x4bd700,
0x5014c8,0x4bd488,
0x5014cc,0x4bd730,
0x5014d0,0x4bd734,
0x5014d4,0x4bd748,
0x5014d8,0x4bd74c,
0x5014dc,0x4bd750,
0x5014e0,0x4bd488,
0x5014e4,0x4bd488,
0x5014e8,0x4bd488,
0x5014ec,0x4bd488,
0x5014f0,0x4bd488,
0x5014f4,0x4bd488,
0x5014f8,0x4bd488,
0x5014fc,0x4bd488,
0x501500,0x4bd488,
0x501504,0x4bd488,
0x501508,0x4bd488,
0x50150c,0x4bd488,
0x501510,0x4bd634,
0x501514,0x4bd638,
0x501518,0x4bd63c,
0x50151c,0x4bd640,
0x501520,0x4bd644,
0x501524,0x4bd648,
0x501528,0x4bd64c,
0x50152c,0x4bd650,
0x501530,0x4bd654,
0x501534,0x4bd658,
0x501538,0x4bd488,
0x50153c,0x4bd488,
0x501540,0x4bd488,
0x501544,0x4bd880,
0x501548,0x4bd628,
0x50154c,0x4bd488,
0x501550,0x4bd488,
0x501554,0x4bd888,
0x501558,0x4bd488,
0x50155c,0x4bd488,
0x501560,0x4bd488,
0x501564,0x4bd488,
0x501568,0x4bd488,
0x50156c,0x4bd488,
0x501570,0x4bd488,
0x501574,0x4bd488,
0x501578,0x4bd488,
0x501580,0x4bf7c8,
0x501584,0x4bf7d4,
0x501588,0x4bf7d8,
0x50158c,0x4bf7e0,
0x501590,0x4bf7e8,
0x501594,0x4bf7f0,
0x501598,0x4bf7f8,
0x50159c,0x4bf800,
0x5015a0,0x4bf808,
0x5015a4,0x4bf810,
0x5015a8,0x4bf818,
0x5015ac,0x4bf820,
0x5015b0,0x4bf828,
0x5015b4,0x4bf840,
0x5015b8,0x4bf850,
0x5015bc,0x4bf858,
0x5015c0,0x4bf860,
0x5015c4,0x4bf868,
0x5015c8,0x4bf870,
0x5015cc,0x4bf878,
0x5015d0,0x4bf880,
0x5015d4,0x4bf888,
0x5015d8,0x4bf890,
0x5015dc,0x4bf898,
0x5015e0,0x4bf8a0,
0x5015e4,0x4bf8a8,
0x5015e8,0x4bf8b0,
0x5015ec,0x4bf8c0,
0x5015f0,0x4bf8d0,
0x5015f4,0x4bf8e8,
0x5015f8,0x4bf8f0,
0x5015fc,0x4bf8f8,
0x501600,0x4bf900,
0x501604,0x4bf908,
0x501608,0x4bf910,
0x50160c,0x4bf918,
0x501610,0x4bf920,
0x501614,0x4bf928,
0x501618,0x4bf930,
0x50161c,0x4bf938,
0x501620,0x4bf940,
0x501624,0x4bf958,
0x501628,0x4bf968,
0x50162c,0x4bf970,
0x501630,0x4bf978,
0x501634,0x4bf980,
0x501638,0x4bf988,
0x50163c,0x4bf990,
0x501640,0x4bf998,
0x501644,0x4bf9a0,
0x501648,0x4bf9a8,
0x50164c,0x4bf9b8,
0x501650,0x4bf9c8,
0x501654,0x4bf9d8,
0x501658,0x4bf9e8,
0x50165c,0x4bfa00,
0x501660,0x4bfa10,
0x501664,0x4bfa20,
0x501668,0x4bfa30,
0x50166c,0x4bfa38,
0x501670,0x4bfa40,
0x501674,0x4bfa48,
0x501678,0x4bfa50,
0x50167c,0x4bfa58,
0x501680,0x4bfa60,
0x501684,0x4bfa68,
0x501688,0x4bfa70,
0x50168c,0x4bfa78,
0x501690,0x4bfa80,
0x501694,0x4bfa88,
0x501698,0x4bfa98,
0x50169c,0x4bfaa8,
0x5016a0,0x4bfab8,
0x5016a4,0x4bfac8,
0x5016a8,0x4bfae0,
0x5016ac,0x4bfaf0,
0x5016b0,0x4bfb00,
0x5016b4,0x4bfb10,
0x5016b8,0x4bfb28,
0x5016bc,0x4bfb30,
0x5016c0,0x4bfb40,
0x5016c4,0x4bfb50,
0x5016c8,0x4bfb60,
0x5016cc,0x4bfb70,
0x5016d0,0x4bfb80,
0x5016d4,0x4bfb98,
0x5016d8,0x4bfbb0,
0x5016dc,0x4bfbb8,
0x5016e0,0x4bfbc0,
0x5016e4,0x4bfbd0,
0x5016e8,0x4bfbd8,
0x5016ec,0x4bfbe0,
0x5016f0,0x4bfbe8,
0x5016f4,0x4bfbf0,
0x5016f8,0x4bfc00,
0x5016fc,0x4bfc10,
0x501700,0x4bfc20,
0x501704,0x4bfc30,
0x501708,0x4bfc48,
0x50170c,0x4bfc58,
0x501710,0x4bfc68,
0x501714,0x4bfc78,
0x501718,0x4bfc88,
0x50171c,0x4bfc98,
0x501720,0x4bfca0,
0x501724,0x4bfca8,
0x501728,0x4bfcb0,
0x50172c,0x4bfcb8,
0x501730,0x4bfcc8,
0x501734,0x4bf7c0,
0x501738,0x4bfcd8,
0x50173c,0x4bfce8,
0x501740,0x4bfd00,
0x501744,0x4bfd10,
0x501748,0x4bf7c0,
0x50174c,0x4bfd20,
0x501750,0x4bfd30,
0x501754,0x4bfd40,
0x501758,0x4bfd50,
0x50175c,0x4bfd60,
0x501760,0x4bfd70,
0x501764,0x4bf7c0,
0x501768,0x4bf7c0,
0x50176c,0x4bf7c0,
0x501770,0x4bf7c0,
